CustomerID,Recency,Frequency,Monetary,TotalItems,BulkCount,PreferredCategory,PreferredProduct,AvgBasketSize,BulkRatio,R_Score,F_Score,M_Score,RFM_Score,Log_Monetary,Segment,Segment_Name
1001,5,131,2752866.0,540.0,4,Foodstuff,Frozen Mackerel (1kg),4.122137404580153,0.030534351145038167,3,2,2,322,14.828153472024207,1,"Loyal (High F, High M)"
1002,3,850,19081080.0,3485.0,35,Foodstuff,Indomie (carton of 24 packs),4.1,0.041176470588235294,4,5,5,455,16.764207878564,0,"New & Infrequent (Low R, Low F, Low M)"
1003,1,375,8221309.0,1453.0,9,Foodstuff,Domestic Beer (0.5L bottle),3.8746666666666667,0.024,5,4,4,544,15.922240121731322,3,"Potential Loyal (Moderate F, Moderate M)"
1004,2,263,5336454.0,948.0,9,Foodstuff,Frozen Titus Fish (1kg),3.6045627376425857,0.034220532319391636,4,3,3,433,15.490072132807397,3,"Potential Loyal (Moderate F, Moderate M)"
1005,62,59,1191601.0,144.0,0,Foodstuff,Frozen Chicken (1kg),2.440677966101695,0.0,1,1,1,111,13.990809178235432,2,"At Risk (High R, Low F)"
1006,64,55,1475811.0,318.0,4,Foodstuff,Frozen Chicken (1kg),5.781818181818182,0.07272727272727272,1,1,2,112,14.204718904756433,2,"At Risk (High R, Low F)"
1007,6,63,1056379.0,173.0,1,Foodstuff,Milk (1 litre),2.746031746031746,0.015873015873015872,3,1,1,311,13.870358527003255,1,"Loyal (High F, High M)"
1008,4,552,13525614.0,1755.0,9,Foodstuff,Rice (50kg bag),3.1793478260869565,0.016304347826086956,3,5,5,355,16.42009585301238,0,"New & Infrequent (Low R, Low F, Low M)"
1009,3,273,6444509.0,944.0,8,Foodstuff,Frozen Mackerel (1kg),3.457875457875458,0.029304029304029304,4,3,4,434,15.678739163536529,3,"Potential Loyal (Moderate F, Moderate M)"
1010,1,433,10528203.0,1560.0,18,Foodstuff,Spaghetti (carton of 12 packs),3.602771362586605,0.04157043879907621,5,4,4,544,16.1695683092592,3,"Potential Loyal (Moderate F, Moderate M)"
1011,8,45,1047320.0,252.0,2,Beverages,Frozen Titus Fish (1kg),5.6,0.044444444444444446,2,1,1,211,13.861746033121365,1,"Loyal (High F, High M)"
1012,3,956,22960605.0,3782.0,26,Foodstuff,Beans (paint bucket),3.9560669456066946,0.027196652719665274,4,5,5,455,16.949290522795554,0,"New & Infrequent (Low R, Low F, Low M)"
1013,1,480,11736782.0,1953.0,17,Foodstuff,Spaghetti (carton of 12 packs),4.06875,0.035416666666666666,5,4,5,545,16.27823831437083,0,"New & Infrequent (Low R, Low F, Low M)"
1014,84,46,944456.0,173.0,4,Foodstuff,Frozen Mackerel (1kg),3.760869565217391,0.08695652173913043,1,1,1,111,13.758365438153607,2,"At Risk (High R, Low F)"
1015,10,62,1167009.0,165.0,0,Beverages,Golden Morn (45g sachet),2.661290322580645,0.0,2,1,1,211,13.96995548021227,1,"Loyal (High F, High M)"
1016,3,64,1710865.0,190.0,0,Foodstuff,Frozen Mackerel (1kg),2.96875,0.0,4,1,2,412,14.352510233033595,1,"Loyal (High F, High M)"
1017,11,107,1376694.0,278.0,2,Foodstuff,Coca-Cola (2L bottle),2.5981308411214954,0.018691588785046728,2,2,1,221,14.135196257171119,1,"Loyal (High F, High M)"
1018,1,216,4808215.0,917.0,8,Foodstuff,Domestic Beer (0.5L bottle),4.24537037037037,0.037037037037037035,5,3,3,533,15.38583667931287,3,"Potential Loyal (Moderate F, Moderate M)"
1019,16,144,2343387.0,589.0,9,Foodstuff,Indomie (carton of 24 packs),4.090277777777778,0.0625,1,2,2,122,14.667108303438381,1,"Loyal (High F, High M)"
1020,1,110,2516226.0,442.0,3,Foodstuff,Indomie (carton of 24 packs),4.0181818181818185,0.02727272727272727,5,2,2,522,14.738271115308173,1,"Loyal (High F, High M)"
1021,3,328,7355990.0,1278.0,9,Foodstuff,Indomie (carton of 24 packs),3.8963414634146343,0.027439024390243903,4,4,4,444,15.811025641214572,3,"Potential Loyal (Moderate F, Moderate M)"
1022,34,38,1241419.0,165.0,1,Foodstuff,Eggs (crate of 30),4.342105263157895,0.02631578947368421,1,1,1,111,14.031766443674508,1,"Loyal (High F, High M)"
1023,2,86,1533544.0,281.0,1,Foodstuff,Rice (1kg),3.2674418604651163,0.011627906976744186,4,2,2,422,14.24309260674235,1,"Loyal (High F, High M)"
1024,8,98,2238521.0,466.0,4,Foodstuff,Beef (1kg),4.755102040816326,0.04081632653061224,2,2,2,222,14.621326384624691,1,"Loyal (High F, High M)"
1025,18,185,4157172.0,656.0,3,Foodstuff,Frozen Chicken (1kg),3.545945945945946,0.016216216216216217,1,3,3,133,15.240345833919227,3,"Potential Loyal (Moderate F, Moderate M)"
1026,6,486,10475946.0,1798.0,14,Foodstuff,Spaghetti (carton of 12 packs),3.6995884773662553,0.02880658436213992,3,4,4,344,16.164592425414046,0,"New & Infrequent (Low R, Low F, Low M)"
1027,3,55,1425149.0,144.0,0,Foodstuff,Beans (paint bucket),2.618181818181818,0.0,4,1,1,411,14.169787629303006,1,"Loyal (High F, High M)"
1028,3,232,5261653.0,859.0,4,Foodstuff,Spaghetti (carton of 12 packs),3.7025862068965516,0.017241379310344827,4,3,3,433,15.475955983954472,3,"Potential Loyal (Moderate F, Moderate M)"
1029,6,249,5454961.0,1049.0,10,Foodstuff,Frozen Mackerel (1kg),4.21285140562249,0.040160642570281124,3,3,3,333,15.512036211138886,3,"Potential Loyal (Moderate F, Moderate M)"
1030,32,33,1062545.0,132.0,0,Foodstuff,Baby Formula (400g),4.0,0.0,1,1,1,111,13.876178472961193,1,"Loyal (High F, High M)"
1031,15,289,6067941.0,1342.0,11,Foodstuff,Beans (paint bucket),4.643598615916955,0.03806228373702422,2,4,4,244,15.618530061066052,3,"Potential Loyal (Moderate F, Moderate M)"
1032,32,52,583165.0,207.0,1,Foodstuff,Golden Morn (45g sachet),3.980769230769231,0.019230769230769232,1,1,1,111,13.276227158937349,1,"Loyal (High F, High M)"
1033,34,28,935418.0,189.0,2,Beverages,Red Table Wine (good quality),6.75,0.07142857142857142,1,1,1,111,13.748749836233552,1,"Loyal (High F, High M)"
1034,1,903,18342304.0,3571.0,30,Foodstuff,Indomie (carton of 24 packs),3.9545957918050942,0.03322259136212625,5,5,5,555,16.724720698465664,0,"New & Infrequent (Low R, Low F, Low M)"
1035,3,918,18690913.0,3925.0,31,Foodstuff,Rice (1kg),4.275599128540305,0.03376906318082789,4,5,5,455,16.743548081392795,0,"New & Infrequent (Low R, Low F, Low M)"
1036,4,438,10914323.0,1482.0,14,Foodstuff,Beef (1kg),3.3835616438356166,0.0319634703196347,3,4,5,345,16.205586612928688,3,"Potential Loyal (Moderate F, Moderate M)"
1037,24,111,3807736.0,490.0,6,Foodstuff,Frozen Mackerel (1kg),4.414414414414415,0.05405405405405406,1,2,3,123,15.152545607382237,1,"Loyal (High F, High M)"
1038,21,43,1249766.0,210.0,3,Foodstuff,Baby Diapers (bulk 92 pcs),4.883720930232558,0.06976744186046512,1,1,1,111,14.038467691903845,1,"Loyal (High F, High M)"
1039,2,324,6017444.0,975.0,8,Foodstuff,Garri (paint bucket),3.009259259259259,0.024691358024691357,4,4,4,444,15.610173308589285,3,"Potential Loyal (Moderate F, Moderate M)"
1040,7,206,4508737.0,637.0,5,Foodstuff,Beans (paint bucket),3.092233009708738,0.024271844660194174,2,3,3,233,15.3215278497048,3,"Potential Loyal (Moderate F, Moderate M)"
1041,16,53,912740.0,196.0,2,Foodstuff,Onions (1kg),3.69811320754717,0.03773584905660377,1,1,1,111,13.724207439157027,1,"Loyal (High F, High M)"
1042,5,292,6275717.0,1233.0,8,Foodstuff,Indomie (carton of 24 packs),4.222602739726027,0.0273972602739726,3,4,4,344,15.652198458747145,3,"Potential Loyal (Moderate F, Moderate M)"
1043,56,31,518444.0,85.0,0,Beverages,Cowbell Vitarich Cream (12g sachet),2.7419354838709675,0.0,1,1,1,111,13.158589225808374,2,"At Risk (High R, Low F)"
1044,3,746,18864009.0,2800.0,23,Foodstuff,Indomie (carton of 24 packs),3.753351206434316,0.030831099195710455,4,5,5,455,16.75276643186941,0,"New & Infrequent (Low R, Low F, Low M)"
1045,2,90,1588678.0,407.0,4,Foodstuff,Power Bank,4.522222222222222,0.044444444444444446,4,2,2,422,14.278413411266122,1,"Loyal (High F, High M)"
1046,7,315,5714817.0,1151.0,10,Foodstuff,Yam (medium tuber),3.653968253968254,0.031746031746031744,2,4,3,243,15.558573008684705,3,"Potential Loyal (Moderate F, Moderate M)"
1047,2,112,3111008.0,406.0,5,Foodstuff,Spaghetti (carton of 12 packs),3.625,0.044642857142857144,4,2,2,422,14.950457668836052,3,"Potential Loyal (Moderate F, Moderate M)"
1048,10,181,3614615.0,645.0,9,Foodstuff,Spaghetti (carton of 12 packs),3.56353591160221,0.049723756906077346,2,3,3,233,15.100496183866436,3,"Potential Loyal (Moderate F, Moderate M)"
1049,5,179,5162235.0,747.0,6,Foodstuff,Phone Case,4.173184357541899,0.0335195530726257,3,3,3,333,15.456880376929304,3,"Potential Loyal (Moderate F, Moderate M)"
1050,27,71,744596.0,246.0,4,Foodstuff,Beans (paint bucket),3.464788732394366,0.056338028169014086,1,2,1,121,13.520598411403773,1,"Loyal (High F, High M)"
1051,1,965,22753324.0,3919.0,31,Foodstuff,Garri (paint bucket),4.061139896373057,0.03212435233160622,5,5,5,555,16.940221846527955,0,"New & Infrequent (Low R, Low F, Low M)"
1052,1,481,11955099.0,1799.0,10,Foodstuff,Frozen Mackerel (1kg),3.74012474012474,0.02079002079002079,5,4,5,545,16.29666852354054,0,"New & Infrequent (Low R, Low F, Low M)"
1053,1,812,16220135.0,2931.0,23,Foodstuff,Indomie (carton of 24 packs),3.6096059113300494,0.02832512315270936,5,5,5,555,16.601763991326624,0,"New & Infrequent (Low R, Low F, Low M)"
1054,1,605,11292590.0,2034.0,13,Foodstuff,Coca-Cola (2L bottle),3.3619834710743803,0.021487603305785124,5,5,5,555,16.239657404924298,0,"New & Infrequent (Low R, Low F, Low M)"
1055,7,275,7104272.0,1168.0,8,Foodstuff,Indomie (carton of 24 packs),4.247272727272727,0.02909090909090909,2,4,4,244,15.77620699196982,3,"Potential Loyal (Moderate F, Moderate M)"
1056,1,779,18492068.0,2588.0,19,Foodstuff,Spaghetti (carton of 12 packs),3.3222079589216946,0.024390243902439025,5,5,5,555,16.732852495426574,0,"New & Infrequent (Low R, Low F, Low M)"
1057,1,49,1402318.0,132.0,0,Foodstuff,Coca-Cola (2L bottle),2.693877551020408,0.0,5,1,1,511,14.153637852792174,1,"Loyal (High F, High M)"
1058,8,59,900674.0,256.0,2,Foodstuff,Beans (paint bucket),4.338983050847458,0.03389830508474576,2,1,1,211,13.710899761196993,1,"Loyal (High F, High M)"
1059,24,49,852758.0,151.0,1,Foodstuff,Rice (1kg),3.0816326530612246,0.02040816326530612,1,1,1,111,13.656232254314908,1,"Loyal (High F, High M)"
1060,3,122,3650585.0,549.0,6,Foodstuff,Eggs (crate of 30),4.5,0.04918032786885246,4,2,3,423,15.110398260617437,3,"Potential Loyal (Moderate F, Moderate M)"
1061,10,146,3963304.0,478.0,4,Foodstuff,Power Bank,3.2739726027397262,0.0273972602739726,2,2,3,223,15.19258883110871,3,"Potential Loyal (Moderate F, Moderate M)"
1062,18,87,1933012.0,234.0,1,Foodstuff,Beans (paint bucket),2.689655172413793,0.011494252873563218,1,2,2,122,14.474590483465319,1,"Loyal (High F, High M)"
1063,6,549,10502580.0,2036.0,16,Foodstuff,Spaghetti (carton of 12 packs),3.70856102003643,0.029143897996357013,3,5,4,354,16.16713159444535,0,"New & Infrequent (Low R, Low F, Low M)"
1064,19,130,3530474.0,572.0,4,Foodstuff,Frozen Titus Fish (1kg),4.4,0.03076923076923077,1,2,3,123,15.076942980763489,1,"Loyal (High F, High M)"
1065,22,97,2488595.0,590.0,7,Foodstuff,Onions (1kg),6.082474226804123,0.07216494845360824,1,2,2,122,14.727229253992954,1,"Loyal (High F, High M)"
1066,3,218,4495626.0,713.0,6,Foodstuff,Red Table Wine (good quality),3.270642201834862,0.027522935779816515,4,3,3,433,15.318615704480623,3,"Potential Loyal (Moderate F, Moderate M)"
1067,29,51,892564.0,272.0,4,Beverages,Spaghetti (carton of 12 packs),5.333333333333333,0.0784313725490196,1,1,1,111,13.701854619115672,1,"Loyal (High F, High M)"
1068,1,482,11781059.0,1703.0,9,Foodstuff,Frozen Mackerel (1kg),3.533195020746888,0.01867219917012448,5,4,5,545,16.282003715161558,0,"New & Infrequent (Low R, Low F, Low M)"
1069,10,52,940933.0,161.0,2,Beverages,Indomie (carton of 24 packs),3.0961538461538463,0.038461538461538464,2,1,1,211,13.754628277956819,1,"Loyal (High F, High M)"
1070,1,954,19960484.0,3684.0,30,Foodstuff,Spaghetti (carton of 12 packs),3.861635220125786,0.031446540880503145,5,5,5,555,16.80926512714958,0,"New & Infrequent (Low R, Low F, Low M)"
1071,6,395,8887812.0,1483.0,13,Foodstuff,Frozen Titus Fish (1kg),3.7544303797468355,0.03291139240506329,3,4,4,344,16.000191570476307,3,"Potential Loyal (Moderate F, Moderate M)"
1072,20,56,1364050.0,210.0,2,Foodstuff,Onions (1kg),3.75,0.03571428571428571,1,1,1,111,14.12596950671588,1,"Loyal (High F, High M)"
1073,7,37,460127.0,127.0,3,Beverages,Spaghetti (carton of 12 packs),3.4324324324324325,0.08108108108108109,2,1,1,211,13.039259990627468,1,"Loyal (High F, High M)"
1074,1,573,12457498.0,2189.0,15,Foodstuff,Indomie (carton of 24 packs),3.8202443280977314,0.02617801047120419,5,5,5,555,16.337833328864765,0,"New & Infrequent (Low R, Low F, Low M)"
1075,3,349,6781695.0,1274.0,9,Foodstuff,Cowbell Vitarich Cream (12g sachet),3.650429799426934,0.025787965616045846,4,4,4,444,15.729737776127536,3,"Potential Loyal (Moderate F, Moderate M)"
1076,5,352,8135271.0,1278.0,13,Foodstuff,Frozen Chicken (1kg),3.6306818181818183,0.036931818181818184,3,4,4,344,15.91171973384767,3,"Potential Loyal (Moderate F, Moderate M)"
1077,1,500,9174524.0,1812.0,18,Foodstuff,Spaghetti (carton of 12 packs),3.624,0.036,5,5,4,554,16.03194117944757,0,"New & Infrequent (Low R, Low F, Low M)"
1078,7,34,1341380.0,190.0,1,Foodstuff,Rice (50kg bag),5.588235294117647,0.029411764705882353,2,1,1,211,14.109210238241511,1,"Loyal (High F, High M)"
1079,14,97,2064884.0,268.0,0,Foodstuff,Beans (paint bucket),2.7628865979381443,0.0,2,2,2,222,14.540585092753881,1,"Loyal (High F, High M)"
1080,53,22,603400.0,61.0,0,Foodstuff,Beans (paint bucket),2.772727272727273,0.0,1,1,1,111,13.310337262981164,2,"At Risk (High R, Low F)"
1081,3,590,10610779.0,1812.0,12,Foodstuff,Frozen Chicken (1kg),3.071186440677966,0.020338983050847456,4,5,4,454,16.1773810234394,0,"New & Infrequent (Low R, Low F, Low M)"
1082,2,274,7307622.0,1105.0,10,Foodstuff,Indomie (carton of 24 packs),4.032846715328467,0.0364963503649635,4,4,4,444,15.804428607847777,3,"Potential Loyal (Moderate F, Moderate M)"
1083,20,107,1567256.0,309.0,4,Foodstuff,Spaghetti (carton of 12 packs),2.8878504672897196,0.037383177570093455,1,2,2,122,14.264837515548317,1,"Loyal (High F, High M)"
1084,30,45,904897.0,238.0,4,Foodstuff,Yam (medium tuber),5.288888888888889,0.08888888888888889,1,1,1,111,13.715577509147812,1,"Loyal (High F, High M)"
1085,13,95,1303985.0,376.0,3,Beverages,Beans (paint bucket),3.957894736842105,0.031578947368421054,2,2,1,221,14.080936285214783,1,"Loyal (High F, High M)"
1086,3,93,2157181.0,272.0,2,Foodstuff,Domestic Beer (0.5L bottle),2.924731182795699,0.021505376344086023,4,2,2,422,14.584313298260572,1,"Loyal (High F, High M)"
1087,2,411,9391009.0,1719.0,11,Foodstuff,Cowbell Vitarich Cream (12g sachet),4.182481751824818,0.0267639902676399,4,4,4,444,16.055263406635508,3,"Potential Loyal (Moderate F, Moderate M)"
1088,8,352,8265714.0,1231.0,8,Foodstuff,Indomie (carton of 24 packs),3.497159090909091,0.022727272727272728,2,4,4,244,15.927626794872431,3,"Potential Loyal (Moderate F, Moderate M)"
1089,1,631,16141822.0,2769.0,25,Foodstuff,Spaghetti (carton of 12 packs),4.3882725832012675,0.039619651347068144,5,5,5,555,16.596924163622344,0,"New & Infrequent (Low R, Low F, Low M)"
1090,1,191,3777642.0,667.0,7,Foodstuff,Frozen Titus Fish (1kg),3.492146596858639,0.03664921465968586,5,3,3,533,15.144610828137207,3,"Potential Loyal (Moderate F, Moderate M)"
1091,30,57,1288681.0,336.0,3,Foodstuff,Palm Oil (75cl bottle),5.894736842105263,0.05263157894736842,1,1,1,111,14.069130548614723,1,"Loyal (High F, High M)"
1092,5,374,6811341.0,1414.0,11,Foodstuff,Baby Wipes,3.7807486631016043,0.029411764705882353,3,4,4,344,15.734099721853742,3,"Potential Loyal (Moderate F, Moderate M)"
1093,2,421,10316034.0,1410.0,5,Foodstuff,Garri (paint bucket),3.34916864608076,0.011876484560570071,4,4,4,444,16.14921003876552,3,"Potential Loyal (Moderate F, Moderate M)"
1094,1,270,6047849.0,966.0,5,Foodstuff,Rice (50kg bag),3.577777777777778,0.018518518518518517,5,3,4,534,15.61521339494664,3,"Potential Loyal (Moderate F, Moderate M)"
1095,2,443,11780778.0,1819.0,18,Foodstuff,Indomie (carton of 24 packs),4.106094808126411,0.040632054176072234,4,4,5,445,16.281979863033545,0,"New & Infrequent (Low R, Low F, Low M)"
1096,2,210,5057084.0,829.0,7,Foodstuff,Rice (50kg bag),3.947619047619048,0.03333333333333333,4,3,3,433,15.436300788305278,3,"Potential Loyal (Moderate F, Moderate M)"
1097,4,196,4778880.0,1126.0,8,Foodstuff,Coca-Cola (2L bottle),5.744897959183674,0.04081632653061224,3,3,3,333,15.379716976643449,3,"Potential Loyal (Moderate F, Moderate M)"
1098,7,157,2720229.0,664.0,5,Foodstuff,Rice (1kg),4.229299363057325,0.03184713375796178,2,3,2,232,14.816226993520814,1,"Loyal (High F, High M)"
1099,21,33,1115535.0,170.0,1,Foodstuff,Rice (50kg bag),5.151515151515151,0.030303030303030304,1,1,1,111,13.92484556485751,1,"Loyal (High F, High M)"
1100,7,34,762958.0,84.0,0,Foodstuff,Beans (paint bucket),2.4705882352941178,0.0,2,1,1,211,13.544959573567233,1,"Loyal (High F, High M)"
1101,41,47,1113731.0,159.0,3,Foodstuff,Salt (big size),3.382978723404255,0.06382978723404255,1,1,1,111,13.923227096020394,2,"At Risk (High R, Low F)"
1102,4,289,6317150.0,850.0,5,Foodstuff,Indomie (carton of 24 packs),2.9411764705882355,0.01730103806228374,3,4,4,344,15.658778873346929,3,"Potential Loyal (Moderate F, Moderate M)"
1103,1,97,1521029.0,325.0,1,Foodstuff,Frozen Chicken Laps,3.350515463917526,0.010309278350515464,5,2,2,522,14.234898294912794,1,"Loyal (High F, High M)"
1104,5,214,4917210.0,1019.0,7,Foodstuff,Eggs (crate of 30),4.761682242990654,0.03271028037383177,3,3,3,333,15.408252057818293,3,"Potential Loyal (Moderate F, Moderate M)"
1105,2,659,14438904.0,2502.0,15,Foodstuff,Indomie (carton of 24 packs),3.7966616084977236,0.02276176024279211,4,5,5,455,16.485436857528708,0,"New & Infrequent (Low R, Low F, Low M)"
1106,2,102,2565508.0,368.0,3,Foodstuff,Baby Formula (400g),3.607843137254902,0.029411764705882353,4,2,2,422,14.757667457446095,1,"Loyal (High F, High M)"
1107,6,174,5456481.0,697.0,4,Foodstuff,Beef (1kg),4.005747126436781,0.022988505747126436,3,3,3,333,15.512314817711918,3,"Potential Loyal (Moderate F, Moderate M)"
1108,19,360,7287541.0,1334.0,13,Foodstuff,Indomie (carton of 24 packs),3.7055555555555557,0.03611111111111111,1,4,4,144,15.801676872917588,3,"Potential Loyal (Moderate F, Moderate M)"
1109,9,119,3312044.0,600.0,5,Foodstuff,Yam (medium tuber),5.042016806722689,0.04201680672268908,2,2,2,222,15.013076381351507,3,"Potential Loyal (Moderate F, Moderate M)"
1110,8,42,704789.0,129.0,0,Foodstuff,Beef (1kg),3.0714285714285716,0.0,2,1,1,211,13.465655165081202,1,"Loyal (High F, High M)"
1111,31,74,1630644.0,194.0,0,Foodstuff,Frozen Mackerel (1kg),2.6216216216216215,0.0,1,2,2,122,14.304486200033635,1,"Loyal (High F, High M)"
1112,63,58,2731429.0,314.0,3,Foodstuff,Baby Diapers (bulk 92 pcs),5.413793103448276,0.05172413793103448,1,1,2,112,14.820335839544631,2,"At Risk (High R, Low F)"
1113,3,782,16093215.0,3597.0,39,Foodstuff,Spaghetti (carton of 12 packs),4.599744245524296,0.049872122762148335,4,5,5,455,16.59390837469527,0,"New & Infrequent (Low R, Low F, Low M)"
1114,5,467,10667465.0,1845.0,13,Foodstuff,Indomie (carton of 24 packs),3.9507494646680943,0.027837259100642397,3,4,4,344,16.182709106788217,0,"New & Infrequent (Low R, Low F, Low M)"
1115,1,311,7919542.0,1204.0,10,Foodstuff,Beans (paint bucket),3.8713826366559485,0.03215434083601286,5,4,4,544,15.88484406010558,3,"Potential Loyal (Moderate F, Moderate M)"
1116,1,592,13420979.0,2513.0,18,Foodstuff,Indomie (carton of 24 packs),4.2449324324324325,0.030405405405405407,5,5,5,555,16.41232971217691,0,"New & Infrequent (Low R, Low F, Low M)"
1117,2,415,9499203.0,1702.0,14,Foodstuff,Spaghetti (carton of 12 packs),4.1012048192771084,0.033734939759036145,4,4,4,444,16.06671856358655,3,"Potential Loyal (Moderate F, Moderate M)"
1118,26,64,1681001.0,305.0,2,Foodstuff,Eggs (crate of 30),4.765625,0.03125,1,1,2,112,14.33490060215804,1,"Loyal (High F, High M)"
1119,1,673,14637940.0,2801.0,22,Foodstuff,Rice (1kg),4.161961367013373,0.03268945022288262,5,5,5,555,16.499127414529912,0,"New & Infrequent (Low R, Low F, Low M)"
1120,1,219,5381049.0,935.0,7,Foodstuff,Indomie (carton of 24 packs),4.269406392694064,0.0319634703196347,5,3,3,533,15.498394080381555,3,"Potential Loyal (Moderate F, Moderate M)"
1121,2,500,11564155.0,1899.0,10,Foodstuff,Indomie (carton of 24 packs),3.798,0.02,4,5,5,455,16.263420872169203,0,"New & Infrequent (Low R, Low F, Low M)"
1122,3,636,13069348.0,1982.0,12,Foodstuff,Frozen Titus Fish (1kg),3.1163522012578615,0.018867924528301886,4,5,5,455,16.385780275637643,0,"New & Infrequent (Low R, Low F, Low M)"
1123,10,130,2605754.0,451.0,5,Foodstuff,Onions (1kg),3.4692307692307693,0.038461538461538464,2,2,2,222,14.773233018433077,1,"Loyal (High F, High M)"
1124,39,39,566452.0,112.0,0,Foodstuff,Power Bank,2.871794871794872,0.0,1,1,1,111,13.247149390430254,2,"At Risk (High R, Low F)"
1125,1,69,1976085.0,352.0,2,Foodstuff,Baby Diapers (bulk 92 pcs),5.101449275362318,0.028985507246376812,5,2,2,522,14.49662867861009,1,"Loyal (High F, High M)"
1126,9,145,3937682.0,641.0,6,Foodstuff,Domestic Beer (0.5L bottle),4.4206896551724135,0.041379310344827586,2,2,3,223,15.186103037226516,3,"Potential Loyal (Moderate F, Moderate M)"
1127,3,553,10352966.0,2103.0,15,Foodstuff,Onions (1kg),3.8028933092224233,0.027124773960216998,4,5,4,454,16.15278370326128,0,"New & Infrequent (Low R, Low F, Low M)"
1128,6,560,13323019.0,2434.0,22,Foodstuff,Spaghetti (carton of 12 packs),4.3464285714285715,0.039285714285714285,3,5,5,355,16.405003924104623,0,"New & Infrequent (Low R, Low F, Low M)"
1129,19,53,1370135.0,272.0,2,Foodstuff,Beef (1kg),5.132075471698113,0.03773584905660377,1,1,1,111,14.130420562950352,1,"Loyal (High F, High M)"
1130,10,222,5809239.0,1037.0,9,Foodstuff,Spaghetti (carton of 12 packs),4.671171171171171,0.04054054054054054,2,3,3,233,15.574960311321771,3,"Potential Loyal (Moderate F, Moderate M)"
1131,1,148,4097310.0,583.0,4,Foodstuff,Spaghetti (carton of 12 packs),3.939189189189189,0.02702702702702703,5,2,3,523,15.225841462849905,3,"Potential Loyal (Moderate F, Moderate M)"
1132,50,85,2820635.0,336.0,3,Foodstuff,Frozen Chicken (1kg),3.9529411764705884,0.03529411764705882,1,2,2,122,14.85247294940069,2,"At Risk (High R, Low F)"
1133,21,57,687978.0,179.0,2,Foodstuff,Beef (1kg),3.1403508771929824,0.03508771929824561,1,1,1,111,13.441513593193823,1,"Loyal (High F, High M)"
1134,9,89,2145553.0,365.0,3,Foodstuff,Garri (paint bucket),4.101123595505618,0.033707865168539325,2,2,2,222,14.578908352055269,1,"Loyal (High F, High M)"
1135,1,881,19590656.0,3074.0,22,Foodstuff,Spaghetti (carton of 12 packs),3.489216799091941,0.024971623155505107,5,5,5,555,16.790563326877496,0,"New & Infrequent (Low R, Low F, Low M)"
1136,3,134,2565504.0,523.0,5,Foodstuff,Frozen Mackerel (1kg),3.9029850746268657,0.03731343283582089,4,2,2,422,14.757665898300086,1,"Loyal (High F, High M)"
1137,15,219,3989162.0,799.0,5,Foodstuff,Cowbell Vitarich Cream (12g sachet),3.6484018264840183,0.0228310502283105,2,3,3,233,15.199091992424222,3,"Potential Loyal (Moderate F, Moderate M)"
1138,7,344,7682232.0,1671.0,16,Foodstuff,Garri (paint bucket),4.857558139534884,0.046511627906976744,2,4,4,244,15.854420818071084,3,"Potential Loyal (Moderate F, Moderate M)"
1139,1,127,1795517.0,357.0,3,Foodstuff,Onions (1kg),2.811023622047244,0.023622047244094488,5,2,2,522,14.40080411766068,1,"Loyal (High F, High M)"
1140,1,811,18544216.0,3270.0,30,Foodstuff,Spaghetti (carton of 12 packs),4.032059186189889,0.036991368680641186,5,5,5,555,16.73566854639139,0,"New & Infrequent (Low R, Low F, Low M)"
1141,3,974,22477706.0,4169.0,38,Foodstuff,Spaghetti (carton of 12 packs),4.280287474332649,0.039014373716632446,4,5,5,455,16.92803457600787,0,"New & Infrequent (Low R, Low F, Low M)"
1142,28,127,3961134.0,668.0,5,Foodstuff,Baby Diapers (bulk 92 pcs),5.25984251968504,0.03937007874015748,1,2,3,123,15.192041158325715,1,"Loyal (High F, High M)"
1143,11,234,5759725.0,780.0,6,Foodstuff,Yam (medium tuber),3.3333333333333335,0.02564102564102564,2,3,3,233,15.566400462096167,3,"Potential Loyal (Moderate F, Moderate M)"
1144,3,77,2363895.0,322.0,2,Foodstuff,Frozen Mackerel (1kg),4.181818181818182,0.025974025974025976,4,2,2,422,14.675821663308584,1,"Loyal (High F, High M)"
1145,21,136,3305756.0,568.0,5,Foodstuff,Eggs (crate of 30),4.176470588235294,0.03676470588235294,1,2,2,122,15.011176051939326,1,"Loyal (High F, High M)"
1146,1,54,644338.0,136.0,1,Foodstuff,Baby Wipes,2.5185185185185186,0.018518518518518517,5,1,1,511,13.375980264103449,1,"Loyal (High F, High M)"
1147,6,256,5442180.0,1091.0,9,Foodstuff,Frozen Chicken (1kg),4.26171875,0.03515625,3,3,3,333,15.509690457603178,3,"Potential Loyal (Moderate F, Moderate M)"
1148,4,200,4570065.0,779.0,5,Foodstuff,Frozen Chicken Laps,3.895,0.025,3,3,3,333,15.33503820477923,3,"Potential Loyal (Moderate F, Moderate M)"
1149,40,33,399126.0,84.0,0,Foodstuff,Frozen Titus Fish (1kg),2.5454545454545454,0.0,1,1,1,111,12.897034940966007,2,"At Risk (High R, Low F)"
1150,2,105,1631055.0,325.0,1,Foodstuff,Frozen Chicken (1kg),3.0952380952380953,0.009523809523809525,4,2,2,422,14.304738215777675,1,"Loyal (High F, High M)"
1151,1,794,19941431.0,3244.0,24,Foodstuff,Indomie (carton of 24 packs),4.085642317380352,0.030226700251889168,5,5,5,555,16.8083101353657,0,"New & Infrequent (Low R, Low F, Low M)"
1152,7,82,2716009.0,270.0,3,Foodstuff,Beans (paint bucket),3.292682926829268,0.036585365853658534,2,2,2,222,14.814674449539071,1,"Loyal (High F, High M)"
1153,54,53,907034.0,162.0,0,Foodstuff,Milk (1 litre),3.056603773584906,0.0,1,1,1,111,13.717936317106881,2,"At Risk (High R, Low F)"
1154,5,230,5538382.0,932.0,9,Foodstuff,Screen Protector,4.052173913043478,0.0391304347826087,3,3,3,333,15.527213138862692,3,"Potential Loyal (Moderate F, Moderate M)"
1155,3,854,17747821.0,2984.0,22,Foodstuff,Indomie (carton of 24 packs),3.4941451990632317,0.02576112412177986,4,5,5,455,16.691773362131567,0,"New & Infrequent (Low R, Low F, Low M)"
1156,78,68,1811973.0,320.0,2,Foodstuff,Indomie (carton of 24 packs),4.705882352941177,0.029411764705882353,1,2,2,122,14.409927416696245,2,"At Risk (High R, Low F)"
1157,1,301,8425122.0,1264.0,14,Foodstuff,Eggs (crate of 30),4.1993355481727574,0.046511627906976744,5,4,4,544,15.946728633502657,3,"Potential Loyal (Moderate F, Moderate M)"
1158,2,393,9195528.0,1664.0,14,Foodstuff,Frozen Chicken (1kg),4.234096692111959,0.035623409669211195,4,4,4,444,16.03422794563269,3,"Potential Loyal (Moderate F, Moderate M)"
1159,1,98,1590217.0,518.0,6,Foodstuff,Beef (1kg),5.285714285714286,0.061224489795918366,5,2,2,522,14.279381671716358,1,"Loyal (High F, High M)"
1160,3,374,8949271.0,1819.0,15,Foodstuff,Garri (paint bucket),4.863636363636363,0.040106951871657755,4,4,4,444,16.007082746160574,3,"Potential Loyal (Moderate F, Moderate M)"
1161,15,152,2020719.0,652.0,6,Foodstuff,Indomie (carton of 24 packs),4.2894736842105265,0.039473684210526314,2,3,2,232,14.518964441512859,1,"Loyal (High F, High M)"
1162,5,289,5620785.0,840.0,1,Foodstuff,Milk (1 litre),2.906574394463668,0.0034602076124567475,3,4,3,343,15.54198206974195,3,"Potential Loyal (Moderate F, Moderate M)"
1163,15,260,4749346.0,830.0,6,Foodstuff,Rice (1kg),3.1923076923076925,0.023076923076923078,2,3,3,233,15.37351769287624,3,"Potential Loyal (Moderate F, Moderate M)"
1164,3,259,6065963.0,797.0,5,Foodstuff,Indomie (carton of 24 packs),3.077220077220077,0.019305019305019305,4,3,4,434,15.618204032494953,3,"Potential Loyal (Moderate F, Moderate M)"
1165,11,49,1210598.0,247.0,2,Foodstuff,Indomie (carton of 24 packs),5.040816326530612,0.04081632653061224,2,1,1,211,14.006625836402707,1,"Loyal (High F, High M)"
1166,1,574,12063816.0,2123.0,14,Foodstuff,Eggs (crate of 30),3.6986062717770034,0.024390243902439025,5,5,5,555,16.30572120001668,0,"New & Infrequent (Low R, Low F, Low M)"
1167,14,90,1553024.0,366.0,2,Foodstuff,Cowbell Vitarich Cream (12g sachet),4.066666666666666,0.022222222222222223,2,2,2,222,14.255715199876335,1,"Loyal (High F, High M)"
1168,8,70,1754025.0,426.0,5,Beverages,Frozen Chicken (1kg),6.085714285714285,0.07142857142857142,2,2,2,222,14.37742427506552,1,"Loyal (High F, High M)"
1169,30,48,1620834.0,205.0,1,Beverages,Coca-Cola (2L bottle),4.270833333333333,0.020833333333333332,1,1,2,112,14.298452006517836,1,"Loyal (High F, High M)"
1170,2,275,7781900.0,1077.0,5,Foodstuff,Spaghetti (carton of 12 packs),3.9163636363636365,0.01818181818181818,4,4,4,444,15.867311210780333,3,"Potential Loyal (Moderate F, Moderate M)"
1171,1,336,9746908.0,1588.0,13,Foodstuff,Baby Diapers (bulk 92 pcs),4.726190476190476,0.03869047619047619,5,4,4,544,16.092460767069753,3,"Potential Loyal (Moderate F, Moderate M)"
1172,20,52,1267436.0,183.0,1,Beverages,Baby Wipes,3.519230769230769,0.019230769230769232,1,1,1,111,14.052507309070172,1,"Loyal (High F, High M)"
1173,16,207,3870371.0,748.0,7,Foodstuff,Indomie (carton of 24 packs),3.6135265700483092,0.033816425120772944,1,3,3,133,15.168861184417354,3,"Potential Loyal (Moderate F, Moderate M)"
1174,15,70,909319.0,221.0,3,Foodstuff,Spaghetti (carton of 12 packs),3.157142857142857,0.04285714285714286,2,2,1,221,13.720452346413282,1,"Loyal (High F, High M)"
1175,10,319,7262549.0,1167.0,9,Foodstuff,Spaghetti (carton of 12 packs),3.658307210031348,0.02821316614420063,2,4,4,244,15.798241564800188,3,"Potential Loyal (Moderate F, Moderate M)"
1176,3,74,1572884.0,244.0,2,Foodstuff,Frozen Chicken (1kg),3.2972972972972974,0.02702702702702703,4,2,2,422,14.26842207065837,1,"Loyal (High F, High M)"
1177,16,388,7619106.0,1514.0,10,Foodstuff,Spaghetti (carton of 12 packs),3.902061855670103,0.02577319587628866,1,4,4,144,15.846169729194306,3,"Potential Loyal (Moderate F, Moderate M)"
1178,25,120,3247510.0,571.0,5,Foodstuff,Bread (500g loaf),4.758333333333334,0.041666666666666664,1,2,2,122,14.993399414742095,1,"Loyal (High F, High M)"
1179,3,763,16052115.0,2985.0,21,Foodstuff,Spaghetti (carton of 12 packs),3.9121887287024903,0.027522935779816515,4,5,5,455,16.591351236856664,0,"New & Infrequent (Low R, Low F, Low M)"
1180,20,60,1610497.0,182.0,1,Beverages,Golden Morn (45g sachet),3.033333333333333,0.016666666666666666,1,1,2,112,14.292054005902262,1,"Loyal (High F, High M)"
1181,7,80,1421511.0,288.0,5,Foodstuff,Frozen Mackerel (1kg),3.6,0.0625,2,2,1,221,14.167231651824405,1,"Loyal (High F, High M)"
1182,1,48,1534241.0,240.0,1,Foodstuff,Domestic Beer (0.5L bottle),5.0,0.020833333333333332,5,1,2,512,14.243547005963674,1,"Loyal (High F, High M)"
1183,1,835,18096035.0,3196.0,21,Foodstuff,Indomie (carton of 24 packs),3.8275449101796406,0.025149700598802394,5,5,5,555,16.71120346672598,0,"New & Infrequent (Low R, Low F, Low M)"
1184,8,612,14224716.0,2533.0,14,Foodstuff,Onions (1kg),4.138888888888889,0.02287581699346405,2,5,5,255,16.470491643226925,0,"New & Infrequent (Low R, Low F, Low M)"
1185,67,80,2116891.0,414.0,3,Foodstuff,Baby Formula (400g),5.175,0.0375,1,2,2,122,14.565459533227566,2,"At Risk (High R, Low F)"
1186,10,354,7886789.0,1786.0,13,Foodstuff,Spaghetti (carton of 12 packs),5.045197740112994,0.03672316384180791,2,4,4,244,15.880699765932075,3,"Potential Loyal (Moderate F, Moderate M)"
1187,10,512,10120314.0,1607.0,11,Foodstuff,Yam (medium tuber),3.138671875,0.021484375,2,5,4,254,16.130055347821386,0,"New & Infrequent (Low R, Low F, Low M)"
1188,7,225,4282537.0,1013.0,6,Foodstuff,Coca-Cola (2L bottle),4.502222222222223,0.02666666666666667,2,3,3,233,15.270056382462702,3,"Potential Loyal (Moderate F, Moderate M)"
1189,13,213,4869149.0,674.0,3,Foodstuff,Eggs (crate of 30),3.164319248826291,0.014084507042253521,2,3,3,233,15.398429941837566,3,"Potential Loyal (Moderate F, Moderate M)"
1190,22,98,2481572.0,360.0,4,Foodstuff,Beef (1kg),3.673469387755102,0.04081632653061224,1,2,2,122,14.724403191267854,1,"Loyal (High F, High M)"
1191,82,54,1052004.0,309.0,4,Foodstuff,Women's Dress,5.722222222222222,0.07407407407407407,1,1,1,111,13.866208425120208,2,"At Risk (High R, Low F)"
1192,1,645,14739510.0,2973.0,25,Foodstuff,Eggs (crate of 30),4.609302325581395,0.03875968992248062,5,5,5,555,16.50604226914124,0,"New & Infrequent (Low R, Low F, Low M)"
1193,2,722,16941673.0,3130.0,26,Foodstuff,Rice (1kg),4.335180055401662,0.036011080332409975,4,5,5,455,16.645287061668327,0,"New & Infrequent (Low R, Low F, Low M)"
1194,1,286,7529351.0,910.0,4,Foodstuff,Indomie (carton of 24 packs),3.1818181818181817,0.013986013986013986,5,4,4,544,15.834319540296173,3,"Potential Loyal (Moderate F, Moderate M)"
1195,4,120,2732792.0,567.0,5,Foodstuff,Beef (1kg),4.725,0.041666666666666664,3,2,2,322,14.820834721097697,1,"Loyal (High F, High M)"
1196,1,130,3080122.0,415.0,3,Foodstuff,Spaghetti (carton of 12 packs),3.1923076923076925,0.023076923076923078,5,2,2,522,14.940480089217308,3,"Potential Loyal (Moderate F, Moderate M)"
1197,4,365,7334584.0,1602.0,17,Foodstuff,Frozen Titus Fish (1kg),4.389041095890411,0.04657534246575343,3,4,4,344,15.808111389908177,3,"Potential Loyal (Moderate F, Moderate M)"
1198,6,718,19112915.0,2792.0,20,Foodstuff,Rice (50kg bag),3.8885793871866294,0.027855153203342618,3,5,5,355,16.76587489484262,0,"New & Infrequent (Low R, Low F, Low M)"
1199,1,667,15207479.0,2429.0,13,Foodstuff,Beans (paint bucket),3.6416791604197902,0.019490254872563718,5,5,5,555,16.537297970035578,0,"New & Infrequent (Low R, Low F, Low M)"
1200,1,379,8011791.0,1660.0,14,Foodstuff,Onions (1kg),4.379947229551451,0.036939313984168866,5,4,4,544,15.89642501437244,3,"Potential Loyal (Moderate F, Moderate M)"
1201,8,325,7241844.0,1497.0,15,Foodstuff,Phone Charger,4.6061538461538465,0.046153846153846156,2,4,4,244,15.79538656615131,3,"Potential Loyal (Moderate F, Moderate M)"
1202,5,65,1412994.0,246.0,3,Foodstuff,Indomie (carton of 24 packs),3.7846153846153845,0.046153846153846156,3,2,1,321,14.161222123089987,1,"Loyal (High F, High M)"
1203,10,31,449238.0,74.0,1,Foodstuff,Frozen Chicken (1kg),2.3870967741935485,0.03225806451612903,2,1,1,211,13.015310319092837,1,"Loyal (High F, High M)"
1204,2,708,14525826.0,2705.0,23,Foodstuff,Indomie (carton of 24 packs),3.8206214689265536,0.03248587570621469,4,5,5,455,16.491438795398135,0,"New & Infrequent (Low R, Low F, Low M)"
1205,6,289,5746390.0,929.0,3,Foodstuff,Rice (1kg),3.2145328719723185,0.010380622837370242,3,4,3,343,15.564082563543534,3,"Potential Loyal (Moderate F, Moderate M)"
1206,14,39,958908.0,128.0,1,Beverages,Indomie (carton of 24 packs),3.282051282051282,0.02564102564102564,2,1,1,211,13.773551458852237,1,"Loyal (High F, High M)"
1207,3,32,1636575.0,195.0,1,Foodstuff,Frozen Mackerel (1kg),6.09375,0.03125,4,1,2,412,14.308116812419438,1,"Loyal (High F, High M)"
1208,1,277,5350948.0,977.0,10,Foodstuff,Indomie (carton of 24 packs),3.527075812274368,0.036101083032490974,5,4,3,543,15.492784486319223,3,"Potential Loyal (Moderate F, Moderate M)"
1209,6,31,715859.0,129.0,1,Foodstuff,Indomie (carton of 24 packs),4.161290322580645,0.03225806451612903,3,1,1,311,13.4812398960979,1,"Loyal (High F, High M)"
1210,1,55,1623342.0,166.0,0,Foodstuff,Rice (1kg),3.018181818181818,0.0,5,1,2,512,14.299998161198396,1,"Loyal (High F, High M)"
1211,9,244,4113389.0,786.0,1,Foodstuff,Rice (1kg),3.221311475409836,0.004098360655737705,2,3,3,233,15.229758064015629,3,"Potential Loyal (Moderate F, Moderate M)"
1212,5,314,7125180.0,1058.0,8,Foodstuff,Beans (paint bucket),3.3694267515923566,0.025477707006369428,3,4,4,344,15.779145687305096,3,"Potential Loyal (Moderate F, Moderate M)"
1213,1,364,6448814.0,1473.0,15,Foodstuff,Screen Protector,4.0467032967032965,0.04120879120879121,5,4,4,544,15.679406950962965,3,"Potential Loyal (Moderate F, Moderate M)"
1214,28,88,1836753.0,424.0,3,Foodstuff,Yam (medium tuber),4.818181818181818,0.03409090909090909,1,2,2,122,14.423510441239783,1,"Loyal (High F, High M)"
1215,13,333,8222126.0,1344.0,16,Foodstuff,Spaghetti (carton of 12 packs),4.036036036036036,0.04804804804804805,2,4,4,244,15.922339492684083,3,"Potential Loyal (Moderate F, Moderate M)"
1216,7,83,1991147.0,356.0,2,Foodstuff,Phone Charger,4.289156626506024,0.024096385542168676,2,2,2,222,14.504221914788936,1,"Loyal (High F, High M)"
1217,1,144,2868082.0,527.0,5,Foodstuff,Domestic Beer (0.5L bottle),3.6597222222222223,0.034722222222222224,5,2,2,522,14.869154420310787,3,"Potential Loyal (Moderate F, Moderate M)"
1218,1,412,7356794.0,1669.0,10,Foodstuff,Spaghetti (carton of 12 packs),4.050970873786408,0.024271844660194174,5,4,4,544,15.811134933907445,3,"Potential Loyal (Moderate F, Moderate M)"
1219,7,290,6271451.0,1010.0,8,Foodstuff,Beans (paint bucket),3.4827586206896552,0.027586206896551724,2,4,4,244,15.651518464746207,3,"Potential Loyal (Moderate F, Moderate M)"
1220,1,552,13645540.0,2458.0,17,Foodstuff,Bread (500g loaf),4.452898550724638,0.030797101449275364,5,5,5,555,16.4289233595614,0,"New & Infrequent (Low R, Low F, Low M)"
1221,12,318,6697957.0,1278.0,15,Foodstuff,Indomie (carton of 24 packs),4.018867924528302,0.04716981132075472,2,4,4,244,15.717313261788112,3,"Potential Loyal (Moderate F, Moderate M)"
1222,1,224,5157489.0,703.0,5,Foodstuff,Indomie (carton of 24 packs),3.138392857142857,0.022321428571428572,5,3,3,533,15.455960585001767,3,"Potential Loyal (Moderate F, Moderate M)"
1223,49,50,845471.0,247.0,1,Foodstuff,Garri (paint bucket),4.94,0.02,1,1,1,111,13.647650330273295,2,"At Risk (High R, Low F)"
1224,11,128,2634587.0,668.0,6,Foodstuff,Beef (1kg),5.21875,0.046875,2,2,2,222,14.784237370996369,1,"Loyal (High F, High M)"
1225,21,96,1210979.0,311.0,1,Foodstuff,Bread (500g loaf),3.2395833333333335,0.010416666666666666,1,2,1,121,14.00694050712222,1,"Loyal (High F, High M)"
1226,11,87,2229473.0,309.0,4,Beverages,Spaghetti (carton of 12 packs),3.5517241379310347,0.04597701149425287,2,2,2,222,14.617276241174089,1,"Loyal (High F, High M)"
1227,2,851,23868960.0,3389.0,27,Foodstuff,Indomie (carton of 24 packs),3.982373678025852,0.03172737955346651,4,5,5,455,16.988089469927363,0,"New & Infrequent (Low R, Low F, Low M)"
1228,11,131,1962442.0,462.0,3,Foodstuff,Baby Formula (400g),3.5267175572519083,0.022900763358778626,2,2,2,222,14.489700683630911,1,"Loyal (High F, High M)"
1229,2,679,16928711.0,2774.0,26,Foodstuff,Frozen Mackerel (1kg),4.085419734904271,0.03829160530191458,4,5,5,455,16.644521673247137,0,"New & Infrequent (Low R, Low F, Low M)"
1230,1,306,6787173.0,1242.0,11,Foodstuff,Garri (paint bucket),4.0588235294117645,0.03594771241830065,5,4,4,544,15.730545212604946,3,"Potential Loyal (Moderate F, Moderate M)"
1231,1,461,10582482.0,1738.0,11,Foodstuff,Cowbell Vitarich Cream (12g sachet),3.770065075921909,0.02386117136659436,5,4,4,544,16.174710644950224,0,"New & Infrequent (Low R, Low F, Low M)"
1232,8,219,5144527.0,846.0,4,Foodstuff,Tomatoes (1kg),3.863013698630137,0.0182648401826484,2,3,3,233,15.453444183488992,3,"Potential Loyal (Moderate F, Moderate M)"
1233,9,284,5526793.0,1149.0,13,Foodstuff,Spaghetti (carton of 12 packs),4.045774647887324,0.045774647887323945,2,4,3,243,15.525118458544897,3,"Potential Loyal (Moderate F, Moderate M)"
1234,12,206,4717977.0,804.0,5,Foodstuff,Bread (500g loaf),3.9029126213592233,0.024271844660194174,2,3,3,233,15.366890875946092,3,"Potential Loyal (Moderate F, Moderate M)"
1235,10,78,2253617.0,457.0,3,Foodstuff,Frozen Mackerel (1kg),5.858974358974359,0.038461538461538464,2,2,2,222,14.62804748273285,1,"Loyal (High F, High M)"
1236,4,394,6772235.0,1356.0,9,Foodstuff,Indomie (carton of 24 packs),3.4416243654822334,0.02284263959390863,3,4,4,344,15.728341871007737,3,"Potential Loyal (Moderate F, Moderate M)"
1237,22,134,3425557.0,633.0,5,Foodstuff,Eggs (crate of 30),4.723880597014926,0.03731343283582089,1,2,3,123,15.046774936116517,1,"Loyal (High F, High M)"
1238,1,45,377054.0,140.0,2,Foodstuff,Beans (paint bucket),3.111111111111111,0.044444444444444446,5,1,1,511,12.840146344383607,1,"Loyal (High F, High M)"
1239,2,335,7942873.0,1529.0,12,Foodstuff,Beef (1kg),4.564179104477612,0.03582089552238806,4,4,4,444,15.887785732465403,3,"Potential Loyal (Moderate F, Moderate M)"
1240,11,43,854836.0,164.0,3,Beverages,Bread (500g loaf),3.813953488372093,0.06976744186046512,2,1,1,211,13.658666086469305,1,"Loyal (High F, High M)"
1241,2,739,14328759.0,2702.0,25,Foodstuff,Spaghetti (carton of 12 packs),3.6562922868741543,0.03382949932341001,4,5,5,455,16.477779264308698,0,"New & Infrequent (Low R, Low F, Low M)"
1242,1,862,17689536.0,3344.0,25,Foodstuff,Eggs (crate of 30),3.879350348027842,0.029002320185614848,5,5,5,555,16.688483892814364,0,"New & Infrequent (Low R, Low F, Low M)"
1243,7,732,15749915.0,3093.0,21,Foodstuff,Eggs (crate of 30),4.225409836065574,0.028688524590163935,2,5,5,255,16.57234558988836,0,"New & Infrequent (Low R, Low F, Low M)"
1244,9,131,2405572.0,593.0,4,Foodstuff,Domestic Beer (0.5L bottle),4.526717557251908,0.030534351145038167,2,2,2,222,14.693298686782361,1,"Loyal (High F, High M)"
1245,2,42,1234980.0,144.0,0,Foodstuff,Screen Protector,3.4285714285714284,0.0,4,1,1,411,14.026566143310486,1,"Loyal (High F, High M)"
1246,1,745,18769110.0,2815.0,15,Foodstuff,Eggs (crate of 30),3.778523489932886,0.020134228187919462,5,5,5,555,16.74772304462804,0,"New & Infrequent (Low R, Low F, Low M)"
1247,6,123,3172983.0,366.0,4,Foodstuff,Frozen Chicken Laps,2.975609756097561,0.032520325203252036,3,2,2,322,14.970183028006133,3,"Potential Loyal (Moderate F, Moderate M)"
1248,2,782,18351768.0,3398.0,28,Foodstuff,Yam (medium tuber),4.345268542199489,0.03580562659846547,4,5,5,455,16.72523653108811,0,"New & Infrequent (Low R, Low F, Low M)"
1249,2,973,18896570.0,3823.0,26,Foodstuff,Indomie (carton of 24 packs),3.9290853031860227,0.02672147995889003,4,5,5,455,16.75449103499829,0,"New & Infrequent (Low R, Low F, Low M)"
1250,2,530,13707296.0,2022.0,13,Foodstuff,Spaghetti (carton of 12 packs),3.8150943396226413,0.024528301886792454,4,5,5,455,16.433438876739775,0,"New & Infrequent (Low R, Low F, Low M)"
1251,7,98,1680320.0,306.0,2,Foodstuff,Onions (1kg),3.122448979591837,0.02040816326530612,2,2,2,222,14.334495404556193,1,"Loyal (High F, High M)"
1252,6,128,2565063.0,430.0,2,Foodstuff,Baby Wipes,3.359375,0.015625,3,2,2,322,14.757493987542786,1,"Loyal (High F, High M)"
1253,1,554,11512467.0,2231.0,15,Foodstuff,Tomatoes (1kg),4.027075812274369,0.02707581227436823,5,5,5,555,16.25894117995443,0,"New & Infrequent (Low R, Low F, Low M)"
1254,8,109,3411969.0,562.0,6,Foodstuff,Beef (1kg),5.155963302752293,0.05504587155963303,2,2,3,223,15.042800395057984,3,"Potential Loyal (Moderate F, Moderate M)"
1255,8,36,557089.0,145.0,1,Beverages,Bread (500g loaf),4.027777777777778,0.027777777777777776,2,1,1,211,13.230482085749076,1,"Loyal (High F, High M)"
1256,1,258,6163592.0,1048.0,6,Foodstuff,Spaghetti (carton of 12 packs),4.062015503875969,0.023255813953488372,5,3,4,534,15.634170444689275,3,"Potential Loyal (Moderate F, Moderate M)"
1257,2,852,20204037.0,3388.0,18,Foodstuff,Frozen Chicken Laps,3.976525821596244,0.02112676056338028,4,5,5,455,16.821393043383992,0,"New & Infrequent (Low R, Low F, Low M)"
1258,2,390,7377491.0,1553.0,16,Foodstuff,Indomie (carton of 24 packs),3.982051282051282,0.041025641025641026,4,4,4,444,15.813944301420467,3,"Potential Loyal (Moderate F, Moderate M)"
1259,7,231,6028650.0,793.0,4,Foodstuff,Beef (1kg),3.432900432900433,0.017316017316017316,2,3,4,234,15.612033828915953,3,"Potential Loyal (Moderate F, Moderate M)"
1260,117,35,778639.0,179.0,2,Foodstuff,Golden Morn (45g sachet),5.114285714285714,0.05714285714285714,1,1,1,111,13.565304087100376,2,"At Risk (High R, Low F)"
1261,2,320,6238007.0,1050.0,5,Foodstuff,Frozen Chicken Laps,3.28125,0.015625,4,4,4,444,15.646171458611391,3,"Potential Loyal (Moderate F, Moderate M)"
1262,2,868,18093540.0,3805.0,34,Foodstuff,Indomie (carton of 24 packs),4.3836405529953915,0.03917050691244239,4,5,5,455,16.711065581720916,0,"New & Infrequent (Low R, Low F, Low M)"
1263,64,25,428332.0,134.0,4,Beverages,Spaghetti (carton of 12 packs),5.36,0.16,1,1,1,111,12.967656209432928,2,"At Risk (High R, Low F)"
1264,3,165,4138025.0,555.0,3,Foodstuff,Spaghetti (carton of 12 packs),3.3636363636363638,0.01818181818181818,4,3,3,433,15.235729420496499,3,"Potential Loyal (Moderate F, Moderate M)"
1265,1,636,16151344.0,2575.0,21,Foodstuff,Spaghetti (carton of 12 packs),4.04874213836478,0.0330188679245283,5,5,5,555,16.597513885898955,0,"New & Infrequent (Low R, Low F, Low M)"
1266,2,463,11673048.0,1914.0,15,Foodstuff,Rice (50kg bag),4.133909287257019,0.032397408207343416,4,4,5,445,16.272793238347226,0,"New & Infrequent (Low R, Low F, Low M)"
1267,12,333,6428898.0,1190.0,6,Foodstuff,Yam (medium tuber),3.5735735735735736,0.018018018018018018,2,4,4,244,15.676313852936646,3,"Potential Loyal (Moderate F, Moderate M)"
1268,14,358,9041559.0,1331.0,10,Foodstuff,Beef (1kg),3.717877094972067,0.027932960893854747,2,4,4,244,16.017342283852177,3,"Potential Loyal (Moderate F, Moderate M)"
1269,7,143,2890920.0,593.0,3,Foodstuff,Spaghetti (carton of 12 packs),4.146853146853147,0.02097902097902098,2,2,2,222,14.877085694440405,1,"Loyal (High F, High M)"
1270,32,90,1691542.0,304.0,3,Foodstuff,Frozen Chicken (1kg),3.3777777777777778,0.03333333333333333,1,2,2,122,14.341151688103553,1,"Loyal (High F, High M)"
1271,3,458,10201574.0,1552.0,13,Foodstuff,Cowbell Vitarich Cream (12g sachet),3.388646288209607,0.028384279475982533,4,4,4,444,16.138052678098937,3,"Potential Loyal (Moderate F, Moderate M)"
1272,4,547,12796591.0,2244.0,18,Foodstuff,Indomie (carton of 24 packs),4.102376599634369,0.03290676416819013,3,5,5,355,16.364689443439023,0,"New & Infrequent (Low R, Low F, Low M)"
1273,2,597,13340027.0,2496.0,26,Foodstuff,Indomie (carton of 24 packs),4.180904522613066,0.04355108877721943,4,5,5,455,16.406279697400073,0,"New & Infrequent (Low R, Low F, Low M)"
1274,5,761,17064709.0,2946.0,23,Foodstuff,Indomie (carton of 24 packs),3.871222076215506,0.030223390275952694,3,5,5,355,16.652523146331493,0,"New & Infrequent (Low R, Low F, Low M)"
1275,15,223,4307700.0,898.0,5,Foodstuff,Spaghetti (carton of 12 packs),4.026905829596412,0.02242152466367713,2,3,3,233,15.275914909092993,3,"Potential Loyal (Moderate F, Moderate M)"
1276,44,173,3871554.0,708.0,6,Foodstuff,Indomie (carton of 24 packs),4.092485549132948,0.03468208092485549,1,3,3,133,15.169166793087962,2,"At Risk (High R, Low F)"
1277,2,451,10309941.0,1595.0,11,Foodstuff,Red Table Wine (good quality),3.5365853658536586,0.024390243902439025,4,4,4,444,16.14861923037111,3,"Potential Loyal (Moderate F, Moderate M)"
1278,4,315,5869216.0,991.0,6,Foodstuff,Domestic Beer (0.5L bottle),3.146031746031746,0.01904761904761905,3,4,3,343,15.585231792787775,3,"Potential Loyal (Moderate F, Moderate M)"
1279,2,364,6929406.0,1414.0,12,Foodstuff,Indomie (carton of 24 packs),3.8846153846153846,0.03296703296703297,4,4,4,444,15.751284797519196,3,"Potential Loyal (Moderate F, Moderate M)"
1280,1,440,10432096.0,1542.0,14,Foodstuff,Beef (1kg),3.5045454545454544,0.031818181818181815,5,4,4,544,16.160397861418225,3,"Potential Loyal (Moderate F, Moderate M)"
1281,1,708,18450196.0,2541.0,18,Foodstuff,Garri (paint bucket),3.5889830508474576,0.025423728813559324,5,5,5,555,16.730585605900583,0,"New & Infrequent (Low R, Low F, Low M)"
1282,65,99,2083965.0,460.0,3,Foodstuff,Onions (1kg),4.646464646464646,0.030303030303030304,1,2,2,122,14.549783366943036,2,"At Risk (High R, Low F)"
1283,1,157,3815038.0,775.0,6,Foodstuff,Indomie (carton of 24 packs),4.936305732484076,0.03821656050955414,5,3,3,533,15.15446144545316,3,"Potential Loyal (Moderate F, Moderate M)"
1284,71,47,940078.0,118.0,0,Foodstuff,Beef (1kg),2.5106382978723403,0.0,1,1,1,111,13.753719193268001,2,"At Risk (High R, Low F)"
1285,7,273,5897474.0,1188.0,7,Foodstuff,Tomatoes (1kg),4.351648351648351,0.02564102564102564,2,3,3,233,15.590034851170625,3,"Potential Loyal (Moderate F, Moderate M)"
1286,7,56,1438874.0,260.0,2,Foodstuff,Frozen Titus Fish (1kg),4.642857142857143,0.03571428571428571,2,1,1,211,14.179372116217364,1,"Loyal (High F, High M)"
1287,4,187,4405109.0,679.0,6,Foodstuff,Frozen Chicken (1kg),3.6310160427807485,0.03208556149732621,3,3,3,333,15.298275788663787,3,"Potential Loyal (Moderate F, Moderate M)"
1288,7,216,4586889.0,922.0,8,Foodstuff,Milk (1 litre),4.268518518518518,0.037037037037037035,2,3,3,233,15.338712792476416,3,"Potential Loyal (Moderate F, Moderate M)"
1289,6,77,1404248.0,257.0,3,Foodstuff,Onions (1kg),3.3376623376623376,0.03896103896103896,3,2,1,321,14.155013198270517,1,"Loyal (High F, High M)"
1290,3,277,6386693.0,1060.0,4,Foodstuff,Beans (paint bucket),3.8267148014440435,0.01444043321299639,4,4,4,444,15.669727321579199,3,"Potential Loyal (Moderate F, Moderate M)"
1291,16,48,1780732.0,271.0,2,Foodstuff,Domestic Beer (0.5L bottle),5.645833333333333,0.041666666666666664,1,1,2,112,14.392535635255653,1,"Loyal (High F, High M)"
1292,38,49,671754.0,206.0,1,Foodstuff,Frozen Titus Fish (1kg),4.204081632653061,0.02040816326530612,1,1,1,111,13.417648969695291,2,"At Risk (High R, Low F)"
1293,1,511,11214011.0,2402.0,20,Foodstuff,Indomie (carton of 24 packs),4.700587084148728,0.03913894324853229,5,5,5,555,16.23267462575614,0,"New & Infrequent (Low R, Low F, Low M)"
1294,11,134,3187175.0,445.0,3,Foodstuff,Frozen Chicken (1kg),3.3208955223880596,0.022388059701492536,2,2,2,222,14.974645816223584,1,"Loyal (High F, High M)"
1295,2,43,964159.0,127.0,1,Foodstuff,Beans (paint bucket),2.953488372093023,0.023255813953488372,4,1,1,411,13.779012534924073,1,"Loyal (High F, High M)"
1296,6,249,7023061.0,944.0,7,Foodstuff,Spaghetti (carton of 12 packs),3.791164658634538,0.028112449799196786,3,3,4,334,15.764709863238314,3,"Potential Loyal (Moderate F, Moderate M)"
1297,1,523,9806697.0,1788.0,10,Foodstuff,Coca-Cola (2L bottle),3.418738049713193,0.019120458891013385,5,5,4,554,16.098576179569722,0,"New & Infrequent (Low R, Low F, Low M)"
1298,6,70,1084077.0,324.0,3,Foodstuff,Tomatoes (1kg),4.628571428571429,0.04285714285714286,3,2,1,321,13.896240414112597,1,"Loyal (High F, High M)"
1299,2,352,8366011.0,1499.0,9,Foodstuff,Rice (50kg bag),4.2585227272727275,0.02556818181818182,4,4,4,444,15.939687865360494,3,"Potential Loyal (Moderate F, Moderate M)"
1300,13,53,1075674.0,261.0,2,Foodstuff,Beans (paint bucket),4.9245283018867925,0.03773584905660377,2,1,1,211,13.888458929469541,1,"Loyal (High F, High M)"
1301,10,60,1552578.0,222.0,1,Foodstuff,Eggs (crate of 30),3.7,0.016666666666666666,2,1,2,212,14.255427977163416,1,"Loyal (High F, High M)"
1302,2,232,5221391.0,1125.0,9,Foodstuff,Tomatoes (1kg),4.849137931034483,0.03879310344827586,4,3,3,433,15.468274590976252,3,"Potential Loyal (Moderate F, Moderate M)"
1303,12,251,5708584.0,1073.0,9,Foodstuff,Spaghetti (carton of 12 packs),4.274900398406374,0.035856573705179286,2,3,3,233,15.557481740063865,3,"Potential Loyal (Moderate F, Moderate M)"
1304,1,310,6823489.0,1457.0,17,Foodstuff,Indomie (carton of 24 packs),4.7,0.054838709677419356,5,4,4,544,15.735881629135674,3,"Potential Loyal (Moderate F, Moderate M)"
1305,2,419,8888170.0,1570.0,6,Foodstuff,Beans (paint bucket),3.747016706443914,0.014319809069212411,4,4,4,444,16.00023184954047,3,"Potential Loyal (Moderate F, Moderate M)"
1306,1,879,21667355.0,3871.0,29,Foodstuff,Spaghetti (carton of 12 packs),4.40386803185438,0.03299203640500569,5,5,5,555,16.891317354070317,0,"New & Infrequent (Low R, Low F, Low M)"
1307,2,246,5969510.0,991.0,12,Foodstuff,Spaghetti (carton of 12 packs),4.028455284552845,0.04878048780487805,4,3,3,433,15.602175572466276,3,"Potential Loyal (Moderate F, Moderate M)"
1308,3,124,3945267.0,586.0,7,Foodstuff,Baby Formula (400g),4.725806451612903,0.056451612903225805,4,2,3,423,15.188027444048485,3,"Potential Loyal (Moderate F, Moderate M)"
1309,5,419,7912207.0,1632.0,10,Foodstuff,Bread (500g loaf),3.8949880668257757,0.02386634844868735,3,4,4,344,15.883917441120122,3,"Potential Loyal (Moderate F, Moderate M)"
1310,20,81,1704900.0,354.0,2,Foodstuff,Coca-Cola (2L bottle),4.37037037037037,0.024691358024691357,1,2,2,122,14.349017602497815,1,"Loyal (High F, High M)"
1311,12,187,3734488.0,729.0,5,Foodstuff,Golden Morn (45g sachet),3.8983957219251337,0.026737967914438502,2,3,3,233,15.13312155326682,3,"Potential Loyal (Moderate F, Moderate M)"
1312,96,44,665186.0,165.0,2,Foodstuff,Screen Protector,3.75,0.045454545454545456,1,1,1,111,13.407823483115354,2,"At Risk (High R, Low F)"
1313,9,51,701549.0,124.0,0,Foodstuff,Frozen Chicken (1kg),2.4313725490196076,0.0,2,1,1,211,13.461047451822141,1,"Loyal (High F, High M)"
1314,5,790,16970443.0,3142.0,22,Foodstuff,Rice (1kg),3.9772151898734176,0.027848101265822784,3,5,5,355,16.646983800686645,0,"New & Infrequent (Low R, Low F, Low M)"
1315,5,563,14220839.0,2261.0,16,Foodstuff,Rice (50kg bag),4.015985790408526,0.028419182948490232,3,5,5,355,16.470219052324662,0,"New & Infrequent (Low R, Low F, Low M)"
1316,3,407,9137704.0,1579.0,9,Foodstuff,Spaghetti (carton of 12 packs),3.8796068796068797,0.022113022113022112,4,4,4,444,16.02791981780903,3,"Potential Loyal (Moderate F, Moderate M)"
1317,4,176,3045836.0,662.0,6,Foodstuff,Spaghetti (carton of 12 packs),3.7613636363636362,0.03409090909090909,3,3,2,332,14.929286298201706,3,"Potential Loyal (Moderate F, Moderate M)"
1318,23,32,527038.0,95.0,1,Foodstuff,Beans (paint bucket),2.96875,0.03125,1,1,1,111,13.17502982858042,1,"Loyal (High F, High M)"
1319,137,31,588025.0,140.0,1,Foodstuff,Frozen Mackerel (1kg),4.516129032258065,0.03225806451612903,1,1,1,111,13.284526443590266,2,"At Risk (High R, Low F)"
1320,6,95,2548354.0,423.0,3,Foodstuff,Eggs (crate of 30),4.4526315789473685,0.031578947368421054,3,2,2,322,14.750958610930123,1,"Loyal (High F, High M)"
1321,8,219,4541773.0,770.0,4,Foodstuff,Domestic Beer (0.5L bottle),3.5159817351598175,0.0182648401826484,2,3,3,233,15.32882824259374,3,"Potential Loyal (Moderate F, Moderate M)"
1322,4,364,9087035.0,1356.0,9,Foodstuff,Red Table Wine (good quality),3.7252747252747254,0.024725274725274724,3,4,4,344,16.022359340373168,3,"Potential Loyal (Moderate F, Moderate M)"
1323,4,331,8573715.0,1474.0,12,Foodstuff,Rice (1kg),4.453172205438066,0.03625377643504532,3,4,4,344,15.964211802195154,3,"Potential Loyal (Moderate F, Moderate M)"
1324,24,108,2488679.0,417.0,2,Foodstuff,Baby Formula (400g),3.861111111111111,0.018518518518518517,1,2,2,122,14.72726300739542,1,"Loyal (High F, High M)"
1325,1,916,20398896.0,3503.0,30,Foodstuff,Spaghetti (carton of 12 packs),3.824235807860262,0.03275109170305677,5,5,5,555,16.830991388725234,0,"New & Infrequent (Low R, Low F, Low M)"
1326,6,464,10006274.0,2199.0,27,Foodstuff,Indomie (carton of 24 packs),4.739224137931035,0.05818965517241379,3,4,4,344,16.118722954162518,3,"Potential Loyal (Moderate F, Moderate M)"
1327,10,231,4516112.0,932.0,4,Foodstuff,Frozen Titus Fish (1kg),4.034632034632034,0.017316017316017316,2,3,3,233,15.32316222608213,3,"Potential Loyal (Moderate F, Moderate M)"
1328,3,278,6526848.0,965.0,8,Foodstuff,Rice (1kg),3.471223021582734,0.02877697841726619,4,4,4,444,15.69143484267838,3,"Potential Loyal (Moderate F, Moderate M)"
1329,12,184,3131441.0,679.0,3,Foodstuff,Frozen Mackerel (1kg),3.6902173913043477,0.016304347826086956,2,3,2,232,14.957004159300748,3,"Potential Loyal (Moderate F, Moderate M)"
1330,32,80,2227166.0,235.0,1,Foodstuff,Indomie (carton of 24 packs),2.9375,0.0125,1,2,2,122,14.616240932202123,1,"Loyal (High F, High M)"
1331,10,122,2337976.0,504.0,4,Foodstuff,Eggs (crate of 30),4.131147540983607,0.03278688524590164,2,2,2,222,14.664796583497841,1,"Loyal (High F, High M)"
1332,1,368,7528836.0,1387.0,9,Foodstuff,Beef (1kg),3.7690217391304346,0.024456521739130436,5,4,4,544,15.83425113897644,3,"Potential Loyal (Moderate F, Moderate M)"
1333,5,33,769672.0,77.0,0,Beverages,Golden Morn (45g sachet),2.3333333333333335,0.0,3,1,1,311,13.553721028305088,1,"Loyal (High F, High M)"
1334,19,51,1595697.0,225.0,1,Foodstuff,Baby Formula (400g),4.411764705882353,0.0196078431372549,1,1,2,112,14.282821816029305,1,"Loyal (High F, High M)"
1335,78,22,690072.0,180.0,2,Foodstuff,Men's T-shirt,8.181818181818182,0.09090909090909091,1,1,1,111,13.444552668078773,2,"At Risk (High R, Low F)"
1336,16,70,880458.0,246.0,3,Foodstuff,Rice (1kg),3.5142857142857142,0.04285714285714286,1,2,1,121,13.688198641382224,1,"Loyal (High F, High M)"
1337,5,544,12424430.0,2146.0,14,Foodstuff,Indomie (carton of 24 packs),3.9448529411764706,0.025735294117647058,3,5,5,355,16.335175334129744,0,"New & Infrequent (Low R, Low F, Low M)"
1338,3,374,9005835.0,1902.0,17,Foodstuff,Spaghetti (carton of 12 packs),5.0855614973262036,0.045454545454545456,4,4,4,444,16.01338336959568,3,"Potential Loyal (Moderate F, Moderate M)"
1339,1,191,4086920.0,660.0,4,Foodstuff,Frozen Chicken (1kg),3.4554973821989527,0.020942408376963352,5,3,3,533,15.223302432777995,3,"Potential Loyal (Moderate F, Moderate M)"
1340,16,48,1459992.0,235.0,1,Foodstuff,Eggs (crate of 30),4.895833333333333,0.020833333333333332,1,1,1,111,14.193942199152477,1,"Loyal (High F, High M)"
1341,1,208,5497705.0,663.0,6,Foodstuff,Tomatoes (1kg),3.1875,0.028846153846153848,5,3,3,533,15.519841472287002,3,"Potential Loyal (Moderate F, Moderate M)"
1342,9,204,4984117.0,724.0,8,Foodstuff,Cowbell Vitarich Cream (12g sachet),3.549019607843137,0.0392156862745098,2,3,3,233,15.4217670149316,3,"Potential Loyal (Moderate F, Moderate M)"
1343,6,55,1307194.0,167.0,0,Foodstuff,Cowbell Vitarich Cream (12g sachet),3.036363636363636,0.0,3,1,1,311,14.08339417811116,1,"Loyal (High F, High M)"
1344,10,184,3906989.0,664.0,7,Foodstuff,Spaghetti (carton of 12 packs),3.608695652173913,0.03804347826086957,2,3,3,233,15.178277814525357,3,"Potential Loyal (Moderate F, Moderate M)"
1345,10,150,3850889.0,553.0,4,Foodstuff,Frozen Mackerel (1kg),3.6866666666666665,0.02666666666666667,2,2,3,223,15.163814848379738,3,"Potential Loyal (Moderate F, Moderate M)"
1346,2,235,6292092.0,1157.0,10,Foodstuff,Onions (1kg),4.923404255319149,0.0425531914893617,4,3,4,434,15.654804323724944,3,"Potential Loyal (Moderate F, Moderate M)"
1347,4,312,6404059.0,1194.0,10,Beverages,Spaghetti (carton of 12 packs),3.826923076923077,0.03205128205128205,3,4,4,344,15.672442722199136,3,"Potential Loyal (Moderate F, Moderate M)"
1348,11,55,985128.0,283.0,4,Foodstuff,Power Bank,5.1454545454545455,0.07272727272727272,2,1,1,211,13.800527876046134,1,"Loyal (High F, High M)"
1349,4,168,3250834.0,662.0,6,Foodstuff,Milk (1 litre),3.9404761904761907,0.03571428571428571,3,3,2,332,14.994422444383762,3,"Potential Loyal (Moderate F, Moderate M)"
1350,6,313,8045567.0,1609.0,13,Foodstuff,Frozen Chicken Laps,5.140575079872204,0.04153354632587859,3,4,4,344,15.900631938775275,3,"Potential Loyal (Moderate F, Moderate M)"
1351,6,223,4269368.0,803.0,3,Foodstuff,Golden Morn (45g sachet),3.600896860986547,0.013452914798206279,3,3,3,333,15.266976599109336,3,"Potential Loyal (Moderate F, Moderate M)"
1352,3,487,10470328.0,1968.0,17,Foodstuff,Spaghetti (carton of 12 packs),4.041067761806982,0.03490759753593429,4,5,4,454,16.164056005466684,0,"New & Infrequent (Low R, Low F, Low M)"
1353,1,298,6319191.0,1069.0,10,Foodstuff,Indomie (carton of 24 packs),3.587248322147651,0.03355704697986577,5,4,4,544,15.65910190984851,3,"Potential Loyal (Moderate F, Moderate M)"
1354,2,82,2132156.0,318.0,5,Foodstuff,Spaghetti (carton of 12 packs),3.8780487804878048,0.06097560975609756,4,2,2,422,14.572644701331456,1,"Loyal (High F, High M)"
1355,59,51,1056786.0,148.0,1,Foodstuff,Frozen Mackerel (1kg),2.9019607843137254,0.0196078431372549,1,1,1,111,13.870743730827687,2,"At Risk (High R, Low F)"
1356,2,313,6209459.0,1218.0,10,Foodstuff,Indomie (carton of 24 packs),3.891373801916933,0.03194888178913738,4,4,4,444,15.641584493606985,3,"Potential Loyal (Moderate F, Moderate M)"
1357,41,43,1446614.0,148.0,1,Beverages,Golden Morn (45g sachet),3.441860465116279,0.023255813953488372,1,1,1,111,14.184736902484993,2,"At Risk (High R, Low F)"
1358,1,263,5503272.0,1041.0,8,Foodstuff,Tomatoes (1kg),3.958174904942966,0.030418250950570342,5,3,3,533,15.520853564115411,3,"Potential Loyal (Moderate F, Moderate M)"
1359,2,788,18302415.0,3232.0,27,Foodstuff,Bread (500g loaf),4.101522842639594,0.03426395939086294,4,5,5,455,16.722543630955453,0,"New & Infrequent (Low R, Low F, Low M)"
1360,1,257,4959717.0,860.0,4,Foodstuff,Rice (1kg),3.3463035019455254,0.01556420233463035,5,3,3,533,15.416859442246103,3,"Potential Loyal (Moderate F, Moderate M)"
1361,26,140,2837874.0,691.0,6,Foodstuff,Indomie (carton of 24 packs),4.935714285714286,0.04285714285714286,1,2,2,122,14.858566090629926,1,"Loyal (High F, High M)"
1362,7,259,5450536.0,895.0,9,Foodstuff,Frozen Chicken Laps,3.4555984555984556,0.03474903474903475,2,3,3,233,15.51122469389555,3,"Potential Loyal (Moderate F, Moderate M)"
1363,2,165,3192576.0,574.0,6,Foodstuff,Baby Wipes,3.478787878787879,0.03636363636363636,4,3,2,432,14.976338985626947,3,"Potential Loyal (Moderate F, Moderate M)"
1364,33,261,5455368.0,1212.0,12,Foodstuff,Eggs (crate of 30),4.64367816091954,0.04597701149425287,1,3,3,133,15.512110819324501,3,"Potential Loyal (Moderate F, Moderate M)"
1365,3,899,20648638.0,3137.0,19,Foodstuff,Tomatoes (1kg),3.489432703003337,0.021134593993325918,4,5,5,455,16.843159967208972,0,"New & Infrequent (Low R, Low F, Low M)"
1366,7,183,3773551.0,814.0,9,Foodstuff,Screen Protector,4.448087431693989,0.04918032786885246,2,3,3,233,15.143527290922169,3,"Potential Loyal (Moderate F, Moderate M)"
1367,4,924,19184650.0,3091.0,19,Foodstuff,Onions (1kg),3.3452380952380953,0.020562770562770564,3,5,5,355,16.769621090202442,0,"New & Infrequent (Low R, Low F, Low M)"
1368,3,645,15085414.0,2296.0,19,Foodstuff,Spaghetti (carton of 12 packs),3.55968992248062,0.02945736434108527,4,5,5,455,16.529238940969176,0,"New & Infrequent (Low R, Low F, Low M)"
1369,17,70,1206268.0,229.0,2,Foodstuff,Bar Soap,3.2714285714285714,0.02857142857142857,1,2,1,121,14.003042682806619,1,"Loyal (High F, High M)"
1370,45,30,671247.0,76.0,0,Foodstuff,Screen Protector,2.533333333333333,0.0,1,1,1,111,13.416893945284944,2,"At Risk (High R, Low F)"
1371,62,31,819887.0,254.0,2,Foodstuff,Onions (1kg),8.193548387096774,0.06451612903225806,1,1,1,111,13.616923024545951,2,"At Risk (High R, Low F)"
1372,14,50,473087.0,149.0,2,Foodstuff,Frozen Titus Fish (1kg),2.98,0.04,2,1,1,211,13.067036696681193,1,"Loyal (High F, High M)"
1373,9,65,1455965.0,225.0,2,Foodstuff,Bread (500g loaf),3.4615384615384617,0.03076923076923077,2,2,1,221,14.191180155817763,1,"Loyal (High F, High M)"
1374,2,339,7927848.0,1191.0,11,Foodstuff,Cowbell Vitarich Cream (12g sachet),3.5132743362831858,0.032448377581120944,4,4,4,444,15.885892308392815,3,"Potential Loyal (Moderate F, Moderate M)"
1375,10,47,653974.0,139.0,1,Foodstuff,Cowbell Vitarich Cream (12g sachet),2.9574468085106385,0.02127659574468085,2,1,1,211,13.390824403408997,1,"Loyal (High F, High M)"
1376,8,102,2320226.0,399.0,1,Foodstuff,Indomie (carton of 24 packs),3.911764705882353,0.00980392156862745,2,2,2,222,14.657175583683586,1,"Loyal (High F, High M)"
1377,3,518,11340346.0,2160.0,18,Foodstuff,Frozen Mackerel (1kg),4.1698841698841695,0.03474903474903475,4,5,5,455,16.243877455442988,0,"New & Infrequent (Low R, Low F, Low M)"
1378,53,55,894116.0,265.0,2,Foodstuff,Bread (500g loaf),4.818181818181818,0.03636363636363636,1,1,1,111,13.703591918075816,2,"At Risk (High R, Low F)"
1379,5,499,13567945.0,2007.0,13,Foodstuff,Tomatoes (1kg),4.022044088176353,0.026052104208416832,3,5,5,355,16.423220657053072,0,"New & Infrequent (Low R, Low F, Low M)"
1380,6,103,2335400.0,528.0,4,Foodstuff,Frozen Chicken Laps,5.12621359223301,0.038834951456310676,3,2,2,322,14.663694168815832,1,"Loyal (High F, High M)"
1381,46,63,1370642.0,361.0,3,Foodstuff,Baby Wipes,5.73015873015873,0.047619047619047616,1,1,1,111,14.130790530762996,2,"At Risk (High R, Low F)"
1382,1,349,6646854.0,1255.0,10,Foodstuff,Spaghetti (carton of 12 packs),3.5959885386819486,0.02865329512893983,5,4,4,544,15.709654368433442,3,"Potential Loyal (Moderate F, Moderate M)"
1383,14,243,5904876.0,799.0,4,Foodstuff,Beans (paint bucket),3.288065843621399,0.01646090534979424,2,3,3,233,15.591289177591406,3,"Potential Loyal (Moderate F, Moderate M)"
1384,1,608,14616591.0,2382.0,22,Foodstuff,Indomie (carton of 24 packs),3.9177631578947367,0.03618421052631579,5,5,5,555,16.497667879777477,0,"New & Infrequent (Low R, Low F, Low M)"
1385,2,351,7411791.0,1535.0,11,Foodstuff,Spaghetti (carton of 12 packs),4.373219373219373,0.03133903133903134,4,4,4,444,15.818582803392438,3,"Potential Loyal (Moderate F, Moderate M)"
1386,2,455,8985444.0,1565.0,8,Foodstuff,Beans (paint bucket),3.4395604395604398,0.017582417582417582,4,4,4,444,16.0111166039628,3,"Potential Loyal (Moderate F, Moderate M)"
1387,10,111,2534893.0,507.0,5,Foodstuff,Baby Wipes,4.5675675675675675,0.04504504504504504,2,2,2,222,14.745662379537505,1,"Loyal (High F, High M)"
1388,46,36,762151.0,245.0,4,Foodstuff,Baby Wipes,6.805555555555555,0.1111111111111111,1,1,1,111,13.543901289841894,2,"At Risk (High R, Low F)"
1389,5,409,8064163.0,1711.0,14,Foodstuff,Indomie (carton of 24 packs),4.183374083129585,0.034229828850855744,3,4,4,344,15.902940606388075,3,"Potential Loyal (Moderate F, Moderate M)"
1390,1,480,9201972.0,1450.0,6,Foodstuff,Coca-Cola (2L bottle),3.0208333333333335,0.0125,5,4,4,544,16.034928475548494,0,"New & Infrequent (Low R, Low F, Low M)"
1391,1,917,22726277.0,3515.0,28,Foodstuff,Indomie (carton of 24 packs),3.8331515812431842,0.030534351145038167,5,5,5,555,16.939032434070302,0,"New & Infrequent (Low R, Low F, Low M)"
1392,15,145,2639709.0,368.0,0,Foodstuff,Beans (paint bucket),2.537931034482759,0.0,2,2,2,222,14.786179620603864,1,"Loyal (High F, High M)"
1393,17,166,4564672.0,743.0,4,Foodstuff,Eggs (crate of 30),4.475903614457831,0.024096385542168676,1,3,3,133,15.333857437463038,3,"Potential Loyal (Moderate F, Moderate M)"
1394,2,392,9615017.0,1535.0,13,Foodstuff,Bread (500g loaf),3.9158163265306123,0.03316326530612245,4,4,4,444,16.078836809078147,3,"Potential Loyal (Moderate F, Moderate M)"
1395,11,139,2622459.0,366.0,1,Foodstuff,Tomatoes (1kg),2.633093525179856,0.007194244604316547,2,2,2,222,14.779623366514723,1,"Loyal (High F, High M)"
1396,5,841,18032226.0,3658.0,24,Foodstuff,Spaghetti (carton of 12 packs),4.349583828775268,0.028537455410225922,3,5,5,355,16.7076711039136,0,"New & Infrequent (Low R, Low F, Low M)"
1397,2,645,12939344.0,2636.0,33,Foodstuff,Indomie (carton of 24 packs),4.086821705426357,0.05116279069767442,4,5,5,455,16.37578322751786,0,"New & Infrequent (Low R, Low F, Low M)"
1398,19,189,4941065.0,694.0,7,Foodstuff,Frozen Chicken Laps,3.671957671957672,0.037037037037037035,1,3,3,133,15.41309165535859,3,"Potential Loyal (Moderate F, Moderate M)"
1399,9,332,8330702.0,1212.0,10,Foodstuff,Milk (1 litre),3.6506024096385543,0.030120481927710843,2,4,4,244,15.935458404339576,3,"Potential Loyal (Moderate F, Moderate M)"
1400,1,464,12101540.0,1767.0,16,Foodstuff,Frozen Titus Fish (1kg),3.8081896551724137,0.034482758620689655,5,4,5,545,16.308843357829865,0,"New & Infrequent (Low R, Low F, Low M)"
1401,77,38,426920.0,127.0,1,Foodstuff,Frozen Titus Fish (1kg),3.3421052631578947,0.02631578947368421,1,1,1,111,12.964354263384383,2,"At Risk (High R, Low F)"
1402,2,713,16479979.0,2632.0,20,Foodstuff,Red Table Wine (good quality),3.691444600280505,0.028050490883590462,4,5,5,455,16.61765686885263,0,"New & Infrequent (Low R, Low F, Low M)"
1403,8,258,6431168.0,1200.0,11,Foodstuff,Spaghetti (carton of 12 packs),4.651162790697675,0.04263565891472868,2,3,4,234,15.676666883732995,3,"Potential Loyal (Moderate F, Moderate M)"
1404,2,494,11911569.0,2077.0,15,Foodstuff,Onions (1kg),4.204453441295547,0.030364372469635626,4,5,5,455,16.293020754642047,0,"New & Infrequent (Low R, Low F, Low M)"
1405,59,47,867118.0,243.0,3,Beverages,Baby Formula (400g),5.170212765957447,0.06382978723404255,1,1,1,111,13.672931501246048,2,"At Risk (High R, Low F)"
1406,1,698,14683615.0,2786.0,21,Foodstuff,Tomatoes (1kg),3.991404011461318,0.03008595988538682,5,5,5,555,16.502242872344365,0,"New & Infrequent (Low R, Low F, Low M)"
1407,25,131,4051554.0,503.0,3,Foodstuff,Bread (500g loaf),3.8396946564885495,0.022900763358778626,1,2,3,123,15.21461131600983,1,"Loyal (High F, High M)"
1408,39,55,1402409.0,194.0,1,Foodstuff,Eggs (crate of 30),3.5272727272727273,0.01818181818181818,1,1,1,111,14.15370274319694,2,"At Risk (High R, Low F)"
1409,2,730,16040098.0,3195.0,33,Foodstuff,Spaghetti (carton of 12 packs),4.376712328767123,0.045205479452054796,4,5,5,455,16.59060233245342,0,"New & Infrequent (Low R, Low F, Low M)"
1410,137,38,836971.0,116.0,1,Foodstuff,Garri (paint bucket),3.0526315789473686,0.02631578947368421,1,1,1,111,13.637545896104408,2,"At Risk (High R, Low F)"
1411,2,92,2598569.0,284.0,2,Foodstuff,Frozen Chicken (1kg),3.0869565217391304,0.021739130434782608,4,2,2,422,14.77047185168623,1,"Loyal (High F, High M)"
1412,1,950,19208619.0,3416.0,31,Foodstuff,Indomie (carton of 24 packs),3.5957894736842104,0.03263157894736842,5,5,5,555,16.770869694579705,0,"New & Infrequent (Low R, Low F, Low M)"
1413,1,796,19170576.0,3383.0,29,Foodstuff,Eggs (crate of 30),4.25,0.0364321608040201,5,5,5,555,16.768887213682056,0,"New & Infrequent (Low R, Low F, Low M)"
1414,2,213,5011395.0,805.0,6,Foodstuff,Spaghetti (carton of 12 packs),3.779342723004695,0.028169014084507043,4,3,3,433,15.427225076961948,3,"Potential Loyal (Moderate F, Moderate M)"
1415,2,313,6674441.0,1158.0,8,Foodstuff,Garri (paint bucket),3.6996805111821085,0.025559105431309903,4,4,4,444,15.71379616325067,3,"Potential Loyal (Moderate F, Moderate M)"
1416,2,171,4436491.0,833.0,7,Foodstuff,Spaghetti (carton of 12 packs),4.871345029239766,0.04093567251461988,4,3,3,433,15.305374532032642,3,"Potential Loyal (Moderate F, Moderate M)"
1417,35,114,3383761.0,488.0,6,Foodstuff,Golden Morn (45g sachet),4.280701754385965,0.05263157894736842,1,2,3,123,15.034498666265645,1,"Loyal (High F, High M)"
1418,9,149,4573606.0,596.0,1,Foodstuff,Eggs (crate of 30),4.0,0.006711409395973154,2,2,3,223,15.335812729453728,3,"Potential Loyal (Moderate F, Moderate M)"
1419,5,307,7636240.0,1261.0,8,Foodstuff,Eggs (crate of 30),4.107491856677524,0.026058631921824105,3,4,4,344,15.848416024356451,3,"Potential Loyal (Moderate F, Moderate M)"
1420,2,445,8714404.0,1556.0,8,Foodstuff,Frozen Titus Fish (1kg),3.4966292134831463,0.017977528089887642,4,4,4,444,15.980487961513175,3,"Potential Loyal (Moderate F, Moderate M)"
1421,2,439,9717144.0,1379.0,10,Foodstuff,Rice (50kg bag),3.14123006833713,0.022779043280182234,4,4,4,444,16.08940240901136,3,"Potential Loyal (Moderate F, Moderate M)"
1422,2,460,9946009.0,1840.0,15,Foodstuff,Frozen Chicken (1kg),4.0,0.03260869565217391,4,4,4,444,16.112682023685633,3,"Potential Loyal (Moderate F, Moderate M)"
1423,56,53,783573.0,121.0,0,Foodstuff,Garri (paint bucket),2.2830188679245285,0.0,1,1,1,111,13.571620784308072,2,"At Risk (High R, Low F)"
1424,4,181,3882140.0,645.0,3,Foodstuff,Indomie (carton of 24 packs),3.56353591160221,0.016574585635359115,3,3,3,333,15.171897363535255,3,"Potential Loyal (Moderate F, Moderate M)"
1425,26,24,485358.0,158.0,1,Foodstuff,Screen Protector,6.583333333333333,0.041666666666666664,1,1,1,111,13.092644102287702,1,"Loyal (High F, High M)"
1426,1,228,5018076.0,995.0,9,Foodstuff,Bread (500g loaf),4.364035087719298,0.039473684210526314,5,3,3,533,15.428557350549642,3,"Potential Loyal (Moderate F, Moderate M)"
1427,5,141,3440392.0,606.0,4,Foodstuff,Frozen Mackerel (1kg),4.297872340425532,0.028368794326241134,3,2,3,323,15.051096267010257,3,"Potential Loyal (Moderate F, Moderate M)"
1428,1,678,15487056.0,2791.0,25,Foodstuff,Spaghetti (carton of 12 packs),4.116519174041298,0.03687315634218289,5,5,5,555,16.55551520079777,0,"New & Infrequent (Low R, Low F, Low M)"
1429,3,136,2299930.0,416.0,4,Foodstuff,Domestic Beer (0.5L bottle),3.0588235294117645,0.029411764705882353,4,2,2,422,14.64838968044937,1,"Loyal (High F, High M)"
1430,31,42,1078924.0,231.0,1,Foodstuff,Coca-Cola (2L bottle),5.5,0.023809523809523808,1,1,1,111,13.891475733019973,1,"Loyal (High F, High M)"
1431,21,49,1110059.0,165.0,1,Foodstuff,Cowbell Vitarich Cream (12g sachet),3.36734693877551,0.02040816326530612,1,1,1,111,13.919924625881704,1,"Loyal (High F, High M)"
1432,9,384,8355866.0,1536.0,11,Foodstuff,Indomie (carton of 24 packs),4.0,0.028645833333333332,2,4,4,244,15.938474484825363,3,"Potential Loyal (Moderate F, Moderate M)"
1433,2,290,5980136.0,1159.0,13,Foodstuff,Frozen Titus Fish (1kg),3.996551724137931,0.04482758620689655,4,4,3,443,15.603954035363389,3,"Potential Loyal (Moderate F, Moderate M)"
1434,27,54,1026926.0,247.0,3,Foodstuff,Spaghetti (carton of 12 packs),4.574074074074074,0.05555555555555555,1,1,1,111,13.842081405566418,1,"Loyal (High F, High M)"
1435,11,59,1895665.0,355.0,2,Foodstuff,Domestic Beer (0.5L bottle),6.016949152542373,0.03389830508474576,2,1,2,212,14.455080785941497,1,"Loyal (High F, High M)"
1436,2,335,6681564.0,1261.0,9,Foodstuff,Tomatoes (1kg),3.764179104477612,0.026865671641791045,4,4,4,444,15.714862799510344,3,"Potential Loyal (Moderate F, Moderate M)"
1437,23,48,1014447.0,211.0,1,Beverages,Indomie (carton of 24 packs),4.395833333333333,0.020833333333333332,1,1,1,111,13.829855180157596,1,"Loyal (High F, High M)"
1438,1,518,15039666.0,2722.0,22,Foodstuff,Baby Formula (400g),5.254826254826255,0.04247104247104247,5,5,5,555,16.526201735283408,0,"New & Infrequent (Low R, Low F, Low M)"
1439,1,336,8017820.0,995.0,3,Foodstuff,Frozen Chicken Laps,2.9613095238095237,0.008928571428571428,5,4,4,544,15.89717724716612,3,"Potential Loyal (Moderate F, Moderate M)"
1440,29,37,978715.0,217.0,3,Foodstuff,Frozen Chicken (1kg),5.864864864864865,0.08108108108108109,1,1,1,111,13.793996787497303,1,"Loyal (High F, High M)"
1441,84,41,928158.0,106.0,0,Foodstuff,Frozen Chicken Laps,2.5853658536585367,0.0,1,1,1,111,13.740958333298863,2,"At Risk (High R, Low F)"
1442,4,829,19291644.0,3551.0,28,Foodstuff,Indomie (carton of 24 packs),4.283474065138721,0.033775633293124246,3,5,5,355,16.77518265859178,0,"New & Infrequent (Low R, Low F, Low M)"
1443,2,152,4712949.0,831.0,7,Foodstuff,Baby Diapers (bulk 92 pcs),5.467105263157895,0.046052631578947366,4,3,3,433,15.365824596895635,3,"Potential Loyal (Moderate F, Moderate M)"
1444,18,88,3176303.0,383.0,3,Foodstuff,Eggs (crate of 30),4.3522727272727275,0.03409090909090909,1,2,2,122,14.97122881465263,1,"Loyal (High F, High M)"
1445,1,487,11442797.0,1943.0,11,Foodstuff,Milk (1 litre),3.9897330595482545,0.022587268993839837,5,5,5,555,16.252871094430592,0,"New & Infrequent (Low R, Low F, Low M)"
1446,1,898,20537412.0,3163.0,31,Foodstuff,Spaghetti (carton of 12 packs),3.522271714922049,0.034521158129175944,5,5,5,555,16.83775880516531,0,"New & Infrequent (Low R, Low F, Low M)"
1447,3,874,17697364.0,3552.0,30,Foodstuff,Spaghetti (carton of 12 packs),4.064073226544623,0.034324942791762014,4,5,5,455,16.688926316405315,0,"New & Infrequent (Low R, Low F, Low M)"
1448,4,411,7263493.0,1362.0,8,Foodstuff,Frozen Titus Fish (1kg),3.3138686131386863,0.019464720194647202,3,4,4,344,15.798371538246686,3,"Potential Loyal (Moderate F, Moderate M)"
1449,2,150,2935815.0,508.0,6,Foodstuff,Spaghetti (carton of 12 packs),3.3866666666666667,0.04,4,2,2,422,14.89249599645295,3,"Potential Loyal (Moderate F, Moderate M)"
1450,5,64,1073712.0,255.0,1,Beverages,Cowbell Vitarich Cream (12g sachet),3.984375,0.015625,3,1,1,311,13.886633293014013,1,"Loyal (High F, High M)"
1451,3,452,9144894.0,1714.0,13,Foodstuff,Indomie (carton of 24 packs),3.7920353982300883,0.028761061946902654,4,4,4,444,16.028706358057207,3,"Potential Loyal (Moderate F, Moderate M)"
1452,8,197,3465721.0,788.0,8,Foodstuff,Frozen Chicken Laps,4.0,0.04060913705583756,2,3,3,233,15.05843153830862,3,"Potential Loyal (Moderate F, Moderate M)"
1453,16,148,3524280.0,661.0,3,Foodstuff,Baby Formula (400g),4.466216216216216,0.02027027027027027,1,2,3,123,15.075187001792258,1,"Loyal (High F, High M)"
1454,3,682,12313008.0,2740.0,22,Foodstuff,Indomie (carton of 24 packs),4.0175953079178885,0.03225806451612903,4,5,5,455,16.326166903709527,0,"New & Infrequent (Low R, Low F, Low M)"
1455,7,55,1847831.0,226.0,2,Beverages,Domestic Beer (0.5L bottle),4.109090909090909,0.03636363636363636,2,1,2,212,14.429523617960376,1,"Loyal (High F, High M)"
1456,9,197,4423462.0,633.0,2,Foodstuff,Onions (1kg),3.213197969543147,0.01015228426395939,2,3,3,233,15.302433431453279,3,"Potential Loyal (Moderate F, Moderate M)"
1457,6,51,1160869.0,233.0,2,Foodstuff,Frozen Chicken (1kg),4.568627450980392,0.0392156862745098,3,1,1,311,13.964680281973093,1,"Loyal (High F, High M)"
1458,6,187,4145439.0,583.0,5,Beverages,Milk (1 litre),3.1176470588235294,0.026737967914438502,3,3,3,333,15.237519492908158,3,"Potential Loyal (Moderate F, Moderate M)"
1459,6,35,554117.0,100.0,0,Foodstuff,Frozen Titus Fish (1kg),2.857142857142857,0.0,3,1,1,311,13.225132939438803,1,"Loyal (High F, High M)"
1460,53,37,977896.0,146.0,0,Foodstuff,Baby Formula (400g),3.945945945945946,0.0,1,1,1,111,13.793159626497317,2,"At Risk (High R, Low F)"
1461,7,58,1712944.0,285.0,2,Foodstuff,Beef (1kg),4.913793103448276,0.034482758620689655,2,1,2,212,14.35372466937691,1,"Loyal (High F, High M)"
1462,2,318,7265855.0,1095.0,6,Foodstuff,Spaghetti (carton of 12 packs),3.443396226415094,0.018867924528301886,4,4,4,444,15.798696673234941,3,"Potential Loyal (Moderate F, Moderate M)"
1463,17,401,9544471.0,1739.0,15,Foodstuff,Frozen Chicken Laps,4.3366583541147135,0.03740648379052369,1,4,4,144,16.071472696692094,3,"Potential Loyal (Moderate F, Moderate M)"
1464,1,295,5941195.0,929.0,5,Foodstuff,Indomie (carton of 24 packs),3.1491525423728812,0.01694915254237288,5,4,3,543,15.597421017872628,3,"Potential Loyal (Moderate F, Moderate M)"
1465,2,897,18181342.0,3548.0,27,Foodstuff,Frozen Mackerel (1kg),3.9554069119286512,0.030100334448160536,4,5,5,455,16.715906516372414,0,"New & Infrequent (Low R, Low F, Low M)"
1466,1,175,3900158.0,576.0,6,Foodstuff,Garri (paint bucket),3.2914285714285714,0.03428571428571429,5,3,3,533,15.176527879499602,3,"Potential Loyal (Moderate F, Moderate M)"
1467,22,83,1350849.0,212.0,0,Foodstuff,Domestic Beer (0.5L bottle),2.5542168674698793,0.0,1,2,1,121,14.116244581910669,1,"Loyal (High F, High M)"
1468,2,581,14546969.0,2134.0,16,Foodstuff,Rice (50kg bag),3.6729776247848536,0.027538726333907058,4,5,5,455,16.49289328247259,0,"New & Infrequent (Low R, Low F, Low M)"
1469,3,82,2129114.0,289.0,3,Beverages,Spaghetti (carton of 12 packs),3.524390243902439,0.036585365853658534,4,2,2,422,14.571216958386746,1,"Loyal (High F, High M)"
1470,1,938,21532139.0,3654.0,35,Foodstuff,Spaghetti (carton of 12 packs),3.8955223880597014,0.03731343283582089,5,5,5,555,16.885057260592433,0,"New & Infrequent (Low R, Low F, Low M)"
1471,7,36,930370.0,94.0,0,Foodstuff,Coca-Cola (2L bottle),2.611111111111111,0.0,2,1,1,211,13.743338710311306,1,"Loyal (High F, High M)"
1472,2,784,15144901.0,2793.0,25,Foodstuff,Beef (1kg),3.5625,0.03188775510204082,4,5,5,455,16.533174531640103,0,"New & Infrequent (Low R, Low F, Low M)"
1473,40,57,1526823.0,382.0,3,Foodstuff,Frozen Chicken (1kg),6.701754385964913,0.05263157894736842,1,1,2,112,14.238700318880833,2,"At Risk (High R, Low F)"
1474,1,649,14884722.0,2460.0,18,Foodstuff,Rice (50kg bag),3.790446841294299,0.02773497688751926,5,5,5,555,16.5158459429206,0,"New & Infrequent (Low R, Low F, Low M)"
1475,1,238,5558824.0,1318.0,13,Foodstuff,Indomie (carton of 24 packs),5.53781512605042,0.0546218487394958,5,3,3,533,15.530897312957984,3,"Potential Loyal (Moderate F, Moderate M)"
1476,1,914,20468560.0,3509.0,33,Foodstuff,Spaghetti (carton of 12 packs),3.839168490153173,0.036105032822757115,5,5,5,555,16.834400657169382,0,"New & Infrequent (Low R, Low F, Low M)"
1477,12,42,1246052.0,121.0,0,Foodstuff,Rice (50kg bag),2.880952380952381,0.0,2,1,1,211,14.035491513540471,1,"Loyal (High F, High M)"
1478,1,223,4197532.0,822.0,7,Foodstuff,Eggs (crate of 30),3.68609865470852,0.03139013452914798,5,3,3,533,15.250007529725442,3,"Potential Loyal (Moderate F, Moderate M)"
1479,2,856,19249217.0,3023.0,19,Foodstuff,Indomie (carton of 24 packs),3.5315420560747666,0.02219626168224299,4,5,5,455,16.772980994496294,0,"New & Infrequent (Low R, Low F, Low M)"
1480,6,253,5896554.0,1170.0,8,Foodstuff,Onions (1kg),4.624505928853755,0.03162055335968379,3,3,3,333,15.589878840035862,3,"Potential Loyal (Moderate F, Moderate M)"
1481,8,269,5214571.0,1280.0,12,Foodstuff,Phone Charger,4.758364312267658,0.04460966542750929,2,3,3,233,15.46696757209982,3,"Potential Loyal (Moderate F, Moderate M)"
1482,8,381,8489292.0,1377.0,11,Foodstuff,Cowbell Vitarich Cream (12g sachet),3.6141732283464565,0.028871391076115485,2,4,4,244,15.954316280379503,3,"Potential Loyal (Moderate F, Moderate M)"
1483,5,220,3987101.0,818.0,8,Foodstuff,Onions (1kg),3.7181818181818183,0.03636363636363636,3,3,3,333,15.19857520918147,3,"Potential Loyal (Moderate F, Moderate M)"
1484,20,359,8115951.0,1594.0,17,Foodstuff,Indomie (carton of 24 packs),4.440111420612813,0.04735376044568245,1,4,4,144,15.909342065666884,3,"Potential Loyal (Moderate F, Moderate M)"
1485,5,305,6991011.0,1322.0,9,Foodstuff,Frozen Mackerel (1kg),4.334426229508197,0.029508196721311476,3,4,4,344,15.760135881985283,3,"Potential Loyal (Moderate F, Moderate M)"
1486,3,626,17484863.0,2386.0,22,Foodstuff,Indomie (carton of 24 packs),3.8115015974440896,0.03514376996805112,4,5,5,455,16.676846150353853,0,"New & Infrequent (Low R, Low F, Low M)"
1487,14,44,1999851.0,146.0,0,Foodstuff,Rice (50kg bag),3.3181818181818183,0.0,2,1,2,212,14.508583735786084,1,"Loyal (High F, High M)"
1488,15,95,1469566.0,354.0,5,Beverages,Indomie (carton of 24 packs),3.7263157894736842,0.05263157894736842,2,2,1,221,14.200478357541114,1,"Loyal (High F, High M)"
1489,1,877,21470112.0,3434.0,31,Foodstuff,Spaghetti (carton of 12 packs),3.9156214367160773,0.03534777651083238,5,5,5,555,16.88217243299901,0,"New & Infrequent (Low R, Low F, Low M)"
1490,3,666,12995439.0,2391.0,14,Foodstuff,Domestic Beer (0.5L bottle),3.59009009009009,0.021021021021021023,4,5,5,455,16.380109084661125,0,"New & Infrequent (Low R, Low F, Low M)"
1491,1,172,3461364.0,469.0,0,Foodstuff,Frozen Mackerel (1kg),2.7267441860465116,0.0,5,3,3,533,15.057173577906342,3,"Potential Loyal (Moderate F, Moderate M)"
1492,12,321,6780842.0,1240.0,7,Foodstuff,Eggs (crate of 30),3.8629283489096573,0.021806853582554516,2,4,4,244,15.72961198847065,3,"Potential Loyal (Moderate F, Moderate M)"
1493,10,109,2215510.0,473.0,6,Foodstuff,Indomie (carton of 24 packs),4.339449541284404,0.05504587155963303,2,2,2,222,14.610993634628539,1,"Loyal (High F, High M)"
1494,15,58,793506.0,187.0,2,Foodstuff,Frozen Chicken Laps,3.2241379310344827,0.034482758620689655,2,1,1,211,13.584217640585809,1,"Loyal (High F, High M)"
1495,5,177,4665338.0,1005.0,10,Foodstuff,Beans (paint bucket),5.677966101694915,0.05649717514124294,3,3,3,333,15.35567105843362,3,"Potential Loyal (Moderate F, Moderate M)"
1496,4,140,2714868.0,483.0,7,Foodstuff,Indomie (carton of 24 packs),3.45,0.05,3,2,2,322,14.814254259725677,1,"Loyal (High F, High M)"
1497,3,250,5571109.0,981.0,8,Foodstuff,Bread (500g loaf),3.924,0.032,4,3,3,433,15.533104873916619,3,"Potential Loyal (Moderate F, Moderate M)"
1498,36,41,1070197.0,167.0,2,Foodstuff,Frozen Chicken Laps,4.073170731707317,0.04878048780487805,1,1,1,111,13.883354236048026,1,"Loyal (High F, High M)"
1499,2,930,21846222.0,3397.0,25,Foodstuff,Onions (1kg),3.652688172043011,0.026881720430107527,4,5,5,455,16.899538604151893,0,"New & Infrequent (Low R, Low F, Low M)"
1500,1,957,21090765.0,3725.0,33,Foodstuff,Indomie (carton of 24 packs),3.892371995820272,0.034482758620689655,5,5,5,555,16.86434587232644,0,"New & Infrequent (Low R, Low F, Low M)"
1501,3,325,6728429.0,1122.0,5,Foodstuff,Frozen Chicken (1kg),3.4523076923076923,0.015384615384615385,4,4,4,444,15.721852390602148,3,"Potential Loyal (Moderate F, Moderate M)"
1502,2,215,5130218.0,861.0,6,Foodstuff,Indomie (carton of 24 packs),4.004651162790697,0.027906976744186046,4,3,3,433,15.450658906294237,3,"Potential Loyal (Moderate F, Moderate M)"
1503,1,100,1560802.0,302.0,2,Foodstuff,Garri (paint bucket),3.02,0.02,5,2,2,522,14.260710990380426,1,"Loyal (High F, High M)"
1504,8,537,12284359.0,1988.0,13,Foodstuff,Beans (paint bucket),3.702048417132216,0.024208566108007448,2,5,5,255,16.323837466528275,0,"New & Infrequent (Low R, Low F, Low M)"
1505,2,390,9735083.0,1470.0,19,Foodstuff,Garri (paint bucket),3.769230769230769,0.04871794871794872,4,4,4,444,16.091246825410686,3,"Potential Loyal (Moderate F, Moderate M)"
1506,5,74,2451881.0,482.0,5,Foodstuff,Baby Diapers (bulk 92 pcs),6.513513513513513,0.06756756756756757,3,2,2,322,14.712366450899818,1,"Loyal (High F, High M)"
1507,1,671,14250517.0,2482.0,20,Foodstuff,Spaghetti (carton of 12 packs),3.698956780923994,0.029806259314456036,5,5,5,555,16.47230381489545,0,"New & Infrequent (Low R, Low F, Low M)"
1508,1,507,11156459.0,1904.0,17,Foodstuff,Spaghetti (carton of 12 packs),3.755424063116371,0.03353057199211045,5,5,5,555,16.22752926029644,0,"New & Infrequent (Low R, Low F, Low M)"
1509,1,842,17210852.0,3185.0,25,Foodstuff,Bread (500g loaf),3.7826603325415675,0.029691211401425176,5,5,5,555,16.661050731166313,0,"New & Infrequent (Low R, Low F, Low M)"
1510,7,296,7325979.0,1120.0,8,Foodstuff,Rice (1kg),3.7837837837837838,0.02702702702702703,2,4,4,244,15.80693749231444,3,"Potential Loyal (Moderate F, Moderate M)"
1511,4,286,5930470.0,1039.0,7,Foodstuff,Indomie (carton of 24 packs),3.632867132867133,0.024475524475524476,3,4,3,343,15.59561419446396,3,"Potential Loyal (Moderate F, Moderate M)"
1512,12,145,3117522.0,570.0,3,Foodstuff,Onions (1kg),3.9310344827586206,0.020689655172413793,2,2,2,222,14.95254933421561,1,"Loyal (High F, High M)"
1513,1,753,15393498.0,2903.0,17,Foodstuff,Indomie (carton of 24 packs),3.855245683930943,0.02257636122177955,5,5,5,555,16.549455835399336,0,"New & Infrequent (Low R, Low F, Low M)"
1514,2,612,12531271.0,2367.0,19,Foodstuff,Cowbell Vitarich Cream (12g sachet),3.8676470588235294,0.03104575163398693,4,5,5,455,16.34373783808055,0,"New & Infrequent (Low R, Low F, Low M)"
1515,59,40,1220205.0,196.0,1,Beverages,Baby Diapers (bulk 92 pcs),4.9,0.025,1,1,1,111,14.014530254914483,2,"At Risk (High R, Low F)"
1516,8,45,805583.0,141.0,2,Beverages,Frozen Chicken (1kg),3.1333333333333333,0.044444444444444446,2,1,1,211,13.59932275921607,1,"Loyal (High F, High M)"
1517,17,180,4989642.0,687.0,5,Foodstuff,Eggs (crate of 30),3.816666666666667,0.027777777777777776,1,3,3,133,15.422874922082201,3,"Potential Loyal (Moderate F, Moderate M)"
1518,4,451,11030543.0,2356.0,24,Foodstuff,Eggs (crate of 30),5.223946784922394,0.05321507760532151,3,4,5,345,16.216178710049757,3,"Potential Loyal (Moderate F, Moderate M)"
1519,2,804,18336607.0,2859.0,23,Foodstuff,Indomie (carton of 24 packs),3.5559701492537314,0.028606965174129355,4,5,5,455,16.724410056760124,0,"New & Infrequent (Low R, Low F, Low M)"
1520,6,64,918303.0,171.0,0,Foodstuff,Onions (1kg),2.671875,0.0,3,1,1,311,13.730283769467114,1,"Loyal (High F, High M)"
1521,4,253,6339559.0,875.0,3,Foodstuff,Beans (paint bucket),3.458498023715415,0.011857707509881422,3,3,4,334,15.66231992337416,3,"Potential Loyal (Moderate F, Moderate M)"
1522,10,136,2415818.0,501.0,2,Foodstuff,Red Table Wine (good quality),3.6838235294117645,0.014705882352941176,2,2,2,222,14.697548918011865,1,"Loyal (High F, High M)"
1523,3,763,19618304.0,3362.0,24,Foodstuff,Spaghetti (carton of 12 packs),4.406290956749673,0.03145478374836173,4,5,5,455,16.79197361693223,0,"New & Infrequent (Low R, Low F, Low M)"
1524,4,572,11663577.0,2246.0,15,Foodstuff,Beef (1kg),3.9265734265734267,0.026223776223776224,3,5,5,355,16.271981552877858,0,"New & Infrequent (Low R, Low F, Low M)"
1525,1,597,11452600.0,1965.0,12,Foodstuff,Frozen Titus Fish (1kg),3.291457286432161,0.020100502512562814,5,5,5,555,16.253727423739292,0,"New & Infrequent (Low R, Low F, Low M)"
1526,11,161,3538478.0,779.0,7,Foodstuff,Eggs (crate of 30),4.838509316770186,0.043478260869565216,2,3,3,233,15.079207531762265,3,"Potential Loyal (Moderate F, Moderate M)"
1527,7,133,4139319.0,561.0,6,Beverages,Cowbell Vitarich Cream (12g sachet),4.2180451127819545,0.045112781954887216,2,2,3,223,15.236042081103061,3,"Potential Loyal (Moderate F, Moderate M)"
1528,29,76,1375235.0,244.0,2,Foodstuff,Baby Formula (400g),3.210526315789474,0.02631578947368421,1,2,1,121,14.13413591071861,1,"Loyal (High F, High M)"
1529,59,40,768486.0,138.0,2,Beverages,Spaghetti (carton of 12 packs),3.45,0.05,1,1,1,111,13.552178925747443,2,"At Risk (High R, Low F)"
1530,1,605,13997876.0,2269.0,16,Foodstuff,Spaghetti (carton of 12 packs),3.750413223140496,0.026446280991735537,5,5,5,555,16.454416233223448,0,"New & Infrequent (Low R, Low F, Low M)"
1531,1,484,11051481.0,1751.0,9,Foodstuff,Spaghetti (carton of 12 packs),3.6177685950413223,0.01859504132231405,5,4,5,545,16.218075094582126,0,"New & Infrequent (Low R, Low F, Low M)"
1532,1,800,18762478.0,2833.0,25,Foodstuff,Spaghetti (carton of 12 packs),3.54125,0.03125,5,5,5,555,16.747369635669397,0,"New & Infrequent (Low R, Low F, Low M)"
1533,4,825,17149922.0,2913.0,19,Foodstuff,Tomatoes (1kg),3.5309090909090908,0.02303030303030303,3,5,5,355,16.657504241770226,0,"New & Infrequent (Low R, Low F, Low M)"
1534,4,266,8846744.0,1365.0,9,Foodstuff,Eggs (crate of 30),5.131578947368421,0.03383458646616541,3,3,4,334,15.99556015272018,3,"Potential Loyal (Moderate F, Moderate M)"
1535,2,429,10773260.0,1838.0,14,Foodstuff,Frozen Chicken (1kg),4.284382284382285,0.03263403263403263,4,4,4,444,16.19257778881761,3,"Potential Loyal (Moderate F, Moderate M)"
1536,2,844,16240931.0,3257.0,26,Foodstuff,Spaghetti (carton of 12 packs),3.859004739336493,0.030805687203791468,4,5,5,455,16.603045280213674,0,"New & Infrequent (Low R, Low F, Low M)"
1537,1,575,12695371.0,2335.0,15,Foodstuff,Beans (paint bucket),4.060869565217391,0.02608695652173913,5,5,5,555,16.356748075566742,0,"New & Infrequent (Low R, Low F, Low M)"
1538,13,68,1441223.0,340.0,4,Foodstuff,Onions (1kg),5.0,0.058823529411764705,2,2,1,221,14.181003310506762,1,"Loyal (High F, High M)"
1539,8,163,2658620.0,660.0,5,Foodstuff,Frozen Chicken Laps,4.049079754601227,0.03067484662576687,2,3,2,232,14.793318125278594,1,"Loyal (High F, High M)"
1540,72,38,671577.0,120.0,1,Foodstuff,Beef (1kg),3.1578947368421053,0.02631578947368421,1,1,1,111,13.417385446055174,2,"At Risk (High R, Low F)"
1541,1,880,19707201.0,3464.0,25,Foodstuff,Eggs (crate of 30),3.9363636363636365,0.028409090909090908,5,5,5,555,16.796494710655104,0,"New & Infrequent (Low R, Low F, Low M)"
1542,5,258,5107732.0,1042.0,6,Foodstuff,Beef (1kg),4.038759689922481,0.023255813953488372,3,3,3,333,15.44626622382086,3,"Potential Loyal (Moderate F, Moderate M)"
1543,3,95,2029387.0,598.0,8,Foodstuff,Tomatoes (1kg),6.294736842105263,0.08421052631578947,4,2,2,422,14.52324482773188,1,"Loyal (High F, High M)"
1544,3,388,8082735.0,1306.0,12,Foodstuff,Spaghetti (carton of 12 packs),3.365979381443299,0.030927835051546393,4,4,4,444,15.90524098704193,3,"Potential Loyal (Moderate F, Moderate M)"
1545,4,269,6744628.0,985.0,10,Foodstuff,Indomie (carton of 24 packs),3.6617100371747213,0.03717472118959108,3,3,4,334,15.724257042404785,3,"Potential Loyal (Moderate F, Moderate M)"
1546,7,121,3089539.0,564.0,4,Foodstuff,Frozen Mackerel (1kg),4.661157024793388,0.03305785123966942,2,2,2,222,14.943532770478173,1,"Loyal (High F, High M)"
1547,1,44,1436275.0,114.0,0,Foodstuff,Baby Formula (400g),2.590909090909091,0.0,5,1,1,511,14.177564210679249,1,"Loyal (High F, High M)"
1548,1,361,7783145.0,1547.0,12,Foodstuff,Garri (paint bucket),4.285318559556787,0.0332409972299169,5,4,4,544,15.867471184598935,3,"Potential Loyal (Moderate F, Moderate M)"
1549,6,238,5194529.0,891.0,5,Foodstuff,Indomie (carton of 24 packs),3.7436974789915967,0.02100840336134454,3,3,3,333,15.463116706815347,3,"Potential Loyal (Moderate F, Moderate M)"
1550,1,431,10477240.0,1919.0,17,Foodstuff,Indomie (carton of 24 packs),4.452436194895592,0.03944315545243619,5,4,4,544,16.164715938838512,3,"Potential Loyal (Moderate F, Moderate M)"
1551,3,169,2933656.0,695.0,6,Foodstuff,Indomie (carton of 24 packs),4.112426035502959,0.03550295857988166,4,3,2,432,14.891760325602306,3,"Potential Loyal (Moderate F, Moderate M)"
1552,1,503,10803577.0,1987.0,18,Foodstuff,Indomie (carton of 24 packs),3.9502982107355864,0.03578528827037773,5,5,4,554,16.195387933524245,0,"New & Infrequent (Low R, Low F, Low M)"
1553,15,225,5150994.0,978.0,7,Foodstuff,Cowbell Vitarich Cream (12g sachet),4.346666666666667,0.03111111111111111,2,3,3,233,15.454700457861946,3,"Potential Loyal (Moderate F, Moderate M)"
1554,2,186,4221567.0,707.0,3,Foodstuff,Coca-Cola (2L bottle),3.8010752688172045,0.016129032258064516,4,3,3,433,15.255717180980437,3,"Potential Loyal (Moderate F, Moderate M)"
1555,2,631,14601443.0,2638.0,27,Foodstuff,Indomie (carton of 24 packs),4.180665610142631,0.042789223454833596,4,5,5,455,16.496630985897465,0,"New & Infrequent (Low R, Low F, Low M)"
1556,6,159,3053902.0,474.0,4,Foodstuff,Cowbell Vitarich Cream (12g sachet),2.981132075471698,0.025157232704402517,3,3,2,332,14.931931002632204,3,"Potential Loyal (Moderate F, Moderate M)"
1557,11,38,751936.0,113.0,0,Beverages,Spaghetti (carton of 12 packs),2.973684210526316,0.0,2,1,1,211,13.530407822826778,1,"Loyal (High F, High M)"
1558,1,26,641493.0,130.0,2,Foodstuff,Beans (paint bucket),5.0,0.07692307692307693,5,1,1,511,13.371555109915366,1,"Loyal (High F, High M)"
1559,1,449,10042002.0,1866.0,13,Foodstuff,Indomie (carton of 24 packs),4.155902004454343,0.028953229398663696,5,4,4,544,16.122287154322013,3,"Potential Loyal (Moderate F, Moderate M)"
1560,6,248,4539091.0,860.0,5,Foodstuff,Rice (1kg),3.467741935483871,0.020161290322580645,3,3,3,333,15.328237550014864,3,"Potential Loyal (Moderate F, Moderate M)"
1561,1,346,6979386.0,1460.0,12,Foodstuff,Spaghetti (carton of 12 packs),4.219653179190751,0.03468208092485549,5,4,4,544,15.758471648532376,3,"Potential Loyal (Moderate F, Moderate M)"
1562,10,91,2082098.0,262.0,0,Foodstuff,Yam (medium tuber),2.879120879120879,0.0,2,2,2,222,14.548887077458842,1,"Loyal (High F, High M)"
1563,31,43,605003.0,166.0,2,Foodstuff,Frozen Mackerel (1kg),3.86046511627907,0.046511627906976744,1,1,1,111,13.312990348561371,1,"Loyal (High F, High M)"
1564,7,31,521202.0,66.0,0,Foodstuff,Beans (paint bucket),2.129032258064516,0.0,2,1,1,211,13.163894880164074,1,"Loyal (High F, High M)"
1565,7,129,2799964.0,490.0,5,Foodstuff,Beans (paint bucket),3.798449612403101,0.03875968992248062,2,2,2,222,14.845117475067307,1,"Loyal (High F, High M)"
1566,12,233,6914121.0,1111.0,7,Foodstuff,Baby Diapers (bulk 92 pcs),4.76824034334764,0.030042918454935622,2,3,4,234,15.749076544665275,3,"Potential Loyal (Moderate F, Moderate M)"
1567,4,133,3059388.0,510.0,4,Foodstuff,Red Table Wine (good quality),3.8345864661654137,0.03007518796992481,3,2,2,322,14.9337257807886,3,"Potential Loyal (Moderate F, Moderate M)"
1568,8,159,4722940.0,966.0,9,Foodstuff,Indomie (carton of 24 packs),6.0754716981132075,0.05660377358490566,2,3,3,233,15.367942256740097,3,"Potential Loyal (Moderate F, Moderate M)"
1569,5,685,16772966.0,2964.0,27,Foodstuff,Spaghetti (carton of 12 packs),4.327007299270073,0.03941605839416058,3,5,5,355,16.63527904122727,0,"New & Infrequent (Low R, Low F, Low M)"
1570,1,121,2476613.0,479.0,4,Foodstuff,Indomie (carton of 24 packs),3.958677685950413,0.03305785123966942,5,2,2,522,14.722402862658408,1,"Loyal (High F, High M)"
1571,12,220,4157479.0,811.0,4,Foodstuff,Beans (paint bucket),3.6863636363636365,0.01818181818181818,2,3,3,233,15.240419679454366,3,"Potential Loyal (Moderate F, Moderate M)"
1572,1,448,8230321.0,1427.0,13,Foodstuff,Onions (1kg),3.185267857142857,0.029017857142857144,5,4,4,544,15.923335697039768,3,"Potential Loyal (Moderate F, Moderate M)"
1573,6,146,3166415.0,501.0,2,Foodstuff,Frozen Chicken (1kg),3.4315068493150687,0.0136986301369863,3,2,2,322,14.968110906874772,3,"Potential Loyal (Moderate F, Moderate M)"
1574,1,302,7081307.0,1227.0,10,Foodstuff,Garri (paint bucket),4.062913907284768,0.033112582781456956,5,4,4,544,15.772969194369217,3,"Potential Loyal (Moderate F, Moderate M)"
1575,8,568,14177999.0,2176.0,16,Foodstuff,Rice (50kg bag),3.8309859154929575,0.028169014084507043,2,5,5,255,16.4672020253971,0,"New & Infrequent (Low R, Low F, Low M)"
1576,2,834,20798511.0,3017.0,18,Foodstuff,Beans (paint bucket),3.617505995203837,0.02158273381294964,4,5,5,455,16.85039200365101,0,"New & Infrequent (Low R, Low F, Low M)"
1577,20,55,652424.0,141.0,1,Foodstuff,Beef (1kg),2.5636363636363635,0.01818181818181818,1,1,1,111,13.38845146904385,1,"Loyal (High F, High M)"
1578,1,819,16921214.0,2923.0,26,Foodstuff,Spaghetti (carton of 12 packs),3.568986568986569,0.031746031746031744,5,5,5,555,16.644078718074883,0,"New & Infrequent (Low R, Low F, Low M)"
1579,18,207,4922262.0,1029.0,10,Foodstuff,Spaghetti (carton of 12 packs),4.971014492753623,0.04830917874396135,1,3,3,133,15.409278942069209,3,"Potential Loyal (Moderate F, Moderate M)"
1580,9,63,944053.0,203.0,1,Foodstuff,Garri (paint bucket),3.2222222222222223,0.015873015873015872,2,1,1,211,13.757938646881417,1,"Loyal (High F, High M)"
1581,2,196,3671936.0,711.0,5,Foodstuff,Bread (500g loaf),3.627551020408163,0.025510204081632654,4,3,3,433,15.116229873712593,3,"Potential Loyal (Moderate F, Moderate M)"
1582,1,907,21045640.0,3571.0,24,Foodstuff,Spaghetti (carton of 12 packs),3.9371554575523704,0.026460859977949284,5,5,5,555,16.862204018264176,0,"New & Infrequent (Low R, Low F, Low M)"
1583,1,221,5128404.0,630.0,0,Foodstuff,Phone Charger,2.8506787330316743,0.0,5,3,3,533,15.450305252623158,3,"Potential Loyal (Moderate F, Moderate M)"
1584,1,130,1919561.0,408.0,2,Foodstuff,Garri (paint bucket),3.1384615384615384,0.015384615384615385,5,2,2,522,14.4676075929795,1,"Loyal (High F, High M)"
1585,7,294,4903482.0,1076.0,11,Foodstuff,Spaghetti (carton of 12 packs),3.6598639455782314,0.03741496598639456,2,4,3,243,15.405456326897113,3,"Potential Loyal (Moderate F, Moderate M)"
1586,15,52,1567671.0,207.0,3,Foodstuff,Baby Diapers (bulk 92 pcs),3.980769230769231,0.057692307692307696,2,1,2,212,14.265102274337064,1,"Loyal (High F, High M)"
1587,4,52,1144162.0,251.0,2,Foodstuff,Yam (medium tuber),4.826923076923077,0.038461538461538464,3,1,1,311,13.950183923289693,1,"Loyal (High F, High M)"
1588,82,36,576668.0,103.0,1,Foodstuff,Beans (paint bucket),2.861111111111111,0.027777777777777776,1,1,1,111,13.265023724040441,2,"At Risk (High R, Low F)"
1589,50,39,978392.0,124.0,1,Foodstuff,Power Bank,3.1794871794871793,0.02564102564102564,1,1,1,111,13.793666708791484,2,"At Risk (High R, Low F)"
1590,6,46,1204032.0,130.0,1,Beverages,Frozen Chicken (1kg),2.8260869565217392,0.021739130434782608,3,1,1,311,14.001187313113167,1,"Loyal (High F, High M)"
1591,8,60,1890417.0,198.0,1,Foodstuff,Cowbell Vitarich Cream (12g sachet),3.3,0.016666666666666666,2,1,2,212,14.452308526603833,1,"Loyal (High F, High M)"
1592,11,298,7648223.0,1215.0,10,Foodstuff,Cowbell Vitarich Cream (12g sachet),4.077181208053691,0.03355704697986577,2,4,4,244,15.849984021987398,3,"Potential Loyal (Moderate F, Moderate M)"
1593,47,56,1843660.0,182.0,1,Foodstuff,Beans (paint bucket),3.25,0.017857142857142856,1,1,2,112,14.427263826718734,2,"At Risk (High R, Low F)"
1594,3,140,2814489.0,666.0,6,Foodstuff,Spaghetti (carton of 12 packs),4.757142857142857,0.04285714285714286,4,2,2,422,14.850291630850949,3,"Potential Loyal (Moderate F, Moderate M)"
1595,1,629,14618235.0,2138.0,14,Foodstuff,Spaghetti (carton of 12 packs),3.3990461049284577,0.022257551669316374,5,5,5,555,16.497780348371563,0,"New & Infrequent (Low R, Low F, Low M)"
1596,5,164,4086108.0,547.0,3,Foodstuff,Domestic Beer (0.5L bottle),3.3353658536585367,0.018292682926829267,3,3,3,333,15.223103730460085,3,"Potential Loyal (Moderate F, Moderate M)"
1597,3,286,7955997.0,1516.0,15,Foodstuff,Cowbell Vitarich Cream (12g sachet),5.300699300699301,0.05244755244755245,4,4,4,444,15.889436667573364,3,"Potential Loyal (Moderate F, Moderate M)"
1598,25,56,1456673.0,367.0,3,Foodstuff,Baby Diapers (bulk 92 pcs),6.553571428571429,0.05357142857142857,1,1,1,111,14.191666312715935,1,"Loyal (High F, High M)"
1599,96,42,1287492.0,235.0,2,Beverages,Red Table Wine (good quality),5.595238095238095,0.047619047619047616,1,1,1,111,14.068207474612045,2,"At Risk (High R, Low F)"
1600,35,36,404958.0,97.0,0,Foodstuff,Coca-Cola (2L bottle),2.6944444444444446,0.0,1,1,1,111,12.91154110639621,1,"Loyal (High F, High M)"
1601,11,53,1638648.0,126.0,0,Foodstuff,Baby Diapers (bulk 92 pcs),2.3773584905660377,0.0,2,1,2,212,14.309382679818972,1,"Loyal (High F, High M)"
1602,14,95,2516264.0,350.0,4,Foodstuff,Spaghetti (carton of 12 packs),3.6842105263157894,0.042105263157894736,2,2,2,222,14.738286217170232,1,"Loyal (High F, High M)"
1603,37,50,621994.0,158.0,1,Foodstuff,Bar Soap,3.16,0.02,1,1,1,111,13.340687333103798,2,"At Risk (High R, Low F)"
1604,8,33,446109.0,80.0,0,Foodstuff,Frozen Mackerel (1kg),2.4242424242424243,0.0,2,1,1,211,13.008320837363653,1,"Loyal (High F, High M)"
1605,69,51,942208.0,247.0,3,Foodstuff,Yam (medium tuber),4.8431372549019605,0.058823529411764705,1,1,1,111,13.755982397314535,2,"At Risk (High R, Low F)"
1606,1,179,3599902.0,606.0,5,Foodstuff,Bread (500g loaf),3.3854748603351954,0.027932960893854747,5,3,3,533,15.096417458618886,3,"Potential Loyal (Moderate F, Moderate M)"
1607,3,91,2262475.0,544.0,6,Foodstuff,Cowbell Vitarich Cream (12g sachet),5.978021978021978,0.06593406593406594,4,2,2,422,14.631970346765149,1,"Loyal (High F, High M)"
1608,21,142,2337235.0,578.0,6,Foodstuff,Indomie (carton of 24 packs),4.070422535211268,0.04225352112676056,1,2,2,122,14.664479592590174,1,"Loyal (High F, High M)"
1609,9,227,4536270.0,799.0,6,Foodstuff,Beans (paint bucket),3.5198237885462555,0.02643171806167401,2,3,3,233,15.327615866873185,3,"Potential Loyal (Moderate F, Moderate M)"
1610,1,357,8823807.0,1716.0,18,Foodstuff,Beans (paint bucket),4.80672268907563,0.05042016806722689,5,4,4,544,15.99296408083922,3,"Potential Loyal (Moderate F, Moderate M)"
1611,50,31,1386192.0,106.0,1,Foodstuff,Baby Diapers (bulk 92 pcs),3.4193548387096775,0.03225806451612903,1,1,1,111,14.142071698676904,2,"At Risk (High R, Low F)"
1612,1,459,8831699.0,1807.0,18,Foodstuff,Spaghetti (carton of 12 packs),3.9368191721132897,0.0392156862745098,5,4,4,544,15.993858079530805,3,"Potential Loyal (Moderate F, Moderate M)"
1613,3,297,7843045.0,1371.0,12,Foodstuff,Coca-Cola (2L bottle),4.616161616161616,0.04040404040404041,4,4,4,444,15.875137837280244,3,"Potential Loyal (Moderate F, Moderate M)"
1614,1,30,719213.0,71.0,0,Foodstuff,Cowbell Vitarich Cream (12g sachet),2.3666666666666667,0.0,5,1,1,511,13.485914228023502,1,"Loyal (High F, High M)"
1615,2,637,15305359.0,2557.0,20,Foodstuff,Onions (1kg),4.014128728414443,0.03139717425431711,4,5,5,455,16.543713651809945,0,"New & Infrequent (Low R, Low F, Low M)"
1616,1,717,16117418.0,2942.0,25,Foodstuff,Coca-Cola (2L bottle),4.103207810320781,0.03486750348675035,5,5,5,555,16.595411170560986,0,"New & Infrequent (Low R, Low F, Low M)"
1617,38,43,883139.0,156.0,0,Foodstuff,Cowbell Vitarich Cream (12g sachet),3.627906976744186,0.0,1,1,1,111,13.691239017414688,2,"At Risk (High R, Low F)"
1618,8,125,2551840.0,496.0,4,Foodstuff,Frozen Titus Fish (1kg),3.968,0.032,2,2,2,222,14.752325617430603,1,"Loyal (High F, High M)"
1619,1,492,10045342.0,1719.0,15,Foodstuff,Indomie (carton of 24 packs),3.4939024390243905,0.03048780487804878,5,5,4,554,16.122619701989663,0,"New & Infrequent (Low R, Low F, Low M)"
1620,4,424,9828246.0,1564.0,14,Foodstuff,Onions (1kg),3.688679245283019,0.0330188679245283,3,4,4,344,16.100771144582527,3,"Potential Loyal (Moderate F, Moderate M)"
1621,8,72,1288779.0,223.0,2,Foodstuff,Coca-Cola (2L bottle),3.0972222222222223,0.027777777777777776,2,2,1,221,14.069206592412884,1,"Loyal (High F, High M)"
1622,13,52,490501.0,123.0,0,Beverages,Salt (big size),2.3653846153846154,0.0,2,1,1,211,13.103184635451209,1,"Loyal (High F, High M)"
1623,1,154,3039859.0,448.0,2,Foodstuff,Baby Formula (400g),2.909090909090909,0.012987012987012988,5,3,2,532,14.92732201969037,3,"Potential Loyal (Moderate F, Moderate M)"
1624,11,207,4097701.0,883.0,8,Foodstuff,Cowbell Vitarich Cream (12g sachet),4.265700483091788,0.03864734299516908,2,3,3,233,15.225936886737651,3,"Potential Loyal (Moderate F, Moderate M)"
1625,4,288,5955770.0,1150.0,10,Foodstuff,Frozen Chicken Laps,3.9930555555555554,0.034722222222222224,3,4,3,343,15.599871223423632,3,"Potential Loyal (Moderate F, Moderate M)"
1626,1,148,2711405.0,445.0,3,Foodstuff,Frozen Chicken Laps,3.0067567567567566,0.02027027027027027,5,2,2,522,14.812977877503933,3,"Potential Loyal (Moderate F, Moderate M)"
1627,1,173,3774046.0,820.0,9,Foodstuff,Indomie (carton of 24 packs),4.7398843930635834,0.05202312138728324,5,3,3,533,15.143658458463188,3,"Potential Loyal (Moderate F, Moderate M)"
1628,2,417,8553686.0,1683.0,12,Foodstuff,Indomie (carton of 24 packs),4.0359712230215825,0.02877697841726619,4,4,4,444,15.961872976031016,3,"Potential Loyal (Moderate F, Moderate M)"
1629,61,33,598457.0,122.0,2,Beverages,Onions (1kg),3.696969696969697,0.06060606060606061,1,1,1,111,13.302111626079157,2,"At Risk (High R, Low F)"
1630,2,99,2583149.0,422.0,4,Foodstuff,Spaghetti (carton of 12 packs),4.262626262626263,0.04040404040404041,4,2,2,422,14.764520142401155,1,"Loyal (High F, High M)"
1631,8,416,9564655.0,1347.0,8,Foodstuff,Beef (1kg),3.237980769230769,0.019230769230769232,2,4,4,244,16.073585195756017,3,"Potential Loyal (Moderate F, Moderate M)"
1632,1,634,13796624.0,2649.0,20,Foodstuff,Yam (medium tuber),4.178233438485805,0.031545741324921134,5,5,5,555,16.43993455499909,0,"New & Infrequent (Low R, Low F, Low M)"
1633,1,216,4683263.0,987.0,6,Foodstuff,Baby Formula (400g),4.569444444444445,0.027777777777777776,5,3,3,533,15.359505860695872,3,"Potential Loyal (Moderate F, Moderate M)"
1634,11,272,4912866.0,1011.0,6,Foodstuff,Indomie (carton of 24 packs),3.7169117647058822,0.022058823529411766,2,3,3,233,15.407368239748331,3,"Potential Loyal (Moderate F, Moderate M)"
1635,6,54,1889506.0,171.0,0,Foodstuff,Baby Diapers (bulk 92 pcs),3.1666666666666665,0.0,3,1,2,312,14.451826506448597,1,"Loyal (High F, High M)"
1636,4,158,3654106.0,567.0,2,Foodstuff,Yam (medium tuber),3.588607594936709,0.012658227848101266,3,3,3,333,15.11136229846891,3,"Potential Loyal (Moderate F, Moderate M)"
1637,2,224,5603126.0,968.0,7,Foodstuff,Beans (paint bucket),4.321428571428571,0.03125,4,3,3,433,15.53883539271924,3,"Potential Loyal (Moderate F, Moderate M)"
1638,9,72,2216586.0,302.0,3,Foodstuff,Tomatoes (1kg),4.194444444444445,0.041666666666666664,2,2,2,222,14.611479183468452,1,"Loyal (High F, High M)"
1639,31,126,2363917.0,391.0,3,Foodstuff,Bread (500g loaf),3.1031746031746033,0.023809523809523808,1,2,2,122,14.675830969935284,1,"Loyal (High F, High M)"
1640,1,182,5041658.0,618.0,3,Beverages,Coca-Cola (2L bottle),3.3956043956043955,0.016483516483516484,5,3,3,533,15.433245752550757,3,"Potential Loyal (Moderate F, Moderate M)"
1641,30,35,1150461.0,248.0,2,Foodstuff,Beans (paint bucket),7.085714285714285,0.05714285714285714,1,1,1,111,13.95567415879431,1,"Loyal (High F, High M)"
1642,21,102,2417024.0,397.0,3,Foodstuff,Garri (paint bucket),3.892156862745098,0.029411764705882353,1,2,2,122,14.698048003033037,1,"Loyal (High F, High M)"
1643,41,65,1843057.0,438.0,5,Foodstuff,Red Table Wine (good quality),6.7384615384615385,0.07692307692307693,1,2,2,122,14.426936706585426,2,"At Risk (High R, Low F)"
1644,12,148,4329737.0,592.0,2,Foodstuff,Beans (paint bucket),4.0,0.013513513513513514,2,2,3,223,15.281017590064844,3,"Potential Loyal (Moderate F, Moderate M)"
1645,21,64,1453662.0,453.0,5,Beverages,Baby Formula (400g),7.078125,0.078125,1,1,1,111,14.189597135796355,1,"Loyal (High F, High M)"
1646,1,680,17303788.0,2510.0,16,Foodstuff,Spaghetti (carton of 12 packs),3.6911764705882355,0.023529411764705882,5,5,5,555,16.666436052828253,0,"New & Infrequent (Low R, Low F, Low M)"
1647,1,282,6453110.0,1251.0,12,Foodstuff,Indomie (carton of 24 packs),4.4361702127659575,0.0425531914893617,5,4,4,544,15.680072898071757,3,"Potential Loyal (Moderate F, Moderate M)"
1648,4,353,7167901.0,1084.0,8,Foodstuff,Beef (1kg),3.0708215297450425,0.0226628895184136,3,4,4,344,15.785123561668442,3,"Potential Loyal (Moderate F, Moderate M)"
1649,3,468,9413144.0,1613.0,16,Foodstuff,Spaghetti (carton of 12 packs),3.4465811965811968,0.03418803418803419,4,4,4,444,16.05761767463891,3,"Potential Loyal (Moderate F, Moderate M)"
1650,5,186,4173117.0,537.0,1,Foodstuff,Phone Charger,2.8870967741935485,0.005376344086021506,3,3,3,333,15.244174036192833,3,"Potential Loyal (Moderate F, Moderate M)"
1651,6,52,1427171.0,213.0,3,Foodstuff,Beef (1kg),4.096153846153846,0.057692307692307696,3,1,1,311,14.17120542178135,1,"Loyal (High F, High M)"
1652,7,195,4162582.0,568.0,3,Foodstuff,Baby Wipes,2.9128205128205127,0.015384615384615385,2,3,3,233,15.241646353011978,3,"Potential Loyal (Moderate F, Moderate M)"
1653,1,280,6475301.0,989.0,3,Foodstuff,Indomie (carton of 24 packs),3.532142857142857,0.010714285714285714,5,4,4,544,15.683505805388862,3,"Potential Loyal (Moderate F, Moderate M)"
1654,1,354,8535855.0,1293.0,14,Foodstuff,Spaghetti (carton of 12 packs),3.652542372881356,0.03954802259887006,5,4,4,544,15.959786202093222,3,"Potential Loyal (Moderate F, Moderate M)"
1655,9,160,4273054.0,878.0,9,Foodstuff,Screen Protector,5.4875,0.05625,2,3,3,233,15.267839586062165,3,"Potential Loyal (Moderate F, Moderate M)"
1656,3,53,588634.0,188.0,2,Beverages,Bread (500g loaf),3.547169811320755,0.03773584905660377,4,1,1,411,13.285561576146504,1,"Loyal (High F, High M)"
1657,3,93,2145386.0,340.0,5,Foodstuff,Onions (1kg),3.6559139784946235,0.053763440860215055,4,2,2,422,14.578830513651019,1,"Loyal (High F, High M)"
1658,25,133,2862826.0,389.0,1,Foodstuff,Beef (1kg),2.924812030075188,0.007518796992481203,1,2,2,122,14.867320156128079,1,"Loyal (High F, High M)"
1659,5,364,7775192.0,1474.0,11,Foodstuff,Beef (1kg),4.049450549450549,0.03021978021978022,3,4,4,344,15.866448838872609,3,"Potential Loyal (Moderate F, Moderate M)"
1660,4,281,5716683.0,1028.0,9,Foodstuff,Beef (1kg),3.6583629893238436,0.03202846975088968,3,4,3,343,15.558899474973488,3,"Potential Loyal (Moderate F, Moderate M)"
1661,2,128,3101576.0,524.0,4,Foodstuff,Onions (1kg),4.09375,0.03125,4,2,2,422,14.947421249783892,3,"Potential Loyal (Moderate F, Moderate M)"
1662,4,861,18579548.0,3353.0,23,Foodstuff,Spaghetti (carton of 12 packs),3.894308943089431,0.026713124274099883,3,5,5,355,16.737572017643092,0,"New & Infrequent (Low R, Low F, Low M)"
1663,4,264,6733591.0,1098.0,10,Foodstuff,Frozen Chicken (1kg),4.159090909090909,0.03787878787878788,3,3,4,334,15.722619288807039,3,"Potential Loyal (Moderate F, Moderate M)"
1664,42,44,718997.0,135.0,1,Foodstuff,Cowbell Vitarich Cream (12g sachet),3.0681818181818183,0.022727272727272728,1,1,1,111,13.485613855058146,2,"At Risk (High R, Low F)"
1665,32,51,560427.0,157.0,1,Foodstuff,Screen Protector,3.0784313725490198,0.0196078431372549,1,1,1,111,13.23645605650802,1,"Loyal (High F, High M)"
1666,24,58,1400188.0,195.0,2,Foodstuff,Frozen Titus Fish (1kg),3.3620689655172415,0.034482758620689655,1,1,1,111,14.152117785473807,1,"Loyal (High F, High M)"
1667,12,116,3102328.0,390.0,2,Foodstuff,Indomie (carton of 24 packs),3.3620689655172415,0.017241379310344827,2,2,2,222,14.947663677700653,1,"Loyal (High F, High M)"
1668,5,57,1937127.0,162.0,0,Beverages,Spaghetti (carton of 12 packs),2.8421052631578947,0.0,3,1,2,312,14.47671702177528,1,"Loyal (High F, High M)"
1669,16,71,1552560.0,381.0,4,Foodstuff,Domestic Beer (0.5L bottle),5.366197183098592,0.056338028169014086,1,2,2,122,14.25541638348326,1,"Loyal (High F, High M)"
1670,5,102,2116107.0,294.0,3,Foodstuff,Frozen Mackerel (1kg),2.8823529411764706,0.029411764705882353,3,2,2,322,14.56508911035539,1,"Loyal (High F, High M)"
1671,33,47,720528.0,153.0,2,Foodstuff,Maggi Star Cube (4g x 20s),3.25531914893617,0.0425531914893617,1,1,1,111,13.48774094343822,1,"Loyal (High F, High M)"
1672,3,612,15159242.0,2750.0,27,Foodstuff,Indomie (carton of 24 packs),4.493464052287582,0.04411764705882353,4,5,5,455,16.534121002894814,0,"New & Infrequent (Low R, Low F, Low M)"
1673,14,51,769337.0,178.0,1,Foodstuff,Onions (1kg),3.4901960784313726,0.0196078431372549,2,1,1,211,13.553285683781507,1,"Loyal (High F, High M)"
1674,9,206,4754046.0,1098.0,9,Foodstuff,Tomatoes (1kg),5.330097087378641,0.043689320388349516,2,3,3,233,15.37450681326485,3,"Potential Loyal (Moderate F, Moderate M)"
1675,18,156,3472328.0,689.0,7,Foodstuff,Indomie (carton of 24 packs),4.416666666666667,0.04487179487179487,1,3,3,133,15.060336108337632,1,"Loyal (High F, High M)"
1676,3,847,17620755.0,3178.0,29,Foodstuff,Yam (medium tuber),3.7520661157024793,0.03423848878394333,4,5,5,455,16.684588083340756,0,"New & Infrequent (Low R, Low F, Low M)"
1677,22,39,492735.0,96.0,0,Foodstuff,Power Bank,2.4615384615384617,0.0,1,1,1,111,13.107728812637722,1,"Loyal (High F, High M)"
1678,4,133,2871380.0,648.0,8,Foodstuff,Domestic Beer (0.5L bottle),4.87218045112782,0.06015037593984962,3,2,2,322,14.870303656672574,3,"Potential Loyal (Moderate F, Moderate M)"
1679,3,868,17516496.0,3341.0,18,Foodstuff,Yam (medium tuber),3.8490783410138247,0.020737327188940093,4,5,5,455,16.678653680558895,0,"New & Infrequent (Low R, Low F, Low M)"
1680,5,576,13376337.0,1989.0,18,Foodstuff,Onions (1kg),3.453125,0.03125,3,5,5,355,16.408997883126116,0,"New & Infrequent (Low R, Low F, Low M)"
1681,5,480,9446645.0,1700.0,14,Foodstuff,Beef (1kg),3.5416666666666665,0.029166666666666667,3,4,4,344,16.06117031583577,0,"New & Infrequent (Low R, Low F, Low M)"
1682,10,106,3142846.0,360.0,1,Foodstuff,Spaghetti (carton of 12 packs),3.3962264150943398,0.009433962264150943,2,2,2,222,14.960639634989342,1,"Loyal (High F, High M)"
1683,42,41,592945.0,113.0,1,Foodstuff,Frozen Mackerel (1kg),2.7560975609756095,0.024390243902439025,1,1,1,111,13.292858611438827,2,"At Risk (High R, Low F)"
1684,3,306,7632413.0,1829.0,18,Foodstuff,Garri (paint bucket),5.977124183006536,0.058823529411764705,4,4,4,444,15.847914735922057,3,"Potential Loyal (Moderate F, Moderate M)"
1685,9,834,21566506.0,3266.0,24,Foodstuff,Spaghetti (carton of 12 packs),3.9160671462829737,0.02877697841726619,2,5,5,255,16.886652067375305,0,"New & Infrequent (Low R, Low F, Low M)"
1686,1,218,5730716.0,919.0,7,Foodstuff,Indomie (carton of 24 packs),4.215596330275229,0.03211009174311927,5,3,3,533,15.561351211752758,3,"Potential Loyal (Moderate F, Moderate M)"
1687,1,215,4138227.0,718.0,3,Foodstuff,Phone Case,3.33953488372093,0.013953488372093023,5,3,3,533,15.23577823485141,3,"Potential Loyal (Moderate F, Moderate M)"
1688,4,93,2475458.0,495.0,4,Foodstuff,Laundry Detergent (3L),5.32258064516129,0.043010752688172046,3,2,2,322,14.721936391335815,1,"Loyal (High F, High M)"
1689,2,455,10026921.0,1628.0,14,Foodstuff,Indomie (carton of 24 packs),3.578021978021978,0.03076923076923077,4,4,4,444,16.120784233479096,3,"Potential Loyal (Moderate F, Moderate M)"
1690,7,85,1514781.0,326.0,2,Foodstuff,Cowbell Vitarich Cream (12g sachet),3.835294117647059,0.023529411764705882,2,2,2,222,14.230782092182377,1,"Loyal (High F, High M)"
1691,4,100,2261673.0,295.0,1,Foodstuff,Garri (paint bucket),2.95,0.01,3,2,2,322,14.631615805024314,1,"Loyal (High F, High M)"
1692,15,127,2511915.0,476.0,6,Foodstuff,Spaghetti (carton of 12 packs),3.748031496062992,0.047244094488188976,2,2,2,222,14.736556366520668,1,"Loyal (High F, High M)"
1693,4,197,4189662.0,816.0,9,Foodstuff,Beef (1kg),4.1421319796954315,0.04568527918781726,3,3,3,333,15.248130859069414,3,"Potential Loyal (Moderate F, Moderate M)"
1694,10,91,1965594.0,327.0,2,Foodstuff,Jeans,3.5934065934065935,0.02197802197802198,2,2,2,222,14.491305556433327,1,"Loyal (High F, High M)"
1695,2,33,748094.0,92.0,1,Foodstuff,Frozen Titus Fish (1kg),2.787878787878788,0.030303030303030304,4,1,1,411,13.525285254239712,1,"Loyal (High F, High M)"
1696,2,284,6044727.0,922.0,5,Foodstuff,Frozen Mackerel (1kg),3.2464788732394365,0.017605633802816902,4,4,4,444,15.614697045154335,3,"Potential Loyal (Moderate F, Moderate M)"
1697,25,86,2569006.0,492.0,6,Foodstuff,Cowbell Vitarich Cream (12g sachet),5.72093023255814,0.06976744186046512,1,2,2,122,14.759030000883948,1,"Loyal (High F, High M)"
1698,7,282,6555015.0,1096.0,8,Foodstuff,Beef (1kg),3.8865248226950353,0.028368794326241134,2,4,4,244,15.695741116061779,3,"Potential Loyal (Moderate F, Moderate M)"
1699,9,69,1327851.0,226.0,0,Foodstuff,Beans (paint bucket),3.2753623188405796,0.0,2,2,1,221,14.099073157024842,1,"Loyal (High F, High M)"
1700,5,213,4191992.0,925.0,9,Foodstuff,Frozen Chicken Laps,4.342723004694836,0.04225352112676056,3,3,3,333,15.248686835134293,3,"Potential Loyal (Moderate F, Moderate M)"
1701,15,234,5130658.0,862.0,5,Foodstuff,Phone Charger,3.6837606837606836,0.021367521367521368,2,3,3,233,15.450744668935654,3,"Potential Loyal (Moderate F, Moderate M)"
1702,1,24,841831.0,101.0,0,Foodstuff,Rice (1kg),4.208333333333333,0.0,5,1,1,511,13.643335748376098,1,"Loyal (High F, High M)"
1703,2,109,1688903.0,305.0,1,Foodstuff,Frozen Titus Fish (1kg),2.7981651376146788,0.009174311926605505,4,2,2,422,14.33959035580868,1,"Loyal (High F, High M)"
1704,22,41,1148947.0,127.0,0,Foodstuff,Golden Morn (45g sachet),3.097560975609756,0.0,1,1,1,111,13.95435729906178,1,"Loyal (High F, High M)"
1705,21,59,1660102.0,203.0,1,Foodstuff,Terra Oil (1 litre),3.440677966101695,0.01694915254237288,1,1,2,112,14.322390206600588,1,"Loyal (High F, High M)"
1706,4,853,20327335.0,3610.0,28,Foodstuff,Tomatoes (1kg),4.232121922626026,0.032825322391559206,3,5,5,355,16.827477139143255,0,"New & Infrequent (Low R, Low F, Low M)"
1707,7,113,2504282.0,710.0,6,Foodstuff,Coca-Cola (2L bottle),6.283185840707965,0.05309734513274336,2,2,2,222,14.733513023985271,1,"Loyal (High F, High M)"
1708,1,523,12666009.0,1675.0,7,Foodstuff,Beef (1kg),3.202676864244742,0.01338432122370937,5,5,5,555,16.354432585573438,0,"New & Infrequent (Low R, Low F, Low M)"
1709,17,71,1261485.0,195.0,1,Foodstuff,Beef (1kg),2.7464788732394365,0.014084507042253521,1,2,1,121,14.04780094910234,1,"Loyal (High F, High M)"
1710,7,347,7333196.0,1373.0,10,Foodstuff,Frozen Mackerel (1kg),3.956772334293948,0.02881844380403458,2,4,4,244,15.807922131572576,3,"Potential Loyal (Moderate F, Moderate M)"
1711,3,491,9768500.0,2061.0,22,Foodstuff,Spaghetti (carton of 12 packs),4.197556008146639,0.04480651731160896,4,5,4,454,16.094673583383685,0,"New & Infrequent (Low R, Low F, Low M)"
1712,3,296,6406529.0,1326.0,12,Foodstuff,Red Table Wine (good quality),4.47972972972973,0.04054054054054054,4,4,4,444,15.672828340664893,3,"Potential Loyal (Moderate F, Moderate M)"
1713,7,175,4170726.0,659.0,7,Foodstuff,Spaghetti (carton of 12 packs),3.7657142857142856,0.04,2,3,3,233,15.243600919107019,3,"Potential Loyal (Moderate F, Moderate M)"
1714,17,156,3640103.0,622.0,6,Foodstuff,Indomie (carton of 24 packs),3.9871794871794872,0.038461538461538464,1,3,3,133,15.10752281063334,1,"Loyal (High F, High M)"
1715,18,120,2685466.0,645.0,3,Foodstuff,Beans (paint bucket),5.375,0.025,1,2,2,122,14.803365200037666,1,"Loyal (High F, High M)"
1716,2,802,16741370.0,3640.0,36,Foodstuff,Indomie (carton of 24 packs),4.538653366583541,0.04488778054862843,4,5,5,455,16.63339351931359,0,"New & Infrequent (Low R, Low F, Low M)"
1717,4,533,12678163.0,2304.0,18,Foodstuff,Frozen Chicken (1kg),4.322701688555347,0.03377110694183865,3,5,5,355,16.35539170153687,0,"New & Infrequent (Low R, Low F, Low M)"
1718,1,844,18788737.0,3097.0,16,Foodstuff,Beef (1kg),3.669431279620853,0.018957345971563982,5,5,5,555,16.748768205749307,0,"New & Infrequent (Low R, Low F, Low M)"
1719,72,37,467686.0,178.0,1,Foodstuff,Bar Soap,4.8108108108108105,0.02702702702702703,1,1,1,111,13.055554547732205,2,"At Risk (High R, Low F)"
1720,1,382,8354710.0,1357.0,12,Foodstuff,Rice (50kg bag),3.5523560209424083,0.031413612565445025,5,4,4,544,15.938336129347553,3,"Potential Loyal (Moderate F, Moderate M)"
1721,1,830,17236731.0,3254.0,25,Foodstuff,Bread (500g loaf),3.9204819277108434,0.030120481927710843,5,5,5,555,16.66255324606648,0,"New & Infrequent (Low R, Low F, Low M)"
1722,21,69,2160445.0,395.0,5,Foodstuff,Indomie (carton of 24 packs),5.72463768115942,0.07246376811594203,1,2,2,122,14.585825239827463,1,"Loyal (High F, High M)"
1723,9,63,1290812.0,262.0,3,Foodstuff,Frozen Titus Fish (1kg),4.158730158730159,0.047619047619047616,2,1,1,211,14.070782810382857,1,"Loyal (High F, High M)"
1724,2,418,9223570.0,1411.0,8,Foodstuff,Frozen Chicken (1kg),3.375598086124402,0.019138755980861243,4,4,4,444,16.037272830742772,3,"Potential Loyal (Moderate F, Moderate M)"
1725,5,283,5431174.0,1022.0,11,Foodstuff,Beans (paint bucket),3.6113074204946995,0.038869257950530034,3,4,3,343,15.50766605892466,3,"Potential Loyal (Moderate F, Moderate M)"
1726,11,503,12094288.0,1785.0,15,Foodstuff,Spaghetti (carton of 12 packs),3.548707753479125,0.02982107355864811,2,5,5,255,16.308243915676638,0,"New & Infrequent (Low R, Low F, Low M)"
1727,18,43,1195698.0,203.0,1,Foodstuff,Yam (medium tuber),4.72093023255814,0.023255813953488372,1,1,1,111,13.994241509577138,1,"Loyal (High F, High M)"
1728,1,542,12413719.0,2153.0,20,Foodstuff,Indomie (carton of 24 packs),3.9723247232472323,0.03690036900369004,5,5,5,555,16.334312870521728,0,"New & Infrequent (Low R, Low F, Low M)"
1729,2,79,1851467.0,237.0,0,Foodstuff,Coca-Cola (2L bottle),3.0,0.0,4,2,2,422,14.431489395902624,1,"Loyal (High F, High M)"
1730,10,54,947970.0,190.0,2,Foodstuff,Maggi Star Cube (4g x 20s),3.5185185185185186,0.037037037037037035,2,1,1,211,13.762079190051955,1,"Loyal (High F, High M)"
1731,1,54,865045.0,248.0,3,Foodstuff,Frozen Chicken Laps,4.592592592592593,0.05555555555555555,5,1,1,511,13.670537963690805,1,"Loyal (High F, High M)"
1732,1,468,10035341.0,1896.0,17,Foodstuff,Indomie (carton of 24 packs),4.051282051282051,0.03632478632478633,5,4,4,544,16.12162362034933,0,"New & Infrequent (Low R, Low F, Low M)"
1733,4,272,5691751.0,961.0,7,Foodstuff,Coca-Cola (2L bottle),3.5330882352941178,0.025735294117647058,3,3,3,333,15.554528667319985,3,"Potential Loyal (Moderate F, Moderate M)"
1734,6,221,5556882.0,815.0,6,Foodstuff,Eggs (crate of 30),3.6877828054298645,0.027149321266968326,3,3,3,333,15.530547897514586,3,"Potential Loyal (Moderate F, Moderate M)"
1735,2,119,3802537.0,403.0,1,Foodstuff,Onions (1kg),3.3865546218487395,0.008403361344537815,4,2,3,423,15.15117929649103,3,"Potential Loyal (Moderate F, Moderate M)"
1736,3,609,13607630.0,2522.0,21,Foodstuff,Indomie (carton of 24 packs),4.141215106732348,0.034482758620689655,4,5,5,455,16.426141296288062,0,"New & Infrequent (Low R, Low F, Low M)"
1737,17,167,4548503.0,641.0,4,Foodstuff,Spaghetti (carton of 12 packs),3.838323353293413,0.023952095808383235,1,3,3,133,15.33030894565466,3,"Potential Loyal (Moderate F, Moderate M)"
1738,1,487,9803403.0,1990.0,20,Foodstuff,Indomie (carton of 24 packs),4.0862422997946615,0.04106776180698152,5,5,4,554,16.098240230268594,0,"New & Infrequent (Low R, Low F, Low M)"
1739,10,180,3981020.0,866.0,7,Foodstuff,Baby Formula (400g),4.811111111111111,0.03888888888888889,2,3,3,233,15.19704887702506,3,"Potential Loyal (Moderate F, Moderate M)"
1740,5,111,2941778.0,359.0,3,Foodstuff,Frozen Chicken (1kg),3.234234234234234,0.02702702702702703,3,2,2,322,14.89452505835526,1,"Loyal (High F, High M)"
1741,26,151,2999258.0,584.0,4,Foodstuff,Indomie (carton of 24 packs),3.8675496688741724,0.026490066225165563,1,3,2,132,14.913875816122859,1,"Loyal (High F, High M)"
1742,3,102,2019979.0,322.0,1,Foodstuff,Golden Morn (45g sachet),3.156862745098039,0.00980392156862745,4,2,2,422,14.518598168338274,1,"Loyal (High F, High M)"
1743,1,426,8608081.0,1873.0,14,Foodstuff,Onions (1kg),4.396713615023474,0.03286384976525822,5,4,4,544,15.968212087360635,3,"Potential Loyal (Moderate F, Moderate M)"
1744,2,221,5321364.0,700.0,4,Foodstuff,Beans (paint bucket),3.167420814479638,0.01809954751131222,4,3,3,433,15.487240407354447,3,"Potential Loyal (Moderate F, Moderate M)"
1745,11,80,2019007.0,323.0,2,Foodstuff,Milk (1 litre),4.0375,0.025,2,2,2,222,14.518116859644728,1,"Loyal (High F, High M)"
1746,3,712,14328536.0,2379.0,21,Foodstuff,Yam (medium tuber),3.341292134831461,0.02949438202247191,4,5,5,455,16.47776370108234,0,"New & Infrequent (Low R, Low F, Low M)"
1747,24,107,2328616.0,345.0,1,Foodstuff,Frozen Chicken Laps,3.2242990654205608,0.009345794392523364,1,2,2,122,14.660785087082324,1,"Loyal (High F, High M)"
1748,5,238,4808279.0,875.0,6,Foodstuff,Frozen Titus Fish (1kg),3.676470588235294,0.025210084033613446,3,3,3,333,15.385849989774393,3,"Potential Loyal (Moderate F, Moderate M)"
1749,4,774,18350176.0,3826.0,30,Foodstuff,Frozen Chicken Laps,4.943152454780361,0.03875968992248062,3,5,5,355,16.7251497781949,0,"New & Infrequent (Low R, Low F, Low M)"
1750,6,217,5477195.0,840.0,9,Foodstuff,Bread (500g loaf),3.870967741935484,0.041474654377880185,3,3,3,333,15.516103849139796,3,"Potential Loyal (Moderate F, Moderate M)"
1751,4,36,960705.0,216.0,2,Beverages,Bread (500g loaf),6.0,0.05555555555555555,3,1,1,311,13.775423709824356,1,"Loyal (High F, High M)"
1752,1,787,17184773.0,2932.0,22,Foodstuff,Spaghetti (carton of 12 packs),3.7255400254129607,0.02795425667090216,5,5,5,555,16.659534317175815,0,"New & Infrequent (Low R, Low F, Low M)"
1753,2,258,5565162.0,890.0,4,Foodstuff,Indomie (carton of 24 packs),3.449612403100775,0.015503875968992248,4,3,3,433,15.532036832469482,3,"Potential Loyal (Moderate F, Moderate M)"
1754,22,106,1976879.0,398.0,4,Foodstuff,Beef (1kg),3.7547169811320753,0.03773584905660377,1,2,2,122,14.49703040228324,1,"Loyal (High F, High M)"
1755,7,52,1414621.0,152.0,0,Beverages,Frozen Chicken Laps,2.923076923076923,0.0,2,1,1,211,14.162372915562628,1,"Loyal (High F, High M)"
1756,2,487,11165321.0,1897.0,18,Foodstuff,Indomie (carton of 24 packs),3.8952772073921973,0.03696098562628337,4,5,5,455,16.228323282965917,0,"New & Infrequent (Low R, Low F, Low M)"
1757,10,267,4593072.0,1068.0,6,Foodstuff,Yam (medium tuber),4.0,0.02247191011235955,2,3,3,233,15.340059856932987,3,"Potential Loyal (Moderate F, Moderate M)"
1758,3,249,5269982.0,1166.0,10,Foodstuff,Spaghetti (carton of 12 packs),4.682730923694779,0.040160642570281124,4,3,3,433,15.477537694705891,3,"Potential Loyal (Moderate F, Moderate M)"
1759,4,683,15082937.0,2570.0,18,Foodstuff,Cowbell Vitarich Cream (12g sachet),3.7628111273792095,0.02635431918008785,3,5,5,355,16.529074729153862,0,"New & Infrequent (Low R, Low F, Low M)"
1760,1,456,10074524.0,1831.0,12,Foodstuff,Domestic Beer (0.5L bottle),4.015350877192983,0.02631578947368421,5,4,4,544,16.125520518283608,3,"Potential Loyal (Moderate F, Moderate M)"
1761,23,25,310932.0,83.0,0,Foodstuff,Golden Morn (45g sachet),3.32,0.0,1,1,1,111,12.647332733868515,1,"Loyal (High F, High M)"
1762,13,122,1919942.0,297.0,0,Foodstuff,Spaghetti (carton of 12 packs),2.4344262295081966,0.0,2,2,2,222,14.467806056063282,1,"Loyal (High F, High M)"
1763,1,78,1798068.0,241.0,2,Foodstuff,Frozen Mackerel (1kg),3.08974358974359,0.02564102564102564,5,2,2,522,14.402223869250667,1,"Loyal (High F, High M)"
1764,4,412,9541996.0,1465.0,7,Foodstuff,Spaghetti (carton of 12 packs),3.5558252427184467,0.01699029126213592,3,4,4,344,16.071213350658642,3,"Potential Loyal (Moderate F, Moderate M)"
1765,8,35,575258.0,84.0,0,Foodstuff,Rice (1kg),2.4,0.0,2,1,1,211,13.262575653146802,1,"Loyal (High F, High M)"
1766,6,240,4370782.0,924.0,8,Foodstuff,Garri (paint bucket),3.85,0.03333333333333333,3,3,3,333,15.290452727223007,3,"Potential Loyal (Moderate F, Moderate M)"
1767,2,437,11767374.0,1858.0,16,Foodstuff,Frozen Mackerel (1kg),4.251716247139588,0.036613272311212815,4,4,5,445,16.280841429723854,3,"Potential Loyal (Moderate F, Moderate M)"
1768,1,691,16091814.0,3099.0,34,Foodstuff,Indomie (carton of 24 packs),4.4848046309696095,0.049204052098408106,5,5,5,555,16.593821315590006,0,"New & Infrequent (Low R, Low F, Low M)"
1769,27,150,3571267.0,690.0,6,Foodstuff,Yam (medium tuber),4.6,0.04,1,2,3,123,15.08843127276643,1,"Loyal (High F, High M)"
1770,5,515,10241454.0,1832.0,15,Foodstuff,Coca-Cola (2L bottle),3.557281553398058,0.02912621359223301,3,5,4,354,16.14195425732558,0,"New & Infrequent (Low R, Low F, Low M)"
1771,10,31,789932.0,114.0,2,Foodstuff,Phone Case,3.6774193548387095,0.06451612903225806,2,1,1,211,13.57970341072004,1,"Loyal (High F, High M)"
1772,1,553,12033066.0,2253.0,23,Foodstuff,Spaghetti (carton of 12 packs),4.074141048824593,0.04159132007233273,5,5,5,555,16.303169001426074,0,"New & Infrequent (Low R, Low F, Low M)"
1773,35,52,1494445.0,151.0,0,Foodstuff,Baby Wipes,2.9038461538461537,0.0,1,1,2,112,14.217266127567555,1,"Loyal (High F, High M)"
1774,6,152,2889104.0,558.0,9,Foodstuff,Spaghetti (carton of 12 packs),3.6710526315789473,0.05921052631578947,3,3,2,332,14.876457323543889,3,"Potential Loyal (Moderate F, Moderate M)"
1775,3,460,10425232.0,1616.0,11,Foodstuff,Indomie (carton of 24 packs),3.5130434782608697,0.02391304347826087,4,4,4,444,16.159739675519283,0,"New & Infrequent (Low R, Low F, Low M)"
1776,30,59,1689305.0,285.0,2,Foodstuff,Red Table Wine (good quality),4.830508474576271,0.03389830508474576,1,1,2,112,14.339828351671516,1,"Loyal (High F, High M)"
1777,6,76,1801686.0,329.0,2,Foodstuff,Beef (1kg),4.328947368421052,0.02631578947368421,3,2,2,322,14.404234006170089,1,"Loyal (High F, High M)"
1778,5,375,7636208.0,1363.0,7,Foodstuff,Frozen Mackerel (1kg),3.6346666666666665,0.018666666666666668,3,4,4,344,15.848411833804184,3,"Potential Loyal (Moderate F, Moderate M)"
1779,8,414,8142076.0,1438.0,14,Foodstuff,Spaghetti (carton of 12 packs),3.473429951690821,0.033816425120772944,2,4,4,244,15.912555865136182,3,"Potential Loyal (Moderate F, Moderate M)"
1780,1,271,4910689.0,1113.0,11,Foodstuff,Beans (paint bucket),4.107011070110701,0.04059040590405904,5,3,3,533,15.406925019428922,3,"Potential Loyal (Moderate F, Moderate M)"
1781,3,320,7517124.0,1146.0,11,Foodstuff,Frozen Chicken (1kg),3.58125,0.034375,4,4,4,444,15.832694308995672,3,"Potential Loyal (Moderate F, Moderate M)"
1782,4,242,5446467.0,756.0,1,Foodstuff,Frozen Titus Fish (1kg),3.12396694214876,0.004132231404958678,3,3,3,333,15.510477883154595,3,"Potential Loyal (Moderate F, Moderate M)"
1783,36,62,1200437.0,156.0,0,Foodstuff,Power Bank,2.5161290322580645,0.0,1,1,1,111,13.998197048161934,1,"Loyal (High F, High M)"
1784,3,141,3080587.0,749.0,7,Foodstuff,Beef (1kg),5.3120567375886525,0.04964539007092199,4,2,2,422,14.940631045819845,3,"Potential Loyal (Moderate F, Moderate M)"
1785,4,48,1063140.0,154.0,1,Foodstuff,Yam (medium tuber),3.2083333333333335,0.020833333333333332,3,1,1,311,13.87673829198962,1,"Loyal (High F, High M)"
1786,2,702,16783197.0,2689.0,22,Foodstuff,Garri (paint bucket),3.8304843304843303,0.03133903133903134,4,5,5,455,16.63588882487311,0,"New & Infrequent (Low R, Low F, Low M)"
1787,3,300,6499748.0,1240.0,8,Foodstuff,Frozen Chicken (1kg),4.133333333333334,0.02666666666666667,4,4,4,444,15.687274118735656,3,"Potential Loyal (Moderate F, Moderate M)"
1788,1,143,2717685.0,628.0,6,Foodstuff,Milk (1 litre),4.391608391608392,0.04195804195804196,5,2,2,522,14.81529134089742,3,"Potential Loyal (Moderate F, Moderate M)"
1789,30,180,3394120.0,566.0,2,Foodstuff,Men's T-shirt,3.1444444444444444,0.011111111111111112,1,3,3,133,15.037555375289909,1,"Loyal (High F, High M)"
1790,3,862,16273568.0,2940.0,21,Foodstuff,Indomie (carton of 24 packs),3.410672853828306,0.024361948955916472,4,5,5,455,16.605052815925884,0,"New & Infrequent (Low R, Low F, Low M)"
1791,49,42,749090.0,228.0,1,Household,Rice (1kg),5.428571428571429,0.023809523809523808,1,1,1,111,13.5266157504465,2,"At Risk (High R, Low F)"
1792,6,261,5045203.0,933.0,8,Foodstuff,Beans (paint bucket),3.574712643678161,0.03065134099616858,3,3,3,333,15.433948647027652,3,"Potential Loyal (Moderate F, Moderate M)"
1793,10,214,4279686.0,724.0,5,Foodstuff,Baby Formula (400g),3.383177570093458,0.02336448598130841,2,3,3,233,15.269390434042668,3,"Potential Loyal (Moderate F, Moderate M)"
1794,2,278,6500378.0,1059.0,6,Foodstuff,Frozen Chicken Laps,3.8093525179856114,0.02158273381294964,4,4,4,444,15.687371040858347,3,"Potential Loyal (Moderate F, Moderate M)"
1795,45,58,1057074.0,174.0,2,Foodstuff,Beef (1kg),3.0,0.034482758620689655,1,1,1,111,13.871016217869682,2,"At Risk (High R, Low F)"
1796,2,594,13357096.0,2302.0,18,Foodstuff,Spaghetti (carton of 12 packs),3.8754208754208754,0.030303030303030304,4,5,5,455,16.40755841204263,0,"New & Infrequent (Low R, Low F, Low M)"
1797,2,851,16493647.0,3085.0,20,Foodstuff,Indomie (carton of 24 packs),3.6251468860164513,0.023501762632197415,4,5,5,455,16.618485895053983,0,"New & Infrequent (Low R, Low F, Low M)"
1798,15,245,4986653.0,1109.0,9,Foodstuff,Indomie (carton of 24 packs),4.526530612244898,0.036734693877551024,2,3,3,233,15.422275701732318,3,"Potential Loyal (Moderate F, Moderate M)"
1799,3,339,7971848.0,1412.0,13,Foodstuff,Milk (1 litre),4.165191740412979,0.038348082595870206,4,4,4,444,15.891427018840902,3,"Potential Loyal (Moderate F, Moderate M)"
1800,1,724,14185786.0,2608.0,25,Foodstuff,Golden Morn (45g sachet),3.6022099447513813,0.034530386740331494,5,5,5,555,16.467751105828118,0,"New & Infrequent (Low R, Low F, Low M)"
1801,4,373,11072713.0,1541.0,11,Foodstuff,Frozen Mackerel (1kg),4.131367292225201,0.029490616621983913,3,4,5,345,16.21999444175461,3,"Potential Loyal (Moderate F, Moderate M)"
1802,32,55,892917.0,172.0,1,Beverages,Spaghetti (carton of 12 packs),3.1272727272727274,0.01818181818181818,1,1,1,111,13.702250030334485,1,"Loyal (High F, High M)"
1803,1,241,4618368.0,802.0,5,Foodstuff,Power Bank,3.327800829875519,0.02074688796680498,5,3,3,533,15.345552170425023,3,"Potential Loyal (Moderate F, Moderate M)"
1804,2,291,6964918.0,1339.0,10,Foodstuff,Frozen Titus Fish (1kg),4.601374570446735,0.03436426116838488,4,4,4,444,15.756396535551966,3,"Potential Loyal (Moderate F, Moderate M)"
1805,1,164,3856483.0,655.0,7,Foodstuff,Power Bank,3.9939024390243905,0.042682926829268296,5,3,3,533,15.165266445507964,3,"Potential Loyal (Moderate F, Moderate M)"
1806,4,401,8850747.0,1595.0,11,Foodstuff,Spaghetti (carton of 12 packs),3.9775561097256857,0.02743142144638404,3,4,4,344,15.996012533186528,3,"Potential Loyal (Moderate F, Moderate M)"
1807,2,718,16751145.0,2925.0,21,Foodstuff,Spaghetti (carton of 12 packs),4.073816155988858,0.02924791086350975,4,5,5,455,16.6339772318054,0,"New & Infrequent (Low R, Low F, Low M)"
1808,2,736,16375497.0,2850.0,23,Foodstuff,Rice (1kg),3.8722826086956523,0.03125,4,5,5,455,16.61129675123689,0,"New & Infrequent (Low R, Low F, Low M)"
1809,1,151,3121060.0,432.0,3,Foodstuff,Red Table Wine (good quality),2.8609271523178808,0.019867549668874173,5,3,2,532,14.953683566079537,3,"Potential Loyal (Moderate F, Moderate M)"
1810,50,26,1067451.0,74.0,0,Foodstuff,Frozen Chicken Laps,2.8461538461538463,0.0,1,1,1,111,13.880785058202772,2,"At Risk (High R, Low F)"
1811,1,888,19923551.0,3385.0,25,Foodstuff,Spaghetti (carton of 12 packs),3.811936936936937,0.028153153153153154,5,5,5,555,16.80741310747782,0,"New & Infrequent (Low R, Low F, Low M)"
1812,1,531,13065896.0,2140.0,12,Foodstuff,Onions (1kg),4.0301318267419965,0.022598870056497175,5,5,5,555,16.385516111296504,0,"New & Infrequent (Low R, Low F, Low M)"
1813,10,48,1138141.0,170.0,1,Foodstuff,Phone Charger,3.5416666666666665,0.020833333333333332,2,1,1,211,13.944907666200342,1,"Loyal (High F, High M)"
1814,1,708,15459420.0,2713.0,22,Foodstuff,Indomie (carton of 24 packs),3.8319209039548023,0.031073446327683617,5,5,5,555,16.553729148934515,0,"New & Infrequent (Low R, Low F, Low M)"
1815,2,664,16760961.0,2331.0,17,Foodstuff,Rice (50kg bag),3.5105421686746987,0.025602409638554216,4,5,5,455,16.634563049938997,0,"New & Infrequent (Low R, Low F, Low M)"
1816,5,200,5340101.0,633.0,5,Foodstuff,Indomie (carton of 24 packs),3.165,0.025,3,3,3,333,15.49075531187755,3,"Potential Loyal (Moderate F, Moderate M)"
1817,2,251,6342809.0,913.0,9,Foodstuff,Cowbell Vitarich Cream (12g sachet),3.637450199203187,0.035856573705179286,4,3,4,434,15.662832445887087,3,"Potential Loyal (Moderate F, Moderate M)"
1818,3,175,3895595.0,787.0,7,Foodstuff,Frozen Mackerel (1kg),4.497142857142857,0.04,4,3,3,433,15.175357242269188,3,"Potential Loyal (Moderate F, Moderate M)"
1819,33,42,785666.0,103.0,0,Foodstuff,Bread (500g loaf),2.4523809523809526,0.0,1,1,1,111,13.574288317518207,1,"Loyal (High F, High M)"
1820,3,109,2416926.0,269.0,1,Foodstuff,Phone Charger,2.467889908256881,0.009174311926605505,4,2,2,422,14.69800745649885,1,"Loyal (High F, High M)"
1821,1,527,9851317.0,1894.0,14,Foodstuff,Beans (paint bucket),3.5939278937381403,0.026565464895635674,5,5,4,554,16.1031158113035,0,"New & Infrequent (Low R, Low F, Low M)"
1822,2,36,591225.0,103.0,0,Foodstuff,Cowbell Vitarich Cream (12g sachet),2.861111111111111,0.0,4,1,1,411,13.28995362599823,1,"Loyal (High F, High M)"
1823,14,115,2227534.0,368.0,3,Foodstuff,Indomie (carton of 24 packs),3.2,0.02608695652173913,2,2,2,222,14.616406150886037,1,"Loyal (High F, High M)"
1824,9,194,5360851.0,909.0,9,Foodstuff,Frozen Titus Fish (1kg),4.685567010309279,0.04639175257731959,2,3,3,233,15.494633475638823,3,"Potential Loyal (Moderate F, Moderate M)"
1825,5,184,3511241.0,574.0,1,Foodstuff,Baby Wipes,3.119565217391304,0.005434782608695652,3,3,3,333,15.071480379007108,3,"Potential Loyal (Moderate F, Moderate M)"
1826,6,808,17469773.0,3097.0,21,Foodstuff,Indomie (carton of 24 packs),3.832920792079208,0.02599009900990099,3,5,5,355,16.675982745564056,0,"New & Infrequent (Low R, Low F, Low M)"
1827,10,116,1851885.0,318.0,2,Foodstuff,Beans (paint bucket),2.7413793103448274,0.017241379310344827,2,2,2,222,14.431715137218076,1,"Loyal (High F, High M)"
1828,1,140,2881744.0,542.0,3,Foodstuff,Beans (paint bucket),3.8714285714285714,0.02142857142857143,5,2,2,522,14.87390657140493,3,"Potential Loyal (Moderate F, Moderate M)"
1829,5,399,9808282.0,1444.0,6,Foodstuff,Eggs (crate of 30),3.619047619047619,0.015037593984962405,3,4,4,344,16.0987377907386,3,"Potential Loyal (Moderate F, Moderate M)"
1830,6,152,2712132.0,493.0,4,Foodstuff,Tomatoes (1kg),3.2434210526315788,0.02631578947368421,3,3,2,332,14.813245968137874,1,"Loyal (High F, High M)"
1831,3,64,1045842.0,192.0,0,Foodstuff,Frozen Mackerel (1kg),3.0,0.0,4,2,1,421,13.860333816739239,1,"Loyal (High F, High M)"
1832,15,195,3864675.0,724.0,5,Foodstuff,Beef (1kg),3.712820512820513,0.02564102564102564,2,3,3,233,15.167388407253053,3,"Potential Loyal (Moderate F, Moderate M)"
1833,15,48,640990.0,168.0,3,Foodstuff,Frozen Mackerel (1kg),3.5,0.0625,2,1,1,211,13.370770695242616,1,"Loyal (High F, High M)"
1834,9,52,1054315.0,135.0,1,Foodstuff,Tomatoes (1kg),2.5961538461538463,0.019230769230769232,2,1,1,211,13.868402773396014,1,"Loyal (High F, High M)"
1835,3,189,3721974.0,586.0,2,Foodstuff,Domestic Beer (0.5L bottle),3.1005291005291005,0.010582010582010581,4,3,3,433,15.12976499934286,3,"Potential Loyal (Moderate F, Moderate M)"
1836,25,154,2760273.0,603.0,6,Foodstuff,Screen Protector,3.9155844155844157,0.03896103896103896,1,3,2,132,14.83084050812818,1,"Loyal (High F, High M)"
1837,2,793,19090796.0,3007.0,21,Foodstuff,Yam (medium tuber),3.7919293820933166,0.02648171500630517,4,5,5,455,16.764716944437563,0,"New & Infrequent (Low R, Low F, Low M)"
1838,1,121,2547027.0,447.0,6,Foodstuff,Indomie (carton of 24 packs),3.6942148760330578,0.049586776859504134,5,2,2,522,14.750437747226648,1,"Loyal (High F, High M)"
1839,13,267,5325293.0,1100.0,13,Foodstuff,Spaghetti (carton of 12 packs),4.119850187265918,0.04868913857677903,2,3,3,233,15.487978479303283,3,"Potential Loyal (Moderate F, Moderate M)"
1840,5,295,5394683.0,985.0,5,Foodstuff,Garri (paint bucket),3.3389830508474576,0.01694915254237288,3,4,3,343,15.500924582206373,3,"Potential Loyal (Moderate F, Moderate M)"
1841,4,54,1235686.0,279.0,4,Beverages,Indomie (carton of 24 packs),5.166666666666667,0.07407407407407407,3,1,1,311,14.027137648684105,1,"Loyal (High F, High M)"
1842,1,329,8517287.0,1064.0,5,Foodstuff,Frozen Chicken Laps,3.234042553191489,0.015197568389057751,5,4,4,544,15.957608538275007,3,"Potential Loyal (Moderate F, Moderate M)"
1843,1,61,1127799.0,358.0,3,Foodstuff,Baby Formula (400g),5.868852459016393,0.04918032786885246,5,1,1,511,13.935779390355219,1,"Loyal (High F, High M)"
1844,1,899,19008271.0,3515.0,26,Foodstuff,Spaghetti (carton of 12 packs),3.909899888765295,0.028921023359288096,5,5,5,555,16.760384810806435,0,"New & Infrequent (Low R, Low F, Low M)"
1845,65,37,443598.0,110.0,2,Beverages,Frozen Titus Fish (1kg),2.972972972972973,0.05405405405405406,1,1,1,111,13.00267628017267,2,"At Risk (High R, Low F)"
1846,37,155,5020944.0,520.0,3,Foodstuff,Rice (50kg bag),3.3548387096774195,0.01935483870967742,1,3,3,133,15.429128720963618,1,"Loyal (High F, High M)"
1847,14,39,1161746.0,190.0,1,Foodstuff,Cowbell Vitarich Cream (12g sachet),4.871794871794871,0.02564102564102564,2,1,1,211,13.965435464632723,1,"Loyal (High F, High M)"
1848,1,915,18991655.0,3285.0,25,Foodstuff,Spaghetti (carton of 12 packs),3.5901639344262297,0.0273224043715847,5,5,5,555,16.759510282777907,0,"New & Infrequent (Low R, Low F, Low M)"
1849,6,169,3384648.0,635.0,3,Foodstuff,Frozen Chicken Laps,3.757396449704142,0.01775147928994083,3,3,3,333,15.03476076618986,3,"Potential Loyal (Moderate F, Moderate M)"
1850,4,279,4857585.0,833.0,4,Foodstuff,Yam (medium tuber),2.985663082437276,0.014336917562724014,3,4,3,343,15.396052164657554,3,"Potential Loyal (Moderate F, Moderate M)"
1851,3,48,747508.0,200.0,4,Foodstuff,Coca-Cola (2L bottle),4.166666666666667,0.08333333333333333,4,1,1,411,13.524501624308275,1,"Loyal (High F, High M)"
1852,2,412,9411274.0,1679.0,12,Foodstuff,Beef (1kg),4.075242718446602,0.02912621359223301,4,4,4,444,16.057418996538214,3,"Potential Loyal (Moderate F, Moderate M)"
1853,2,67,1097800.0,216.0,0,Foodstuff,Yam (medium tuber),3.2238805970149254,0.0,4,2,1,421,13.908819646010246,1,"Loyal (High F, High M)"
1854,1,714,15485502.0,2618.0,22,Foodstuff,Spaghetti (carton of 12 packs),3.6666666666666665,0.03081232492997199,5,5,5,555,16.555414853909987,0,"New & Infrequent (Low R, Low F, Low M)"
1855,67,38,870112.0,169.0,3,Foodstuff,Spaghetti (carton of 12 packs),4.447368421052632,0.07894736842105263,1,1,1,111,13.676378367253903,2,"At Risk (High R, Low F)"
1856,35,62,1322036.0,216.0,1,Foodstuff,Garri (paint bucket),3.4838709677419355,0.016129032258064516,1,1,1,111,14.09468428689924,1,"Loyal (High F, High M)"
1857,32,21,594455.0,67.0,1,Foodstuff,Baby Wipes,3.1904761904761907,0.047619047619047616,1,1,1,111,13.295401980599367,1,"Loyal (High F, High M)"
1858,18,178,4157377.0,665.0,4,Foodstuff,Baby Formula (400g),3.735955056179775,0.02247191011235955,1,3,3,133,15.240395145060631,3,"Potential Loyal (Moderate F, Moderate M)"
1859,6,218,4386193.0,973.0,9,Foodstuff,Screen Protector,4.463302752293578,0.04128440366972477,3,3,3,333,15.293972438627927,3,"Potential Loyal (Moderate F, Moderate M)"
1860,10,36,419314.0,120.0,1,Foodstuff,Bar Soap,3.3333333333333335,0.027777777777777776,2,1,1,211,12.946377706427878,1,"Loyal (High F, High M)"
1861,3,441,11272838.0,1935.0,20,Foodstuff,Spaghetti (carton of 12 packs),4.387755102040816,0.045351473922902494,4,4,5,445,16.237906762012148,3,"Potential Loyal (Moderate F, Moderate M)"
1862,1,169,4272150.0,702.0,5,Foodstuff,Spaghetti (carton of 12 packs),4.153846153846154,0.029585798816568046,5,3,3,533,15.267628005439445,3,"Potential Loyal (Moderate F, Moderate M)"
1863,4,216,6044934.0,879.0,10,Foodstuff,Spaghetti (carton of 12 packs),4.069444444444445,0.046296296296296294,3,3,4,334,15.614731289285048,3,"Potential Loyal (Moderate F, Moderate M)"
1864,2,194,4154210.0,734.0,6,Foodstuff,Bread (500g loaf),3.783505154639175,0.030927835051546393,4,3,3,433,15.239633076543223,3,"Potential Loyal (Moderate F, Moderate M)"
1865,2,202,4795593.0,637.0,4,Foodstuff,Spaghetti (carton of 12 packs),3.1534653465346536,0.019801980198019802,4,3,3,433,15.383208137667967,3,"Potential Loyal (Moderate F, Moderate M)"
1866,3,222,4342549.0,790.0,5,Foodstuff,Spaghetti (carton of 12 packs),3.5585585585585586,0.02252252252252252,4,3,3,433,15.283972291135889,3,"Potential Loyal (Moderate F, Moderate M)"
1867,6,56,1664514.0,160.0,0,Foodstuff,Power Bank,2.857142857142857,0.0,3,1,2,312,14.325044347671842,1,"Loyal (High F, High M)"
1868,21,75,1874262.0,366.0,4,Foodstuff,Power Bank,4.88,0.05333333333333334,1,2,2,122,14.44372607344903,1,"Loyal (High F, High M)"
1869,1,634,14186947.0,2388.0,25,Foodstuff,Yam (medium tuber),3.7665615141955837,0.03943217665615142,5,5,5,555,16.467832944959994,0,"New & Infrequent (Low R, Low F, Low M)"
1870,2,832,16773783.0,3265.0,23,Foodstuff,Indomie (carton of 24 packs),3.9242788461538463,0.027644230769230768,4,5,5,455,16.635327749371925,0,"New & Infrequent (Low R, Low F, Low M)"
1871,7,141,3226439.0,461.0,4,Foodstuff,Spaghetti (carton of 12 packs),3.269503546099291,0.028368794326241134,2,2,2,222,14.986889920183264,3,"Potential Loyal (Moderate F, Moderate M)"
1872,19,73,2255932.0,438.0,3,Foodstuff,Beans (paint bucket),6.0,0.0410958904109589,1,2,2,122,14.629074192577514,1,"Loyal (High F, High M)"
1873,5,351,9348775.0,1531.0,13,Foodstuff,Indomie (carton of 24 packs),4.361823361823362,0.037037037037037035,3,4,4,344,16.050755983604617,3,"Potential Loyal (Moderate F, Moderate M)"
1874,14,129,2928053.0,437.0,6,Beverages,Indomie (carton of 24 packs),3.387596899224806,0.046511627906976744,2,2,2,222,14.889848596516227,1,"Loyal (High F, High M)"
1875,25,37,1123802.0,113.0,1,Foodstuff,Rice (50kg bag),3.054054054054054,0.02702702702702703,1,1,1,111,13.93222902717082,1,"Loyal (High F, High M)"
1876,23,60,824283.0,170.0,1,Foodstuff,Milk (1 litre),2.8333333333333335,0.016666666666666666,1,1,1,111,13.622270409704102,1,"Loyal (High F, High M)"
1877,1,369,8809391.0,1304.0,8,Foodstuff,Rice (1kg),3.5338753387533877,0.02168021680216802,5,4,4,544,15.99132898304508,3,"Potential Loyal (Moderate F, Moderate M)"
1878,10,324,7397163.0,1429.0,11,Foodstuff,Cowbell Vitarich Cream (12g sachet),4.410493827160494,0.033950617283950615,2,4,4,244,15.816607241474696,3,"Potential Loyal (Moderate F, Moderate M)"
1879,36,39,783941.0,146.0,1,Beverages,Frozen Chicken Laps,3.7435897435897436,0.02564102564102564,1,1,1,111,13.572090317004083,1,"Loyal (High F, High M)"
1880,8,98,1663717.0,301.0,1,Foodstuff,Beef (1kg),3.0714285714285716,0.01020408163265306,2,2,2,222,14.324565414847585,1,"Loyal (High F, High M)"
1881,25,100,1991169.0,308.0,0,Foodstuff,Indomie (carton of 24 packs),3.08,0.0,1,2,2,122,14.504232963630338,1,"Loyal (High F, High M)"
1882,1,295,8475896.0,1637.0,12,Foodstuff,Eggs (crate of 30),5.549152542372881,0.04067796610169491,5,4,4,544,15.95273704633802,3,"Potential Loyal (Moderate F, Moderate M)"
1883,8,49,559433.0,171.0,3,Foodstuff,Beef (1kg),3.489795918367347,0.061224489795918366,2,1,1,211,13.23468083730951,1,"Loyal (High F, High M)"
1884,22,39,919337.0,124.0,1,Foodstuff,Bar Soap,3.1794871794871793,0.02564102564102564,1,1,1,111,13.731409124796523,1,"Loyal (High F, High M)"
1885,2,505,9765220.0,1950.0,16,Foodstuff,Coca-Cola (2L bottle),3.8613861386138613,0.031683168316831684,4,5,4,454,16.09433775388526,0,"New & Infrequent (Low R, Low F, Low M)"
1886,3,53,822839.0,145.0,1,Foodstuff,Beans (paint bucket),2.7358490566037736,0.018867924528301886,4,1,1,411,13.620517050066411,1,"Loyal (High F, High M)"
1887,7,341,7525821.0,1262.0,9,Foodstuff,Frozen Chicken (1kg),3.7008797653958942,0.026392961876832845,2,4,4,244,15.833850598513807,3,"Potential Loyal (Moderate F, Moderate M)"
1888,21,88,1922906.0,291.0,1,Foodstuff,Frozen Mackerel (1kg),3.3068181818181817,0.011363636363636364,1,2,2,122,14.469348661466963,1,"Loyal (High F, High M)"
1889,33,53,698731.0,309.0,2,Beverages,Baby Formula (400g),5.830188679245283,0.03773584905660377,1,1,1,111,13.45702254283342,1,"Loyal (High F, High M)"
1890,24,70,1957798.0,281.0,3,Foodstuff,Indomie (carton of 24 packs),4.014285714285714,0.04285714285714286,1,2,2,122,14.487331441031934,1,"Loyal (High F, High M)"
1891,8,353,7664064.0,1425.0,10,Foodstuff,Indomie (carton of 24 packs),4.036827195467422,0.028328611898016998,2,4,4,244,15.852053079807725,3,"Potential Loyal (Moderate F, Moderate M)"
1892,3,627,12930769.0,2205.0,17,Foodstuff,Coca-Cola (2L bottle),3.5167464114832536,0.02711323763955343,4,5,5,455,16.375120300405705,0,"New & Infrequent (Low R, Low F, Low M)"
1893,1,492,11899373.0,2537.0,22,Foodstuff,Power Bank,5.15650406504065,0.044715447154471545,5,5,5,555,16.291996351656046,0,"New & Infrequent (Low R, Low F, Low M)"
1894,1,142,2886105.0,468.0,6,Foodstuff,Indomie (carton of 24 packs),3.295774647887324,0.04225352112676056,5,2,2,522,14.875418746678188,3,"Potential Loyal (Moderate F, Moderate M)"
1895,1,345,8920686.0,1482.0,13,Foodstuff,Onions (1kg),4.2956521739130435,0.03768115942028986,5,4,4,544,16.003883519527683,3,"Potential Loyal (Moderate F, Moderate M)"
1896,3,66,1354510.0,218.0,0,Foodstuff,Yam (medium tuber),3.303030303030303,0.0,4,2,1,421,14.118951061552199,1,"Loyal (High F, High M)"
1897,4,87,1763802.0,308.0,2,Foodstuff,Frozen Chicken Laps,3.5402298850574714,0.022988505747126436,3,2,2,322,14.382982831307887,1,"Loyal (High F, High M)"
1898,2,693,13082850.0,2681.0,21,Foodstuff,Indomie (carton of 24 packs),3.8686868686868685,0.030303030303030304,4,5,5,455,16.386812846602968,0,"New & Infrequent (Low R, Low F, Low M)"
1899,5,42,946896.0,124.0,0,Foodstuff,Indomie (carton of 24 packs),2.9523809523809526,0.0,3,1,1,311,13.76094560173339,1,"Loyal (High F, High M)"
1900,41,28,707792.0,166.0,1,Foodstuff,Red Table Wine (good quality),5.928571428571429,0.03571428571428571,1,1,1,111,13.469906957045218,2,"At Risk (High R, Low F)"
1901,44,59,1322024.0,287.0,3,Foodstuff,Yam (medium tuber),4.864406779661017,0.05084745762711865,1,1,1,111,14.094675209956264,2,"At Risk (High R, Low F)"
1902,21,41,530532.0,129.0,1,Foodstuff,Laundry Detergent (3L),3.1463414634146343,0.024390243902439025,1,1,1,111,13.181637440568036,1,"Loyal (High F, High M)"
1903,40,43,1430720.0,146.0,1,Foodstuff,Rice (1kg),3.395348837209302,0.023255813953488372,1,1,1,111,14.17368907097629,2,"At Risk (High R, Low F)"
1904,1,282,6128266.0,1247.0,12,Foodstuff,Milk (1 litre),4.421985815602837,0.0425531914893617,5,4,4,544,15.628422559949481,3,"Potential Loyal (Moderate F, Moderate M)"
1905,1,145,2522209.0,535.0,5,Foodstuff,Frozen Mackerel (1kg),3.689655172413793,0.034482758620689655,5,2,2,522,14.740646059288693,3,"Potential Loyal (Moderate F, Moderate M)"
1906,1,690,15284082.0,2916.0,20,Foodstuff,Frozen Chicken (1kg),4.226086956521739,0.028985507246376812,5,5,5,555,16.542322518049755,0,"New & Infrequent (Low R, Low F, Low M)"
1907,10,502,10930301.0,1781.0,16,Foodstuff,Spaghetti (carton of 12 packs),3.547808764940239,0.03187250996015936,2,5,5,255,16.207049490146122,0,"New & Infrequent (Low R, Low F, Low M)"
1908,6,161,2573140.0,565.0,5,Foodstuff,Garri (paint bucket),3.5093167701863353,0.031055900621118012,3,3,2,332,14.760637889606963,1,"Loyal (High F, High M)"
1909,6,119,2655953.0,533.0,3,Foodstuff,Frozen Chicken (1kg),4.4789915966386555,0.025210084033613446,3,2,2,322,14.792314470151373,1,"Loyal (High F, High M)"
1910,9,140,4023282.0,796.0,8,Foodstuff,Eggs (crate of 30),5.685714285714286,0.05714285714285714,2,2,3,223,15.207608793971094,3,"Potential Loyal (Moderate F, Moderate M)"
1911,12,311,7763003.0,1307.0,12,Foodstuff,Beans (paint bucket),4.202572347266881,0.03858520900321544,2,4,4,244,15.864879930652402,3,"Potential Loyal (Moderate F, Moderate M)"
1912,7,99,2093155.0,286.0,2,Foodstuff,Rice (50kg bag),2.888888888888889,0.020202020202020204,2,2,2,222,14.554183532812095,1,"Loyal (High F, High M)"
1913,9,269,5648600.0,1120.0,11,Foodstuff,Frozen Titus Fish (1kg),4.163568773234201,0.040892193308550186,2,3,3,233,15.546918461842584,3,"Potential Loyal (Moderate F, Moderate M)"
1914,52,154,3334968.0,688.0,4,Foodstuff,Domestic Beer (0.5L bottle),4.467532467532467,0.025974025974025976,1,3,2,132,15.019973941936335,2,"At Risk (High R, Low F)"
1915,4,256,5479457.0,807.0,5,Foodstuff,Screen Protector,3.15234375,0.01953125,3,3,3,333,15.516516748923276,3,"Potential Loyal (Moderate F, Moderate M)"
1916,2,171,6029271.0,682.0,3,Foodstuff,Baby Diapers (bulk 92 pcs),3.9883040935672516,0.017543859649122806,4,3,4,434,15.612136831730044,3,"Potential Loyal (Moderate F, Moderate M)"
1917,14,103,1980036.0,324.0,2,Foodstuff,Red Table Wine (good quality),3.145631067961165,0.019417475728155338,2,2,2,222,14.498626089364807,1,"Loyal (High F, High M)"
1918,2,904,21824129.0,3222.0,19,Foodstuff,Indomie (carton of 24 packs),3.564159292035398,0.02101769911504425,4,5,5,455,16.898526796352453,0,"New & Infrequent (Low R, Low F, Low M)"
1919,6,434,8691438.0,1871.0,20,Foodstuff,Indomie (carton of 24 packs),4.311059907834101,0.04608294930875576,3,4,4,344,15.977849076167841,3,"Potential Loyal (Moderate F, Moderate M)"
1920,16,47,1255843.0,169.0,1,Foodstuff,Phone Case,3.595744680851064,0.02127659574468085,1,1,1,111,14.043318414474692,1,"Loyal (High F, High M)"
1921,5,612,13363294.0,2270.0,17,Foodstuff,Yam (medium tuber),3.7091503267973858,0.027777777777777776,3,5,5,355,16.408022327400694,0,"New & Infrequent (Low R, Low F, Low M)"
1922,4,203,4862872.0,723.0,4,Foodstuff,Frozen Chicken (1kg),3.561576354679803,0.019704433497536946,3,3,3,333,15.397139973478383,3,"Potential Loyal (Moderate F, Moderate M)"
1923,4,662,14128344.0,2508.0,20,Foodstuff,Indomie (carton of 24 packs),3.788519637462236,0.030211480362537766,3,5,5,355,16.463693621120022,0,"New & Infrequent (Low R, Low F, Low M)"
1924,4,491,11339849.0,2148.0,23,Foodstuff,Spaghetti (carton of 12 packs),4.374745417515275,0.04684317718940937,3,5,5,355,16.243833628663168,0,"New & Infrequent (Low R, Low F, Low M)"
1925,2,152,3210516.0,569.0,4,Foodstuff,Milk (1 litre),3.7434210526315788,0.02631578947368421,4,3,2,432,14.98194254132759,3,"Potential Loyal (Moderate F, Moderate M)"
1926,21,55,1147610.0,175.0,1,Foodstuff,Beans (paint bucket),3.1818181818181817,0.01818181818181818,1,1,1,111,13.953192948264741,1,"Loyal (High F, High M)"
1927,7,90,1955520.0,351.0,2,Foodstuff,Beans (paint bucket),3.9,0.022222222222222223,2,2,2,222,14.48616721206149,1,"Loyal (High F, High M)"
1928,4,266,6233638.0,1099.0,9,Foodstuff,Indomie (carton of 24 packs),4.131578947368421,0.03383458646616541,3,3,4,334,15.645470829387564,3,"Potential Loyal (Moderate F, Moderate M)"
1929,1,291,6671819.0,1098.0,7,Foodstuff,Frozen Mackerel (1kg),3.7731958762886597,0.024054982817869417,5,4,4,544,15.71340324423953,3,"Potential Loyal (Moderate F, Moderate M)"
1930,1,98,2108720.0,329.0,3,Foodstuff,Beans (paint bucket),3.357142857142857,0.030612244897959183,5,2,2,522,14.56159216052487,1,"Loyal (High F, High M)"
1931,9,50,1036407.0,223.0,1,Foodstuff,Baby Diapers (bulk 92 pcs),4.46,0.02,2,1,1,211,13.851271446667702,1,"Loyal (High F, High M)"
1932,2,507,11118378.0,2106.0,19,Foodstuff,Indomie (carton of 24 packs),4.153846153846154,0.03747534516765286,4,5,5,455,16.22411006277944,0,"New & Infrequent (Low R, Low F, Low M)"
1933,1,946,19572727.0,3784.0,30,Foodstuff,Frozen Chicken (1kg),4.0,0.03171247357293869,5,5,5,555,16.789647726693676,0,"New & Infrequent (Low R, Low F, Low M)"
1934,1,256,5869997.0,1050.0,9,Foodstuff,Garri (paint bucket),4.1015625,0.03515625,5,3,3,533,15.585364851088718,3,"Potential Loyal (Moderate F, Moderate M)"
1935,36,37,648465.0,91.0,0,Foodstuff,Onions (1kg),2.4594594594594597,0.0,1,1,1,111,13.382364852682631,1,"Loyal (High F, High M)"
1936,19,117,2776289.0,461.0,3,Foodstuff,Power Bank,3.9401709401709404,0.02564102564102564,1,2,2,122,14.836626062011339,1,"Loyal (High F, High M)"
1937,15,37,913853.0,145.0,3,Beverages,Baby Diapers (bulk 92 pcs),3.918918918918919,0.08108108108108109,2,1,1,211,13.725426100258964,1,"Loyal (High F, High M)"
1938,2,698,18905089.0,3122.0,22,Foodstuff,Eggs (crate of 30),4.472779369627507,0.03151862464183381,4,5,5,455,16.75494175594117,0,"New & Infrequent (Low R, Low F, Low M)"
1939,7,45,1571771.0,260.0,2,Foodstuff,Rice (50kg bag),5.777777777777778,0.044444444444444446,2,1,2,212,14.267714203284298,1,"Loyal (High F, High M)"
1940,1,249,6244745.0,1146.0,11,Foodstuff,Beans (paint bucket),4.602409638554217,0.04417670682730924,5,3,4,534,15.647251028176635,3,"Potential Loyal (Moderate F, Moderate M)"
1941,26,101,2766340.0,353.0,3,Foodstuff,Indomie (carton of 24 packs),3.495049504950495,0.0297029702970297,1,2,2,122,14.833036066326878,1,"Loyal (High F, High M)"
1942,11,203,4202699.0,751.0,7,Foodstuff,Onions (1kg),3.6995073891625614,0.034482758620689655,2,3,3,233,15.251237733852316,3,"Potential Loyal (Moderate F, Moderate M)"
1943,3,336,7782571.0,1108.0,5,Foodstuff,Indomie (carton of 24 packs),3.2976190476190474,0.01488095238095238,4,4,4,444,15.867397432780965,3,"Potential Loyal (Moderate F, Moderate M)"
1944,4,532,13237960.0,2173.0,22,Foodstuff,Indomie (carton of 24 packs),4.084586466165414,0.041353383458646614,3,5,5,355,16.398599093592306,0,"New & Infrequent (Low R, Low F, Low M)"
1945,4,73,1664889.0,263.0,1,Foodstuff,Golden Morn (45g sachet),3.6027397260273974,0.0136986301369863,3,2,2,322,14.325269613148157,1,"Loyal (High F, High M)"
1946,19,39,513463.0,159.0,2,Beverages,Indomie (carton of 24 packs),4.076923076923077,0.05128205128205128,1,1,1,111,13.14893519878505,1,"Loyal (High F, High M)"
1947,30,47,1155086.0,167.0,2,Foodstuff,Indomie (carton of 24 packs),3.5531914893617023,0.0425531914893617,1,1,1,111,13.959686223776595,1,"Loyal (High F, High M)"
1948,3,678,13286696.0,2443.0,21,Foodstuff,Spaghetti (carton of 12 packs),3.603244837758112,0.030973451327433628,4,5,5,455,16.402273867068672,0,"New & Infrequent (Low R, Low F, Low M)"
1949,11,555,11894594.0,2282.0,16,Foodstuff,Frozen Chicken Laps,4.1117117117117115,0.02882882882882883,2,5,5,255,16.29159465322026,0,"New & Infrequent (Low R, Low F, Low M)"
1950,3,207,4527680.0,982.0,9,Foodstuff,Frozen Chicken (1kg),4.743961352657005,0.043478260869565216,4,3,3,433,15.325720445853365,3,"Potential Loyal (Moderate F, Moderate M)"
1951,5,298,7118009.0,1178.0,6,Foodstuff,Beef (1kg),3.953020134228188,0.020134228187919462,3,4,4,344,15.778138749940302,3,"Potential Loyal (Moderate F, Moderate M)"
1952,3,352,10104689.0,1380.0,10,Foodstuff,Indomie (carton of 24 packs),3.9204545454545454,0.028409090909090908,4,4,4,444,16.128510230467047,3,"Potential Loyal (Moderate F, Moderate M)"
1953,22,65,1732207.0,268.0,3,Foodstuff,Baby Diapers (bulk 92 pcs),4.123076923076923,0.046153846153846156,1,2,2,122,14.364907453272759,1,"Loyal (High F, High M)"
1954,2,702,14763146.0,2843.0,26,Foodstuff,Indomie (carton of 24 packs),4.04985754985755,0.037037037037037035,4,5,5,455,16.507644565792397,0,"New & Infrequent (Low R, Low F, Low M)"
1955,10,165,3555968.0,696.0,6,Foodstuff,Rice (1kg),4.218181818181818,0.03636363636363636,2,3,3,233,15.084138157917641,3,"Potential Loyal (Moderate F, Moderate M)"
1956,1,111,3010046.0,500.0,6,Foodstuff,Indomie (carton of 24 packs),4.504504504504505,0.05405405405405406,5,2,2,522,14.917466251221091,3,"Potential Loyal (Moderate F, Moderate M)"
1957,1,186,2769155.0,517.0,2,Foodstuff,Baby Wipes,2.7795698924731185,0.010752688172043012,5,3,2,532,14.83405313859434,3,"Potential Loyal (Moderate F, Moderate M)"
1958,25,47,1617726.0,264.0,2,Foodstuff,Baby Wipes,5.617021276595745,0.0425531914893617,1,1,2,112,14.296532635541364,1,"Loyal (High F, High M)"
1959,29,53,1016032.0,184.0,1,Foodstuff,Indomie (carton of 24 packs),3.4716981132075473,0.018867924528301886,1,1,1,111,13.831416386908051,1,"Loyal (High F, High M)"
1960,1,444,9766337.0,1644.0,10,Foodstuff,Onions (1kg),3.7027027027027026,0.02252252252252252,5,4,4,544,16.094452132875816,3,"Potential Loyal (Moderate F, Moderate M)"
1961,47,53,1346724.0,142.0,0,Foodstuff,Red Table Wine (good quality),2.6792452830188678,0.0,1,1,1,111,14.11318627716276,2,"At Risk (High R, Low F)"
1962,12,273,5222438.0,1157.0,8,Foodstuff,Bread (500g loaf),4.238095238095238,0.029304029304029304,2,3,3,233,15.468475092114868,3,"Potential Loyal (Moderate F, Moderate M)"
1963,25,101,2508672.0,455.0,4,Foodstuff,Indomie (carton of 24 packs),4.5049504950495045,0.039603960396039604,1,2,2,122,14.735264486045674,1,"Loyal (High F, High M)"
1964,9,130,2666673.0,399.0,1,Foodstuff,Frozen Titus Fish (1kg),3.0692307692307694,0.007692307692307693,2,2,2,222,14.796342560972219,1,"Loyal (High F, High M)"
1965,1,103,2034298.0,331.0,2,Foodstuff,Indomie (carton of 24 packs),3.2135922330097086,0.019417475728155338,5,2,2,522,14.52566184577034,1,"Loyal (High F, High M)"
1966,6,152,3641927.0,555.0,3,Foodstuff,Bread (500g loaf),3.651315789473684,0.019736842105263157,3,3,3,333,15.108023769716779,3,"Potential Loyal (Moderate F, Moderate M)"
1967,1,422,8600293.0,1456.0,10,Foodstuff,Spaghetti (carton of 12 packs),3.4502369668246446,0.023696682464454975,5,4,4,544,15.967306946685918,3,"Potential Loyal (Moderate F, Moderate M)"
1968,2,111,3239105.0,448.0,4,Foodstuff,Indomie (carton of 24 packs),4.036036036036036,0.036036036036036036,4,2,2,422,14.990807923768024,3,"Potential Loyal (Moderate F, Moderate M)"
1969,2,247,5900066.0,915.0,6,Foodstuff,Garri (paint bucket),3.7044534412955468,0.024291497975708502,4,3,3,433,15.590474264743673,3,"Potential Loyal (Moderate F, Moderate M)"
1970,11,185,3436787.0,833.0,8,Foodstuff,Maggi Star Cube (4g x 20s),4.5027027027027025,0.043243243243243246,2,3,3,233,15.05004787223042,3,"Potential Loyal (Moderate F, Moderate M)"
1971,3,304,9887352.0,1287.0,5,Foodstuff,Baby Diapers (bulk 92 pcs),4.233552631578948,0.01644736842105263,4,4,4,444,16.10676702369089,3,"Potential Loyal (Moderate F, Moderate M)"
1972,1,768,17865640.0,3086.0,23,Foodstuff,Indomie (carton of 24 packs),4.018229166666667,0.029947916666666668,5,5,5,555,16.698389929008673,0,"New & Infrequent (Low R, Low F, Low M)"
1973,6,367,5870448.0,1377.0,14,Foodstuff,Indomie (carton of 24 packs),3.7520435967302452,0.03814713896457766,3,4,3,343,15.585441679509344,3,"Potential Loyal (Moderate F, Moderate M)"
1974,10,45,914639.0,344.0,4,Beverages,Coca-Cola (2L bottle),7.644444444444445,0.08888888888888889,2,1,1,211,13.726285824215852,1,"Loyal (High F, High M)"
1975,43,54,678397.0,247.0,2,Beverages,Coca-Cola (2L bottle),4.574074074074074,0.037037037037037035,1,1,1,111,13.427489415342277,2,"At Risk (High R, Low F)"
1976,11,98,1399301.0,250.0,0,Foodstuff,Phone Case,2.5510204081632653,0.0,2,2,1,221,14.151484098828854,1,"Loyal (High F, High M)"
1977,3,336,7211093.0,1310.0,9,Foodstuff,Bar Soap,3.8988095238095237,0.026785714285714284,4,4,4,444,15.791131231453928,3,"Potential Loyal (Moderate F, Moderate M)"
1978,7,50,1646969.0,191.0,1,Foodstuff,Cowbell Vitarich Cream (12g sachet),3.82,0.02,2,1,2,212,14.314447794057635,1,"Loyal (High F, High M)"
1979,3,221,4817753.0,996.0,8,Foodstuff,Beans (paint bucket),4.506787330316742,0.03619909502262444,4,3,3,433,15.387818402322912,3,"Potential Loyal (Moderate F, Moderate M)"
1980,15,279,7348418.0,879.0,2,Foodstuff,Red Table Wine (good quality),3.150537634408602,0.007168458781362007,2,4,4,244,15.809995746010442,3,"Potential Loyal (Moderate F, Moderate M)"
1981,6,174,3333829.0,760.0,8,Foodstuff,Frozen Chicken (1kg),4.367816091954023,0.04597701149425287,3,3,2,332,15.019632351190813,3,"Potential Loyal (Moderate F, Moderate M)"
1982,1,458,9853997.0,1866.0,15,Foodstuff,Indomie (carton of 24 packs),4.074235807860262,0.03275109170305677,5,4,4,544,16.103387819122762,3,"Potential Loyal (Moderate F, Moderate M)"
1983,4,39,814348.0,237.0,2,Foodstuff,Baby Wipes,6.076923076923077,0.05128205128205128,3,1,1,311,13.610144300027724,1,"Loyal (High F, High M)"
1984,2,46,1447131.0,157.0,1,Foodstuff,Eggs (crate of 30),3.4130434782608696,0.021739130434782608,4,1,1,411,14.185094224673492,1,"Loyal (High F, High M)"
1985,5,416,7559200.0,1300.0,7,Foodstuff,Indomie (carton of 24 packs),3.125,0.016826923076923076,3,4,4,344,15.838276054739676,3,"Potential Loyal (Moderate F, Moderate M)"
1986,1,192,3414836.0,662.0,4,Foodstuff,Yam (medium tuber),3.4479166666666665,0.020833333333333332,5,3,3,533,15.043640319247594,3,"Potential Loyal (Moderate F, Moderate M)"
1987,8,364,7685949.0,1283.0,12,Foodstuff,Frozen Chicken (1kg),3.5247252747252746,0.03296703296703297,2,4,4,244,15.854904544751392,3,"Potential Loyal (Moderate F, Moderate M)"
1988,3,161,3213625.0,576.0,4,Foodstuff,Indomie (carton of 24 packs),3.577639751552795,0.024844720496894408,4,3,2,432,14.982910452609367,3,"Potential Loyal (Moderate F, Moderate M)"
1989,20,77,1368719.0,272.0,2,Beverages,Cowbell Vitarich Cream (12g sachet),3.5324675324675323,0.025974025974025976,1,2,1,121,14.12938655449853,1,"Loyal (High F, High M)"
1990,1,539,10725488.0,1997.0,17,Foodstuff,Frozen Chicken Laps,3.7050092764378477,0.03153988868274583,5,5,4,554,16.188133616144555,0,"New & Infrequent (Low R, Low F, Low M)"
1991,7,489,10859140.0,1907.0,11,Foodstuff,Spaghetti (carton of 12 packs),3.8997955010224947,0.022494887525562373,2,5,5,255,16.20051777173579,0,"New & Infrequent (Low R, Low F, Low M)"
1992,2,319,8015958.0,1602.0,17,Foodstuff,Spaghetti (carton of 12 packs),5.021943573667712,0.05329153605015674,4,4,4,444,15.896944987523243,3,"Potential Loyal (Moderate F, Moderate M)"
1993,55,67,2027164.0,250.0,1,Foodstuff,Frozen Mackerel (1kg),3.7313432835820897,0.014925373134328358,1,2,2,122,14.522148823206596,2,"At Risk (High R, Low F)"
1994,2,265,6997861.0,989.0,7,Foodstuff,Rice (1kg),3.732075471698113,0.026415094339622643,4,3,4,434,15.761115231795353,3,"Potential Loyal (Moderate F, Moderate M)"
1995,9,120,2816746.0,433.0,1,Foodstuff,Indomie (carton of 24 packs),3.6083333333333334,0.008333333333333333,2,2,2,222,14.851093230968598,1,"Loyal (High F, High M)"
1996,30,30,503656.0,181.0,2,Beverages,Baby Diapers (bulk 92 pcs),6.033333333333333,0.06666666666666667,1,1,1,111,13.129650759814897,1,"Loyal (High F, High M)"
1997,1,713,17715369.0,2851.0,22,Foodstuff,Spaghetti (carton of 12 packs),3.9985974754558207,0.030855539971949508,5,5,5,555,16.68994318231818,0,"New & Infrequent (Low R, Low F, Low M)"
1998,4,44,1120378.0,146.0,0,Foodstuff,Beans (paint bucket),3.3181818181818183,0.0,3,1,1,311,13.92917757888647,1,"Loyal (High F, High M)"
1999,3,874,21271905.0,3743.0,28,Foodstuff,Eggs (crate of 30),4.282608695652174,0.032036613272311214,4,5,5,455,16.872897792940734,0,"New & Infrequent (Low R, Low F, Low M)"
2000,13,163,3374738.0,491.0,4,Foodstuff,Beans (paint bucket),3.0122699386503067,0.024539877300613498,2,3,2,232,15.031828545965057,3,"Potential Loyal (Moderate F, Moderate M)"
2001,19,68,1774489.0,386.0,2,Foodstuff,Beef (1kg),5.676470588235294,0.029411764705882353,1,2,2,122,14.389023615662559,1,"Loyal (High F, High M)"
2002,3,229,3245684.0,704.0,3,Foodstuff,Coca-Cola (2L bottle),3.074235807860262,0.013100436681222707,4,3,2,432,14.99283697983388,3,"Potential Loyal (Moderate F, Moderate M)"
2003,2,539,12576596.0,1897.0,8,Foodstuff,Eggs (crate of 30),3.5194805194805197,0.014842300556586271,4,5,5,455,16.34734826389844,0,"New & Infrequent (Low R, Low F, Low M)"
2004,2,353,6978211.0,1609.0,13,Foodstuff,Baby Formula (400g),4.558073654390935,0.036827195467422094,4,4,4,444,15.758303281465409,3,"Potential Loyal (Moderate F, Moderate M)"
2005,4,495,11135045.0,2335.0,25,Foodstuff,Spaghetti (carton of 12 packs),4.717171717171717,0.050505050505050504,3,5,5,355,16.225607989783168,0,"New & Infrequent (Low R, Low F, Low M)"
2006,1,329,7010941.0,1198.0,7,Foodstuff,Frozen Mackerel (1kg),3.641337386018237,0.02127659574468085,5,4,4,544,15.762982629440579,3,"Potential Loyal (Moderate F, Moderate M)"
2007,1,304,6115654.0,1086.0,11,Foodstuff,Spaghetti (carton of 12 packs),3.5723684210526314,0.03618421052631579,5,4,4,544,15.626362435022099,3,"Potential Loyal (Moderate F, Moderate M)"
2008,2,537,11234944.0,1906.0,12,Foodstuff,Beans (paint bucket),3.549348230912477,0.0223463687150838,4,5,5,455,16.234539568173474,0,"New & Infrequent (Low R, Low F, Low M)"
2009,17,64,1538732.0,232.0,1,Foodstuff,Beans (paint bucket),3.625,0.015625,1,2,2,122,14.246469908491258,1,"Loyal (High F, High M)"
2010,2,198,5195190.0,890.0,11,Foodstuff,Frozen Chicken (1kg),4.494949494949495,0.05555555555555555,4,3,3,433,15.463243947960878,3,"Potential Loyal (Moderate F, Moderate M)"
2011,4,63,1225837.0,238.0,3,Foodstuff,Phone Case,3.7777777777777777,0.047619047619047616,3,1,1,311,14.019135249716433,1,"Loyal (High F, High M)"
2012,3,843,16984764.0,3175.0,21,Foodstuff,Baby Formula (400g),3.7663107947805456,0.02491103202846975,4,5,5,455,16.64782732374369,0,"New & Infrequent (Low R, Low F, Low M)"
2013,4,835,18439715.0,3411.0,28,Foodstuff,Indomie (carton of 24 packs),4.08502994011976,0.033532934131736525,3,5,5,355,16.730017374672602,0,"New & Infrequent (Low R, Low F, Low M)"
2014,72,56,1035610.0,227.0,4,Beverages,Golden Morn (45g sachet),4.053571428571429,0.07142857142857142,1,1,1,111,13.85050214866483,2,"At Risk (High R, Low F)"
2015,2,361,8614769.0,1391.0,9,Foodstuff,Indomie (carton of 24 packs),3.853185595567867,0.024930747922437674,4,4,4,444,15.96898872996735,3,"Potential Loyal (Moderate F, Moderate M)"
2016,2,859,19267347.0,3401.0,34,Foodstuff,Spaghetti (carton of 12 packs),3.959254947613504,0.03958090803259604,4,5,5,455,16.773922407671026,0,"New & Infrequent (Low R, Low F, Low M)"
2017,30,68,1442717.0,200.0,0,Foodstuff,Frozen Chicken Laps,2.9411764705882355,0.0,1,2,1,121,14.182039392462395,1,"Loyal (High F, High M)"
2018,2,240,5098411.0,750.0,5,Foodstuff,Yam (medium tuber),3.125,0.020833333333333332,4,3,3,433,15.444439676659037,3,"Potential Loyal (Moderate F, Moderate M)"
2019,1,696,12898000.0,2560.0,16,Foodstuff,Indomie (carton of 24 packs),3.67816091954023,0.022988505747126436,5,5,5,555,16.372582896083856,0,"New & Infrequent (Low R, Low F, Low M)"
2020,9,43,542701.0,208.0,1,Foodstuff,Baby Wipes,4.837209302325581,0.023255813953488372,2,1,1,211,13.204315645322023,1,"Loyal (High F, High M)"
2021,4,374,10223168.0,1610.0,12,Foodstuff,Eggs (crate of 30),4.304812834224599,0.03208556149732621,3,4,4,344,16.140167172953387,3,"Potential Loyal (Moderate F, Moderate M)"
2022,2,94,2045733.0,363.0,2,Foodstuff,Beef (1kg),3.8617021276595747,0.02127659574468085,4,2,2,422,14.531267207266534,1,"Loyal (High F, High M)"
2023,2,670,15187021.0,2346.0,18,Foodstuff,Indomie (carton of 24 packs),3.5014925373134327,0.026865671641791045,4,5,5,455,16.53595180531872,0,"New & Infrequent (Low R, Low F, Low M)"
2024,1,889,23721029.0,3643.0,25,Foodstuff,Eggs (crate of 30),4.097862767154106,0.0281214848143982,5,5,5,555,16.981872554422537,0,"New & Infrequent (Low R, Low F, Low M)"
2025,3,936,20027180.0,4027.0,48,Foodstuff,Spaghetti (carton of 12 packs),4.302350427350428,0.05128205128205128,4,5,5,455,16.812600958845692,0,"New & Infrequent (Low R, Low F, Low M)"
2026,2,212,4464293.0,677.0,5,Foodstuff,Tomatoes (1kg),3.193396226415094,0.02358490566037736,4,3,3,433,15.31162164108965,3,"Potential Loyal (Moderate F, Moderate M)"
2027,2,559,11587752.0,2308.0,20,Foodstuff,Indomie (carton of 24 packs),4.1288014311270125,0.03577817531305903,4,5,5,455,16.2654593224906,0,"New & Infrequent (Low R, Low F, Low M)"
2028,2,533,12169315.0,2009.0,14,Foodstuff,Cowbell Vitarich Cream (12g sachet),3.769230769230769,0.02626641651031895,4,5,5,455,16.314428259604433,0,"New & Infrequent (Low R, Low F, Low M)"
2029,35,140,3858082.0,470.0,5,Foodstuff,Frozen Chicken (1kg),3.357142857142857,0.03571428571428571,1,2,3,123,15.165680985954083,1,"Loyal (High F, High M)"
2030,6,557,11040240.0,2116.0,13,Foodstuff,Indomie (carton of 24 packs),3.798922800718133,0.02333931777378815,3,5,5,355,16.217057428285102,0,"New & Infrequent (Low R, Low F, Low M)"
2031,35,57,1854846.0,281.0,4,Foodstuff,Baby Diapers (bulk 92 pcs),4.9298245614035086,0.07017543859649122,1,1,2,112,14.433312770837661,1,"Loyal (High F, High M)"
2032,2,291,6000718.0,1129.0,8,Foodstuff,Spaghetti (carton of 12 packs),3.879725085910653,0.027491408934707903,4,4,3,443,15.607389853346222,3,"Potential Loyal (Moderate F, Moderate M)"
2033,15,71,2106142.0,355.0,4,Foodstuff,Onions (1kg),5.0,0.056338028169014086,2,2,2,222,14.56036887060544,1,"Loyal (High F, High M)"
2034,21,41,980083.0,103.0,0,Foodstuff,Frozen Chicken Laps,2.5121951219512195,0.0,1,1,1,111,13.795393561259209,1,"Loyal (High F, High M)"
2035,9,55,1932720.0,299.0,3,Foodstuff,Spaghetti (carton of 12 packs),5.4363636363636365,0.05454545454545454,2,1,2,212,14.474439412542925,1,"Loyal (High F, High M)"
2036,2,351,8655024.0,1542.0,14,Foodstuff,Baby Formula (400g),4.3931623931623935,0.039886039886039885,4,4,4,444,15.97365063509203,3,"Potential Loyal (Moderate F, Moderate M)"
2037,6,154,2673539.0,475.0,3,Foodstuff,Frozen Mackerel (1kg),3.0844155844155843,0.01948051948051948,3,3,2,332,14.798913994919744,1,"Loyal (High F, High M)"
2038,10,424,8170907.0,1624.0,14,Foodstuff,Spaghetti (carton of 12 packs),3.830188679245283,0.0330188679245283,2,4,4,244,15.916090598971675,3,"Potential Loyal (Moderate F, Moderate M)"
2039,2,37,499787.0,149.0,2,Beverages,Beef (1kg),4.027027027027027,0.05405405405405406,4,1,1,411,13.121939287490912,1,"Loyal (High F, High M)"
2040,33,78,1686275.0,341.0,4,Foodstuff,Maggi Star Cube (4g x 20s),4.371794871794871,0.05128205128205128,1,2,2,122,14.338033105213995,1,"Loyal (High F, High M)"
2041,8,207,5127581.0,755.0,6,Foodstuff,Frozen Chicken (1kg),3.6473429951690823,0.028985507246376812,2,3,3,233,15.450144760999727,3,"Potential Loyal (Moderate F, Moderate M)"
2042,2,493,11308119.0,1631.0,11,Foodstuff,Spaghetti (carton of 12 packs),3.308316430020284,0.02231237322515213,4,5,5,455,16.241031609695447,0,"New & Infrequent (Low R, Low F, Low M)"
2043,3,100,2039300.0,379.0,3,Foodstuff,Baby Formula (400g),3.79,0.03,4,2,2,422,14.528117660044659,1,"Loyal (High F, High M)"
2044,7,312,6629856.0,1137.0,5,Foodstuff,Bread (500g loaf),3.644230769230769,0.016025641025641024,2,4,4,244,15.707093793301988,3,"Potential Loyal (Moderate F, Moderate M)"
2045,1,648,12488235.0,2460.0,19,Foodstuff,Indomie (carton of 24 packs),3.7962962962962963,0.029320987654320986,5,5,5,555,16.340297639141053,0,"New & Infrequent (Low R, Low F, Low M)"
2046,9,290,6095343.0,1154.0,6,Foodstuff,Garri (paint bucket),3.9793103448275864,0.020689655172413793,2,4,4,244,15.623035759009525,3,"Potential Loyal (Moderate F, Moderate M)"
2047,11,70,1812414.0,333.0,2,Foodstuff,Yam (medium tuber),4.757142857142857,0.02857142857142857,2,2,2,222,14.410170768059565,1,"Loyal (High F, High M)"
2048,7,46,1412723.0,251.0,3,Foodstuff,Palm Oil (75cl bottle),5.456521739130435,0.06521739130434782,2,1,1,211,14.161030313500405,1,"Loyal (High F, High M)"
2049,1,554,12034319.0,2377.0,21,Foodstuff,Frozen Titus Fish (1kg),4.290613718411552,0.03790613718411552,5,5,5,555,16.303273125733472,0,"New & Infrequent (Low R, Low F, Low M)"
2050,16,41,1578955.0,143.0,0,Foodstuff,Beef (1kg),3.4878048780487805,0.0,1,1,2,112,14.272274427111714,1,"Loyal (High F, High M)"
2051,2,618,12545092.0,2537.0,19,Foodstuff,Garri (paint bucket),4.105177993527508,0.030744336569579287,4,5,5,455,16.344840151067256,0,"New & Infrequent (Low R, Low F, Low M)"
2052,1,269,6761088.0,779.0,4,Foodstuff,Rice (1kg),2.895910780669145,0.01486988847583643,5,3,4,534,15.72669452971935,3,"Potential Loyal (Moderate F, Moderate M)"
2053,2,927,19047774.0,4011.0,34,Foodstuff,Spaghetti (carton of 12 packs),4.326860841423948,0.036677454153182305,4,5,5,455,16.762460854815316,0,"New & Infrequent (Low R, Low F, Low M)"
2054,2,571,11976319.0,2423.0,22,Foodstuff,Spaghetti (carton of 12 packs),4.243432574430823,0.03852889667250438,4,5,5,455,16.298441924831508,0,"New & Infrequent (Low R, Low F, Low M)"
2055,1,943,19576189.0,3507.0,16,Foodstuff,Beans (paint bucket),3.71898197242842,0.016967126193001062,5,5,5,555,16.789824589819702,0,"New & Infrequent (Low R, Low F, Low M)"
2056,8,119,2338078.0,345.0,1,Foodstuff,Domestic Beer (0.5L bottle),2.899159663865546,0.008403361344537815,2,2,2,222,14.664840210007027,1,"Loyal (High F, High M)"
2057,2,411,8757336.0,1483.0,9,Foodstuff,Tomatoes (1kg),3.608272506082725,0.021897810218978103,4,4,4,444,15.985402421262807,3,"Potential Loyal (Moderate F, Moderate M)"
2058,6,177,4611518.0,618.0,5,Foodstuff,Beans (paint bucket),3.4915254237288136,0.02824858757062147,3,3,3,333,15.34406786178387,3,"Potential Loyal (Moderate F, Moderate M)"
2059,1,188,4300600.0,807.0,8,Foodstuff,Onions (1kg),4.292553191489362,0.0425531914893617,5,3,3,533,15.274265338339092,3,"Potential Loyal (Moderate F, Moderate M)"
2060,7,296,6356748.0,1158.0,9,Foodstuff,Indomie (carton of 24 packs),3.9121621621621623,0.030405405405405407,2,4,4,244,15.665027641105683,3,"Potential Loyal (Moderate F, Moderate M)"
2061,4,616,11715406.0,2161.0,16,Foodstuff,Spaghetti (carton of 12 packs),3.508116883116883,0.025974025974025976,3,5,5,355,16.276415371104587,0,"New & Infrequent (Low R, Low F, Low M)"
2062,1,875,18281134.0,3266.0,24,Foodstuff,Golden Morn (45g sachet),3.7325714285714287,0.027428571428571427,5,5,5,555,16.721380211778328,0,"New & Infrequent (Low R, Low F, Low M)"
2063,3,437,10570643.0,1589.0,5,Foodstuff,Milk (1 litre),3.6361556064073226,0.011441647597254004,4,4,4,444,16.173591283142756,3,"Potential Loyal (Moderate F, Moderate M)"
2064,14,211,5997039.0,822.0,3,Foodstuff,Eggs (crate of 30),3.895734597156398,0.014218009478672985,2,3,3,233,15.60677657213007,3,"Potential Loyal (Moderate F, Moderate M)"
2065,4,150,4049620.0,660.0,6,Foodstuff,Eggs (crate of 30),4.4,0.04,3,2,3,323,15.214133854456904,3,"Potential Loyal (Moderate F, Moderate M)"
2066,2,322,7154917.0,1221.0,11,Foodstuff,Rice (50kg bag),3.7919254658385095,0.034161490683229816,4,4,4,444,15.783310510389896,3,"Potential Loyal (Moderate F, Moderate M)"
2067,13,104,2854912.0,429.0,3,Foodstuff,Beans (paint bucket),4.125,0.028846153846153848,2,2,2,222,14.8645519277533,1,"Loyal (High F, High M)"
2068,36,72,2395786.0,272.0,0,Foodstuff,Bread (500g loaf),3.7777777777777777,0.0,1,2,2,122,14.689222336102196,1,"Loyal (High F, High M)"
2069,4,110,1938307.0,496.0,8,Foodstuff,Beans (paint bucket),4.509090909090909,0.07272727272727272,3,2,2,322,14.47732598553392,1,"Loyal (High F, High M)"
2070,7,103,2232216.0,428.0,3,Foodstuff,Cowbell Vitarich Cream (12g sachet),4.155339805825243,0.02912621359223301,2,2,2,222,14.618505819979786,1,"Loyal (High F, High M)"
2071,11,101,1926464.0,373.0,4,Beverages,Red Table Wine (good quality),3.6930693069306932,0.039603960396039604,2,2,2,222,14.471197275221753,1,"Loyal (High F, High M)"
2072,1,102,1896191.0,402.0,3,Foodstuff,Golden Morn (45g sachet),3.9411764705882355,0.029411764705882353,5,2,2,522,14.455358222492851,1,"Loyal (High F, High M)"
2073,3,60,1073865.0,279.0,3,Beverages,Domestic Beer (0.5L bottle),4.65,0.05,4,1,1,411,13.886775779041544,1,"Loyal (High F, High M)"
2074,10,54,1145315.0,176.0,1,Foodstuff,Frozen Chicken Laps,3.259259259259259,0.018518518518518517,2,1,1,211,13.951191139427054,1,"Loyal (High F, High M)"
2075,1,835,19995438.0,3314.0,26,Foodstuff,Indomie (carton of 24 packs),3.968862275449102,0.031137724550898204,5,5,5,555,16.81101475551091,0,"New & Infrequent (Low R, Low F, Low M)"
2076,1,161,3695967.0,663.0,7,Foodstuff,Frozen Titus Fish (1kg),4.118012422360248,0.043478260869565216,5,3,3,533,15.122753053697574,3,"Potential Loyal (Moderate F, Moderate M)"
2077,2,148,4176128.0,631.0,5,Foodstuff,Spaghetti (carton of 12 packs),4.263513513513513,0.033783783783783786,4,2,3,423,15.244895298872098,3,"Potential Loyal (Moderate F, Moderate M)"
2078,15,379,8225336.0,1502.0,12,Foodstuff,Indomie (carton of 24 packs),3.9630606860158313,0.0316622691292876,2,4,4,244,15.922729826420731,3,"Potential Loyal (Moderate F, Moderate M)"
2079,20,47,1441282.0,243.0,3,Beverages,Eggs (crate of 30),5.170212765957447,0.06382978723404255,1,1,1,111,14.181044247094258,1,"Loyal (High F, High M)"
2080,6,846,19229443.0,2991.0,23,Foodstuff,Onions (1kg),3.5354609929078014,0.027186761229314422,3,5,5,355,16.771953203990442,0,"New & Infrequent (Low R, Low F, Low M)"
2081,7,453,10526037.0,1785.0,16,Foodstuff,Indomie (carton of 24 packs),3.9403973509933774,0.03532008830022075,2,4,4,244,16.169362554997647,3,"Potential Loyal (Moderate F, Moderate M)"
2082,15,66,1166539.0,176.0,0,Foodstuff,Red Table Wine (good quality),2.6666666666666665,0.0,2,2,1,221,13.969552660468656,1,"Loyal (High F, High M)"
2083,1,159,3897812.0,664.0,4,Foodstuff,Baby Wipes,4.176100628930818,0.025157232704402517,5,3,3,533,15.175926184579236,3,"Potential Loyal (Moderate F, Moderate M)"
2084,2,639,14728642.0,2352.0,16,Foodstuff,Frozen Titus Fish (1kg),3.68075117370892,0.025039123630672927,4,5,5,455,16.505304659279915,0,"New & Infrequent (Low R, Low F, Low M)"
2085,2,805,17068325.0,3033.0,20,Foodstuff,Frozen Titus Fish (1kg),3.7677018633540373,0.024844720496894408,4,5,5,455,16.652735023177932,0,"New & Infrequent (Low R, Low F, Low M)"
2086,1,178,3860166.0,834.0,6,Foodstuff,Screen Protector,4.685393258426966,0.033707865168539325,5,3,3,533,15.166221004753847,3,"Potential Loyal (Moderate F, Moderate M)"
2087,4,280,8414606.0,1277.0,9,Foodstuff,Baby Diapers (bulk 92 pcs),4.560714285714286,0.03214285714285714,3,4,4,344,15.945479682199165,3,"Potential Loyal (Moderate F, Moderate M)"
2088,35,69,2367418.0,275.0,1,Foodstuff,Frozen Chicken (1kg),3.9855072463768115,0.014492753623188406,1,2,2,122,14.677310890151908,1,"Loyal (High F, High M)"
2089,1,854,19471687.0,3291.0,21,Foodstuff,Onions (1kg),3.8536299765807964,0.02459016393442623,5,5,5,555,16.78447207107368,0,"New & Infrequent (Low R, Low F, Low M)"
2090,3,69,1549921.0,186.0,1,Foodstuff,Baby Formula (400g),2.6956521739130435,0.014492753623188406,4,2,2,422,14.253715165048561,1,"Loyal (High F, High M)"
2091,2,934,21725690.0,3818.0,31,Foodstuff,Spaghetti (carton of 12 packs),4.08779443254818,0.033190578158458245,4,5,5,455,16.894006035284246,0,"New & Infrequent (Low R, Low F, Low M)"
2092,2,284,6487718.0,1093.0,7,Foodstuff,Spaghetti (carton of 12 packs),3.8485915492957745,0.02464788732394366,4,4,4,444,15.685421563111952,3,"Potential Loyal (Moderate F, Moderate M)"
2093,7,265,6058355.0,1080.0,10,Foodstuff,Golden Morn (45g sachet),4.0754716981132075,0.03773584905660377,2,3,4,234,15.616949034111775,3,"Potential Loyal (Moderate F, Moderate M)"
2094,9,219,5462949.0,891.0,4,Foodstuff,Bread (500g loaf),4.068493150684931,0.0182648401826484,2,3,3,233,15.513499494855647,3,"Potential Loyal (Moderate F, Moderate M)"
2095,1,77,2271857.0,249.0,1,Foodstuff,Beans (paint bucket),3.2337662337662336,0.012987012987012988,5,2,2,522,14.636108556869972,1,"Loyal (High F, High M)"
2096,3,83,2053401.0,260.0,4,Beverages,Spaghetti (carton of 12 packs),3.1325301204819276,0.04819277108433735,4,2,2,422,14.535008487840878,1,"Loyal (High F, High M)"
2097,12,59,819608.0,186.0,1,Foodstuff,Laundry Detergent (3L),3.152542372881356,0.01694915254237288,2,1,1,211,13.616582676252916,1,"Loyal (High F, High M)"
2098,40,52,1267615.0,367.0,2,Foodstuff,Rice (1kg),7.0576923076923075,0.038461538461538464,1,1,1,111,14.052648528997564,2,"At Risk (High R, Low F)"
2099,5,452,8775894.0,1836.0,18,Foodstuff,Spaghetti (carton of 12 packs),4.061946902654867,0.03982300884955752,3,4,4,344,15.987519316417133,3,"Potential Loyal (Moderate F, Moderate M)"
2100,23,94,1323828.0,335.0,5,Foodstuff,Spaghetti (carton of 12 packs),3.5638297872340425,0.05319148936170213,1,2,1,121,14.096038853059435,1,"Loyal (High F, High M)"
2101,20,30,790561.0,82.0,0,Foodstuff,Frozen Chicken (1kg),2.7333333333333334,0.0,1,1,1,111,13.580499363928633,1,"Loyal (High F, High M)"
2102,1,915,19606500.0,3153.0,25,Foodstuff,Tomatoes (1kg),3.445901639344262,0.0273224043715847,5,5,5,555,16.791371752879346,0,"New & Infrequent (Low R, Low F, Low M)"
2103,1,554,14213015.0,2550.0,17,Foodstuff,Indomie (carton of 24 packs),4.602888086642599,0.030685920577617327,5,5,5,555,16.469668722450482,0,"New & Infrequent (Low R, Low F, Low M)"
2104,3,793,17218076.0,3057.0,24,Foodstuff,Milk (1 litre),3.8549810844892813,0.03026481715006305,4,5,5,455,16.661470378254155,0,"New & Infrequent (Low R, Low F, Low M)"
2105,1,829,17962704.0,3135.0,22,Foodstuff,Spaghetti (carton of 12 packs),3.781664656212304,0.026537997587454766,5,5,5,555,16.703808221969567,0,"New & Infrequent (Low R, Low F, Low M)"
2106,25,61,1565799.0,369.0,3,Beverages,Baby Diapers (bulk 92 pcs),6.049180327868853,0.04918032786885246,1,1,2,112,14.263907433455952,1,"Loyal (High F, High M)"
2107,1,118,2191387.0,583.0,6,Foodstuff,Baby Formula (400g),4.940677966101695,0.05084745762711865,5,2,2,522,14.60004569098699,1,"Loyal (High F, High M)"
2108,1,513,12021656.0,1997.0,16,Foodstuff,Frozen Chicken (1kg),3.892787524366472,0.031189083820662766,5,5,5,555,16.302220331147776,0,"New & Infrequent (Low R, Low F, Low M)"
2109,1,288,7492798.0,1293.0,14,Foodstuff,Indomie (carton of 24 packs),4.489583333333333,0.04861111111111111,5,4,4,544,15.829452983949949,3,"Potential Loyal (Moderate F, Moderate M)"
2110,23,46,1098946.0,194.0,3,Beverages,Coca-Cola (2L bottle),4.217391304347826,0.06521739130434782,1,1,1,111,13.909863006563173,1,"Loyal (High F, High M)"
2111,3,459,11649022.0,2076.0,15,Foodstuff,Eggs (crate of 30),4.522875816993464,0.032679738562091505,4,4,5,445,16.27073287179837,0,"New & Infrequent (Low R, Low F, Low M)"
2112,1,83,1139490.0,282.0,3,Foodstuff,Baby Wipes,3.397590361445783,0.03614457831325301,5,2,1,521,13.94609222943572,1,"Loyal (High F, High M)"
2113,19,99,2343434.0,402.0,3,Foodstuff,Screen Protector,4.0606060606060606,0.030303030303030304,1,2,2,122,14.667128359668368,1,"Loyal (High F, High M)"
2114,2,230,5591111.0,1074.0,7,Foodstuff,Beans (paint bucket),4.6695652173913045,0.030434782608695653,4,3,3,433,15.536688752002739,3,"Potential Loyal (Moderate F, Moderate M)"
2115,4,230,5732651.0,984.0,8,Foodstuff,Yam (medium tuber),4.278260869565218,0.034782608695652174,3,3,3,333,15.561688808844568,3,"Potential Loyal (Moderate F, Moderate M)"
2116,16,215,4708286.0,1207.0,11,Foodstuff,Beans (paint bucket),5.613953488372093,0.05116279069767442,1,3,3,133,15.364834705572285,3,"Potential Loyal (Moderate F, Moderate M)"
2117,20,53,1542873.0,336.0,5,Foodstuff,Spaghetti (carton of 12 packs),6.339622641509434,0.09433962264150944,1,1,2,112,14.249157468905373,1,"Loyal (High F, High M)"
2118,3,679,15599704.0,2422.0,20,Foodstuff,Spaghetti (carton of 12 packs),3.5670103092783507,0.029455081001472753,4,5,5,455,16.562762561784552,0,"New & Infrequent (Low R, Low F, Low M)"
2119,10,94,1961625.0,360.0,1,Foodstuff,Frozen Chicken (1kg),3.8297872340425534,0.010638297872340425,2,2,2,222,14.489284279122323,1,"Loyal (High F, High M)"
2120,15,44,738644.0,134.0,3,Foodstuff,Spaghetti (carton of 12 packs),3.0454545454545454,0.06818181818181818,2,1,1,211,13.512572705621043,1,"Loyal (High F, High M)"
2121,5,674,14206970.0,2439.0,22,Foodstuff,Yam (medium tuber),3.6186943620178043,0.032640949554896145,3,5,5,355,16.469243317604857,0,"New & Infrequent (Low R, Low F, Low M)"
2122,5,839,20527319.0,3218.0,18,Foodstuff,Frozen Chicken Laps,3.835518474374255,0.021454112038140644,3,5,5,355,16.837267239801754,0,"New & Infrequent (Low R, Low F, Low M)"
2123,3,603,13624310.0,2692.0,19,Foodstuff,Eggs (crate of 30),4.464344941956882,0.03150912106135987,4,5,5,455,16.427366328427595,0,"New & Infrequent (Low R, Low F, Low M)"
2124,1,508,12806276.0,2135.0,12,Foodstuff,Eggs (crate of 30),4.202755905511811,0.023622047244094488,5,5,5,555,16.36544599931266,0,"New & Infrequent (Low R, Low F, Low M)"
2125,3,317,7631070.0,1276.0,7,Foodstuff,Frozen Titus Fish (1kg),4.025236593059937,0.022082018927444796,4,4,4,444,15.847738760382596,3,"Potential Loyal (Moderate F, Moderate M)"
2126,1,256,4002660.0,998.0,6,Foodstuff,Domestic Beer (0.5L bottle),3.8984375,0.0234375,5,3,3,533,15.202469947903472,3,"Potential Loyal (Moderate F, Moderate M)"
2127,16,62,1453080.0,315.0,3,Foodstuff,Indomie (carton of 24 packs),5.080645161290323,0.04838709677419355,1,1,1,111,14.189196687729531,1,"Loyal (High F, High M)"
2128,21,156,4008031.0,848.0,6,Foodstuff,Baby Diapers (bulk 92 pcs),5.435897435897436,0.038461538461538464,1,3,3,133,15.203810905746902,1,"Loyal (High F, High M)"
2129,4,155,2842102.0,495.0,6,Foodstuff,Indomie (carton of 24 packs),3.193548387096774,0.03870967741935484,3,3,2,332,14.860054829065495,3,"Potential Loyal (Moderate F, Moderate M)"
2130,17,84,2710733.0,376.0,3,Foodstuff,Baby Diapers (bulk 92 pcs),4.476190476190476,0.03571428571428571,1,2,2,122,14.812730004891481,1,"Loyal (High F, High M)"
2131,4,370,8652544.0,1291.0,8,Foodstuff,Indomie (carton of 24 packs),3.4891891891891893,0.021621621621621623,3,4,4,344,15.973364055287126,3,"Potential Loyal (Moderate F, Moderate M)"
2132,27,149,3621796.0,615.0,5,Foodstuff,Phone Case,4.12751677852349,0.03355704697986577,1,2,3,123,15.102480869471625,1,"Loyal (High F, High M)"
2133,34,48,1210510.0,177.0,0,Foodstuff,Tomatoes (1kg),3.6875,0.0,1,1,1,111,14.006553142473031,1,"Loyal (High F, High M)"
2134,4,62,1253534.0,194.0,3,Beverages,Rice (1kg),3.129032258064516,0.04838709677419355,3,1,1,311,14.041478118009586,1,"Loyal (High F, High M)"
2135,2,265,6019504.0,1314.0,14,Beverages,Indomie (carton of 24 packs),4.958490566037736,0.052830188679245285,4,3,4,434,15.610515587990646,3,"Potential Loyal (Moderate F, Moderate M)"
2136,22,50,611083.0,168.0,3,Foodstuff,Frozen Chicken (1kg),3.36,0.06,1,1,1,111,13.322989708246022,1,"Loyal (High F, High M)"
2137,1,547,11645903.0,1983.0,18,Foodstuff,Indomie (carton of 24 packs),3.6252285191956126,0.03290676416819013,5,5,5,555,16.270465088171605,0,"New & Infrequent (Low R, Low F, Low M)"
2138,2,236,5934995.0,966.0,6,Foodstuff,Rice (50kg bag),4.093220338983051,0.025423728813559324,4,3,3,433,15.596376912057691,3,"Potential Loyal (Moderate F, Moderate M)"
2139,37,197,3065775.0,756.0,5,Beverages,Golden Morn (45g sachet),3.8375634517766497,0.025380710659898477,1,3,2,132,14.9358112763842,1,"Loyal (High F, High M)"
2140,1,310,6585321.0,1227.0,9,Foodstuff,Onions (1kg),3.958064516129032,0.02903225806451613,5,4,4,544,15.700353790976909,3,"Potential Loyal (Moderate F, Moderate M)"
2141,1,498,12116257.0,1873.0,14,Foodstuff,Indomie (carton of 24 packs),3.7610441767068274,0.028112449799196786,5,5,5,555,16.310058745059035,0,"New & Infrequent (Low R, Low F, Low M)"
2142,6,163,2996103.0,531.0,5,Foodstuff,Golden Morn (45g sachet),3.2576687116564416,0.03067484662576687,3,3,2,332,14.912823335967367,3,"Potential Loyal (Moderate F, Moderate M)"
2143,1,333,6216646.0,1047.0,7,Beverages,Frozen Mackerel (1kg),3.144144144144144,0.021021021021021023,5,4,4,544,15.64274125184211,3,"Potential Loyal (Moderate F, Moderate M)"
2144,6,258,5707824.0,993.0,12,Foodstuff,Indomie (carton of 24 packs),3.8488372093023258,0.046511627906976744,3,3,3,333,15.557348598384278,3,"Potential Loyal (Moderate F, Moderate M)"
2145,11,73,1495917.0,212.0,0,Foodstuff,Baby Formula (400g),2.904109589041096,0.0,2,2,2,222,14.218250623180056,1,"Loyal (High F, High M)"
2146,3,741,14242587.0,2619.0,15,Foodstuff,Cowbell Vitarich Cream (12g sachet),3.534412955465587,0.020242914979757085,4,5,5,455,16.471747189008138,0,"New & Infrequent (Low R, Low F, Low M)"
2147,3,472,11331622.0,2054.0,15,Foodstuff,Frozen Mackerel (1kg),4.351694915254237,0.03177966101694915,4,4,5,445,16.243107870759292,0,"New & Infrequent (Low R, Low F, Low M)"
2148,1,331,6151648.0,1099.0,5,Foodstuff,Beans (paint bucket),3.3202416918429005,0.015105740181268883,5,4,4,544,15.632230733923555,3,"Potential Loyal (Moderate F, Moderate M)"
2149,7,544,12363992.0,2452.0,23,Foodstuff,Onions (1kg),4.507352941176471,0.042279411764705885,2,5,5,255,16.330299016074164,0,"New & Infrequent (Low R, Low F, Low M)"
2150,8,643,14219571.0,2780.0,24,Foodstuff,Frozen Chicken Laps,4.32348367029549,0.03732503888024884,2,5,5,255,16.47012988343352,0,"New & Infrequent (Low R, Low F, Low M)"
2151,1,347,7946830.0,1377.0,10,Foodstuff,Tomatoes (1kg),3.968299711815562,0.02881844380403458,5,4,4,544,15.888283790809696,3,"Potential Loyal (Moderate F, Moderate M)"
2152,3,519,10113712.0,1955.0,15,Foodstuff,Spaghetti (carton of 12 packs),3.766859344894027,0.028901734104046242,4,5,4,454,16.129402783711633,0,"New & Infrequent (Low R, Low F, Low M)"
2153,3,377,7854088.0,1299.0,12,Foodstuff,Spaghetti (carton of 12 packs),3.4456233421750664,0.03183023872679045,4,4,4,444,15.876544845861337,3,"Potential Loyal (Moderate F, Moderate M)"
2154,6,376,9122601.0,1405.0,11,Foodstuff,Indomie (carton of 24 packs),3.7367021276595747,0.02925531914893617,3,4,4,344,16.02626562837575,3,"Potential Loyal (Moderate F, Moderate M)"
2155,3,333,7368595.0,1561.0,11,Foodstuff,Tomatoes (1kg),4.687687687687688,0.03303303303303303,4,4,4,444,15.812737743982424,3,"Potential Loyal (Moderate F, Moderate M)"
2156,1,379,9041564.0,1521.0,15,Foodstuff,Spaghetti (carton of 12 packs),4.013192612137203,0.0395778364116095,5,4,4,544,16.01734283685394,3,"Potential Loyal (Moderate F, Moderate M)"
2157,63,54,1703879.0,373.0,3,Foodstuff,Frozen Chicken (1kg),6.907407407407407,0.05555555555555555,1,1,2,112,14.348418561356404,2,"At Risk (High R, Low F)"
2158,3,617,13062935.0,2534.0,24,Foodstuff,Indomie (carton of 24 packs),4.106969205834684,0.03889789303079417,4,5,5,455,16.385289465122703,0,"New & Infrequent (Low R, Low F, Low M)"
2159,1,627,11978794.0,2390.0,14,Foodstuff,Frozen Titus Fish (1kg),3.8118022328548644,0.022328548644338118,5,5,5,555,16.298648561285457,0,"New & Infrequent (Low R, Low F, Low M)"
2160,32,39,601566.0,124.0,0,Foodstuff,Yam (medium tuber),3.1794871794871793,0.0,1,1,1,111,13.307293196389843,1,"Loyal (High F, High M)"
2161,2,515,11931346.0,2119.0,14,Foodstuff,Cowbell Vitarich Cream (12g sachet),4.114563106796116,0.027184466019417475,4,5,5,455,16.294679696334097,0,"New & Infrequent (Low R, Low F, Low M)"
2162,15,41,715627.0,120.0,1,Foodstuff,Frozen Mackerel (1kg),2.926829268292683,0.024390243902439025,2,1,1,211,13.480915757855692,1,"Loyal (High F, High M)"
2163,3,110,3445873.0,488.0,2,Foodstuff,Baby Diapers (bulk 92 pcs),4.4363636363636365,0.01818181818181818,4,2,3,423,15.0526881312692,3,"Potential Loyal (Moderate F, Moderate M)"
2164,3,406,9142096.0,1435.0,12,Foodstuff,Indomie (carton of 24 packs),3.5344827586206895,0.029556650246305417,4,4,4,444,16.028400348187258,3,"Potential Loyal (Moderate F, Moderate M)"
2165,44,33,424943.0,83.0,1,Foodstuff,Garri (paint bucket),2.515151515151515,0.030303030303030304,1,1,1,111,12.95971267451894,2,"At Risk (High R, Low F)"
2166,2,552,12139279.0,2263.0,17,Foodstuff,Domestic Beer (0.5L bottle),4.09963768115942,0.030797101449275364,4,5,5,455,16.311957033764344,0,"New & Infrequent (Low R, Low F, Low M)"
2167,3,573,13780982.0,2071.0,13,Foodstuff,Beans (paint bucket),3.614310645724258,0.02268760907504363,4,5,5,455,16.438800156274052,0,"New & Infrequent (Low R, Low F, Low M)"
2168,10,238,5582937.0,1028.0,8,Foodstuff,Golden Morn (45g sachet),4.319327731092437,0.03361344537815126,2,3,3,233,15.53522571909023,3,"Potential Loyal (Moderate F, Moderate M)"
2169,2,45,1363034.0,150.0,2,Foodstuff,Tomatoes (1kg),3.3333333333333335,0.044444444444444446,4,1,1,411,14.125224388999015,1,"Loyal (High F, High M)"
2170,6,118,3283668.0,371.0,0,Foodstuff,Baby Wipes,3.1440677966101696,0.0,3,2,2,322,15.004471952757212,3,"Potential Loyal (Moderate F, Moderate M)"
2171,8,262,5499249.0,1029.0,7,Foodstuff,Frozen Mackerel (1kg),3.927480916030534,0.026717557251908396,2,3,3,233,15.52012227726797,3,"Potential Loyal (Moderate F, Moderate M)"
2172,2,783,18352726.0,3156.0,26,Foodstuff,Indomie (carton of 24 packs),4.030651340996169,0.033205619412515965,4,5,5,455,16.725288731777653,0,"New & Infrequent (Low R, Low F, Low M)"
2173,3,303,6392016.0,1216.0,9,Foodstuff,Eggs (crate of 30),4.013201320132013,0.0297029702970297,4,4,4,444,15.670560425999179,3,"Potential Loyal (Moderate F, Moderate M)"
2174,1,97,2058854.0,365.0,1,Foodstuff,Beans (paint bucket),3.7628865979381443,0.010309278350515464,5,2,2,522,14.537660560994931,1,"Loyal (High F, High M)"
2175,7,293,5103513.0,921.0,8,Foodstuff,Cowbell Vitarich Cream (12g sachet),3.143344709897611,0.027303754266211604,2,4,3,243,15.445439880037368,3,"Potential Loyal (Moderate F, Moderate M)"
2176,4,235,5183807.0,948.0,10,Foodstuff,Frozen Titus Fish (1kg),4.034042553191489,0.0425531914893617,3,3,3,333,15.461050479291323,3,"Potential Loyal (Moderate F, Moderate M)"
2177,2,393,9276900.0,1662.0,6,Foodstuff,Eggs (crate of 30),4.229007633587786,0.015267175572519083,4,4,4,444,16.043038105025165,3,"Potential Loyal (Moderate F, Moderate M)"
2178,80,22,474062.0,89.0,1,Foodstuff,Coca-Cola (2L bottle),4.045454545454546,0.045454545454545456,1,1,1,111,13.069095503237682,2,"At Risk (High R, Low F)"
2179,9,418,8438406.0,1560.0,11,Foodstuff,Beef (1kg),3.7320574162679425,0.02631578947368421,2,4,4,244,15.948304104681906,3,"Potential Loyal (Moderate F, Moderate M)"
2180,10,205,4505764.0,854.0,7,Foodstuff,Yam (medium tuber),4.1658536585365855,0.03414634146341464,2,3,3,233,15.32086824592902,3,"Potential Loyal (Moderate F, Moderate M)"
2181,1,928,20285564.0,4122.0,34,Foodstuff,Spaghetti (carton of 12 packs),4.441810344827586,0.036637931034482756,5,5,5,555,16.825420107328213,0,"New & Infrequent (Low R, Low F, Low M)"
2182,4,115,1711895.0,455.0,4,Beverages,Golden Morn (45g sachet),3.9565217391304346,0.034782608695652174,3,2,2,322,14.35311208617506,1,"Loyal (High F, High M)"
2183,1,314,7633869.0,1403.0,12,Foodstuff,Eggs (crate of 30),4.468152866242038,0.03821656050955414,5,4,4,544,15.848105483061886,3,"Potential Loyal (Moderate F, Moderate M)"
2184,1,827,19611691.0,3517.0,29,Foodstuff,Indomie (carton of 24 packs),4.252720677146312,0.03506650544135429,5,5,5,555,16.791636476959333,0,"New & Infrequent (Low R, Low F, Low M)"
2185,8,57,1266189.0,200.0,0,Foodstuff,Coca-Cola (2L bottle),3.508771929824561,0.0,2,1,1,211,14.051522949414474,1,"Loyal (High F, High M)"
2186,4,832,19371917.0,3663.0,33,Foodstuff,Spaghetti (carton of 12 packs),4.402644230769231,0.039663461538461536,3,5,5,355,16.779335049582816,0,"New & Infrequent (Low R, Low F, Low M)"
2187,4,346,6434951.0,1119.0,5,Foodstuff,Frozen Chicken Laps,3.2341040462427744,0.014450867052023121,3,4,4,344,15.677254939777084,3,"Potential Loyal (Moderate F, Moderate M)"
2188,4,41,930093.0,172.0,1,Foodstuff,Tomatoes (1kg),4.195121951219512,0.024390243902439025,3,1,1,311,13.743040935290495,1,"Loyal (High F, High M)"
2189,23,109,3389399.0,472.0,3,Foodstuff,Beef (1kg),4.330275229357798,0.027522935779816515,1,2,3,123,15.036163472541409,1,"Loyal (High F, High M)"
2190,1,388,6849266.0,1248.0,8,Foodstuff,Milk (1 litre),3.216494845360825,0.020618556701030927,5,4,4,544,15.739652197213449,3,"Potential Loyal (Moderate F, Moderate M)"
2191,26,36,524200.0,79.0,0,Foodstuff,Bread (500g loaf),2.1944444444444446,0.0,1,1,1,111,13.169630477538453,1,"Loyal (High F, High M)"
2192,4,213,5557140.0,759.0,6,Foodstuff,Yam (medium tuber),3.563380281690141,0.028169014084507043,3,3,3,333,15.530594325343074,3,"Potential Loyal (Moderate F, Moderate M)"
2193,2,168,4007098.0,656.0,5,Foodstuff,Bread (500g loaf),3.9047619047619047,0.02976190476190476,4,3,3,433,15.203578096076239,3,"Potential Loyal (Moderate F, Moderate M)"
2194,1,305,5742606.0,1165.0,7,Foodstuff,Domestic Beer (0.5L bottle),3.819672131147541,0.022950819672131147,5,4,3,543,15.563423846371363,3,"Potential Loyal (Moderate F, Moderate M)"
2195,5,64,1189166.0,282.0,3,Beverages,Frozen Chicken (1kg),4.40625,0.046875,3,2,1,321,13.98876361997332,1,"Loyal (High F, High M)"
2196,2,594,11783880.0,2341.0,19,Foodstuff,Frozen Titus Fish (1kg),3.941077441077441,0.03198653198653199,4,5,5,455,16.282243138635053,0,"New & Infrequent (Low R, Low F, Low M)"
2197,3,895,19790845.0,3178.0,27,Foodstuff,Spaghetti (carton of 12 packs),3.5508379888268156,0.030167597765363128,4,5,5,455,16.800730065528104,0,"New & Infrequent (Low R, Low F, Low M)"
2198,2,889,19437066.0,3816.0,30,Foodstuff,Frozen Titus Fish (1kg),4.292463442069741,0.03374578177727784,4,5,5,455,16.78269247112827,0,"New & Infrequent (Low R, Low F, Low M)"
2199,1,412,7590334.0,1753.0,17,Foodstuff,Indomie (carton of 24 packs),4.254854368932039,0.0412621359223301,5,4,4,544,15.8423862854202,3,"Potential Loyal (Moderate F, Moderate M)"
2200,21,38,1540231.0,153.0,1,Beverages,Coca-Cola (2L bottle),4.026315789473684,0.02631578947368421,1,1,2,112,14.247443612393987,1,"Loyal (High F, High M)"
2201,4,421,9958054.0,1691.0,17,Foodstuff,Indomie (carton of 24 packs),4.016627078384798,0.040380047505938245,3,4,4,344,16.11389232936644,3,"Potential Loyal (Moderate F, Moderate M)"
2202,19,42,1092392.0,135.0,2,Beverages,Domestic Beer (0.5L bottle),3.2142857142857144,0.047619047619047616,1,1,1,111,13.903881260651966,1,"Loyal (High F, High M)"
2203,14,64,888474.0,283.0,2,Foodstuff,Beans (paint bucket),4.421875,0.03125,2,2,1,221,13.69726178887091,1,"Loyal (High F, High M)"
2204,1,108,3079478.0,387.0,2,Foodstuff,Bread (500g loaf),3.5833333333333335,0.018518518518518517,5,2,2,522,14.940270984797138,3,"Potential Loyal (Moderate F, Moderate M)"
2205,1,219,4509699.0,767.0,5,Foodstuff,Beans (paint bucket),3.502283105022831,0.0228310502283105,5,3,3,533,15.321741190419377,3,"Potential Loyal (Moderate F, Moderate M)"
2206,1,439,9615453.0,1836.0,13,Foodstuff,Eggs (crate of 30),4.182232346241458,0.029612756264236904,5,4,4,544,16.078882153779002,3,"Potential Loyal (Moderate F, Moderate M)"
2207,8,377,8080329.0,1331.0,10,Foodstuff,Yam (medium tuber),3.5305039787798407,0.026525198938992044,2,4,4,244,15.904943271247442,3,"Potential Loyal (Moderate F, Moderate M)"
2208,4,184,4036382.0,1034.0,8,Foodstuff,Phone Case,5.619565217391305,0.043478260869565216,3,3,3,333,15.210859551889873,3,"Potential Loyal (Moderate F, Moderate M)"
2209,5,77,2333279.0,263.0,0,Foodstuff,Rice (1kg),3.4155844155844157,0.0,3,2,2,322,14.662785560947393,1,"Loyal (High F, High M)"
2210,1,867,19170761.0,3667.0,30,Foodstuff,Beans (paint bucket),4.229527104959631,0.03460207612456748,5,5,5,555,16.768896863840595,0,"New & Infrequent (Low R, Low F, Low M)"
2211,24,168,3462682.0,486.0,1,Foodstuff,Baby Wipes,2.892857142857143,0.005952380952380952,1,3,3,133,15.057554280066674,1,"Loyal (High F, High M)"
2212,11,186,4073860.0,606.0,2,Foodstuff,Garri (paint bucket),3.2580645161290325,0.010752688172043012,2,3,3,233,15.220101756384668,3,"Potential Loyal (Moderate F, Moderate M)"
2213,3,43,953758.0,178.0,3,Foodstuff,Frozen Chicken Laps,4.1395348837209305,0.06976744186046512,4,1,1,411,13.768166297971405,1,"Loyal (High F, High M)"
2214,2,430,9176070.0,1803.0,12,Foodstuff,Spaghetti (carton of 12 packs),4.193023255813953,0.027906976744186046,4,4,4,444,16.032109675337693,3,"Potential Loyal (Moderate F, Moderate M)"
2215,2,354,8067343.0,1201.0,12,Foodstuff,Spaghetti (carton of 12 packs),3.3926553672316384,0.03389830508474576,4,4,4,444,15.903334865875928,3,"Potential Loyal (Moderate F, Moderate M)"
2216,11,56,1237907.0,171.0,0,Foodstuff,Phone Case,3.0535714285714284,0.0,2,1,1,211,14.028933416056576,1,"Loyal (High F, High M)"
2217,52,49,1893764.0,219.0,3,Foodstuff,Frozen Titus Fish (1kg),4.469387755102041,0.061224489795918366,1,1,2,112,14.454077469000525,2,"At Risk (High R, Low F)"
2218,2,384,6561499.0,1374.0,15,Foodstuff,Spaghetti (carton of 12 packs),3.578125,0.0390625,4,4,4,444,15.696729793318479,3,"Potential Loyal (Moderate F, Moderate M)"
2219,5,320,8140743.0,1348.0,11,Foodstuff,Spaghetti (carton of 12 packs),4.2125,0.034375,3,4,4,344,15.912392134293354,3,"Potential Loyal (Moderate F, Moderate M)"
2220,3,94,2462994.0,293.0,2,Foodstuff,Frozen Titus Fish (1kg),3.117021276595745,0.02127659574468085,4,2,2,422,14.716888647055953,1,"Loyal (High F, High M)"
2221,6,803,17912138.0,3088.0,28,Foodstuff,Yam (medium tuber),3.8455790784557906,0.034869240348692404,3,5,5,355,16.700989197391404,0,"New & Infrequent (Low R, Low F, Low M)"
2222,25,34,695698.0,194.0,2,Foodstuff,Cowbell Vitarich Cream (12g sachet),5.705882352941177,0.058823529411764705,1,1,1,111,13.452672374509522,1,"Loyal (High F, High M)"
2223,14,167,4185237.0,822.0,5,Foodstuff,Rice (50kg bag),4.922155688622754,0.029940119760479042,2,3,3,233,15.247074130061687,3,"Potential Loyal (Moderate F, Moderate M)"
2224,1,890,20278881.0,4175.0,37,Foodstuff,Indomie (carton of 24 packs),4.691011235955056,0.04157303370786517,5,5,5,555,16.82509060696251,0,"New & Infrequent (Low R, Low F, Low M)"
2225,14,152,2972800.0,803.0,7,Foodstuff,Cowbell Vitarich Cream (12g sachet),5.282894736842105,0.046052631578947366,2,3,2,232,14.905015163984807,1,"Loyal (High F, High M)"
2226,5,273,7351302.0,1110.0,6,Foodstuff,Garri (paint bucket),4.065934065934066,0.02197802197802198,3,3,4,334,15.810388134388536,3,"Potential Loyal (Moderate F, Moderate M)"
2227,2,159,3734609.0,635.0,9,Foodstuff,Indomie (carton of 24 packs),3.993710691823899,0.05660377358490566,4,3,3,433,15.133153953426467,3,"Potential Loyal (Moderate F, Moderate M)"
2228,26,103,2953313.0,408.0,3,Foodstuff,Eggs (crate of 30),3.9611650485436893,0.02912621359223301,1,2,2,122,14.898438487616332,1,"Loyal (High F, High M)"
2229,2,894,20734531.0,3535.0,32,Foodstuff,Spaghetti (carton of 12 packs),3.9541387024608503,0.035794183445190156,4,5,5,455,16.847311080874984,0,"New & Infrequent (Low R, Low F, Low M)"
2230,1,169,6236396.0,731.0,4,Foodstuff,Baby Diapers (bulk 92 pcs),4.325443786982248,0.023668639053254437,5,3,4,534,15.64591316973766,3,"Potential Loyal (Moderate F, Moderate M)"
2231,5,615,14267732.0,2775.0,26,Foodstuff,Red Table Wine (good quality),4.512195121951219,0.04227642276422764,3,5,5,355,16.47351111208145,0,"New & Infrequent (Low R, Low F, Low M)"
2232,4,96,2576073.0,294.0,2,Foodstuff,Frozen Chicken Laps,3.0625,0.020833333333333332,3,2,2,322,14.761777092501852,1,"Loyal (High F, High M)"
2233,38,60,1673022.0,235.0,2,Beverages,Spaghetti (carton of 12 packs),3.9166666666666665,0.03333333333333333,1,1,2,112,14.330142727632978,1,"Loyal (High F, High M)"
2234,70,32,430733.0,94.0,1,Foodstuff,Rice (1kg),2.9375,0.03125,1,1,1,111,12.97324600918492,2,"At Risk (High R, Low F)"
2235,3,296,7083984.0,1179.0,8,Foodstuff,Frozen Chicken Laps,3.983108108108108,0.02702702702702703,4,4,4,444,15.77334716043485,3,"Potential Loyal (Moderate F, Moderate M)"
2236,1,150,3226277.0,607.0,5,Foodstuff,Indomie (carton of 24 packs),4.046666666666667,0.03333333333333333,5,2,2,522,14.986839708783965,3,"Potential Loyal (Moderate F, Moderate M)"
2237,3,571,11474349.0,2539.0,20,Foodstuff,Spaghetti (carton of 12 packs),4.446584938704028,0.03502626970227671,4,5,5,455,16.25562466742633,0,"New & Infrequent (Low R, Low F, Low M)"
2238,8,224,3865628.0,726.0,4,Foodstuff,Beans (paint bucket),3.2410714285714284,0.017857142857142856,2,3,3,233,15.167634969323974,3,"Potential Loyal (Moderate F, Moderate M)"
2239,1,922,18051337.0,3928.0,32,Foodstuff,Indomie (carton of 24 packs),4.260303687635575,0.03470715835140998,5,5,5,555,16.708730367419687,0,"New & Infrequent (Low R, Low F, Low M)"
2240,58,47,1774053.0,327.0,4,Foodstuff,Baby Diapers (bulk 92 pcs),6.957446808510638,0.0851063829787234,1,1,2,112,14.388777881072713,2,"At Risk (High R, Low F)"
2241,1,627,15998466.0,2263.0,15,Foodstuff,Rice (1kg),3.609250398724083,0.023923444976076555,5,5,5,555,16.588003463113743,0,"New & Infrequent (Low R, Low F, Low M)"
2242,1,455,11297889.0,2052.0,18,Foodstuff,Indomie (carton of 24 packs),4.50989010989011,0.03956043956043956,5,4,5,545,16.240126540583447,0,"New & Infrequent (Low R, Low F, Low M)"
2243,3,467,10430217.0,1858.0,14,Foodstuff,Beef (1kg),3.9785867237687365,0.029978586723768737,4,4,4,444,16.16021772800493,0,"New & Infrequent (Low R, Low F, Low M)"
2244,1,499,11423452.0,1850.0,10,Foodstuff,Onions (1kg),3.7074148296593186,0.02004008016032064,5,5,5,555,16.25117908076248,0,"New & Infrequent (Low R, Low F, Low M)"
2245,5,425,8016396.0,1487.0,11,Foodstuff,Red Table Wine (good quality),3.498823529411765,0.02588235294117647,3,4,4,344,15.896999627028517,3,"Potential Loyal (Moderate F, Moderate M)"
2246,1,329,7808126.0,1168.0,12,Foodstuff,Spaghetti (carton of 12 packs),3.5501519756838906,0.0364741641337386,5,4,4,544,15.870675672311638,3,"Potential Loyal (Moderate F, Moderate M)"
2247,67,40,853425.0,143.0,2,Foodstuff,Phone Case,3.575,0.05,1,1,1,111,13.657014115641761,2,"At Risk (High R, Low F)"
2248,8,47,783773.0,240.0,2,Foodstuff,Coca-Cola (2L bottle),5.1063829787234045,0.0425531914893617,2,1,1,211,13.571875992469993,1,"Loyal (High F, High M)"
2249,1,747,16411292.0,3165.0,22,Foodstuff,Rice (1kg),4.236947791164659,0.029451137884872823,5,5,5,555,16.61348025338088,0,"New & Infrequent (Low R, Low F, Low M)"
2250,4,255,4922080.0,986.0,7,Foodstuff,Indomie (carton of 24 packs),3.8666666666666667,0.027450980392156862,3,3,3,333,15.409241966522636,3,"Potential Loyal (Moderate F, Moderate M)"
2251,7,451,10329413.0,1762.0,15,Foodstuff,Golden Morn (45g sachet),3.9068736141906872,0.03325942350332594,2,4,4,244,16.150506111509962,3,"Potential Loyal (Moderate F, Moderate M)"
2252,8,216,4585737.0,833.0,9,Foodstuff,Frozen Chicken Laps,3.8564814814814814,0.041666666666666664,2,3,3,233,15.338461610371123,3,"Potential Loyal (Moderate F, Moderate M)"
2253,63,48,796880.0,128.0,0,Foodstuff,Indomie (carton of 24 packs),2.6666666666666665,0.0,1,1,1,111,13.588460636712346,2,"At Risk (High R, Low F)"
2254,36,48,811607.0,198.0,4,Beverages,Milk (1 litre),4.125,0.08333333333333333,1,1,1,111,13.606772743957666,1,"Loyal (High F, High M)"
2255,3,346,6186420.0,1211.0,12,Foodstuff,Indomie (carton of 24 packs),3.5,0.03468208092485549,4,4,4,444,15.63786728681407,3,"Potential Loyal (Moderate F, Moderate M)"
2256,9,166,3890020.0,932.0,9,Foodstuff,Baby Formula (400g),5.614457831325301,0.05421686746987952,2,3,3,233,15.17392511403764,3,"Potential Loyal (Moderate F, Moderate M)"
2257,7,66,1324441.0,180.0,2,Foodstuff,Maggi Star Cube (4g x 20s),2.727272727272727,0.030303030303030304,2,2,1,221,14.09650179662597,1,"Loyal (High F, High M)"
2258,1,190,4017588.0,608.0,4,Foodstuff,Eggs (crate of 30),3.2,0.021052631578947368,5,3,3,533,15.206192529428703,3,"Potential Loyal (Moderate F, Moderate M)"
2259,24,32,938476.0,217.0,1,Foodstuff,Bread (500g loaf),6.78125,0.03125,1,1,1,111,13.752013627516066,1,"Loyal (High F, High M)"
2260,3,280,5994787.0,1015.0,8,Foodstuff,Frozen Mackerel (1kg),3.625,0.02857142857142857,4,4,3,443,15.606400983016139,3,"Potential Loyal (Moderate F, Moderate M)"
2261,5,77,1214226.0,285.0,5,Beverages,Golden Morn (45g sachet),3.7012987012987013,0.06493506493506493,3,2,1,321,14.009618218295014,1,"Loyal (High F, High M)"
2262,1,507,10955496.0,1930.0,16,Foodstuff,Indomie (carton of 24 packs),3.806706114398422,0.03155818540433925,5,5,5,555,16.209351897394775,0,"New & Infrequent (Low R, Low F, Low M)"
2263,6,106,1998336.0,319.0,4,Foodstuff,Domestic Beer (0.5L bottle),3.009433962264151,0.03773584905660377,3,2,2,322,14.507825892636344,1,"Loyal (High F, High M)"
2264,1,204,3285904.0,567.0,4,Foodstuff,Garri (paint bucket),2.7794117647058822,0.0196078431372549,5,3,2,532,15.005152666631913,3,"Potential Loyal (Moderate F, Moderate M)"
2265,11,45,566590.0,180.0,4,Beverages,Frozen Chicken Laps,4.0,0.08888888888888889,2,1,1,211,13.247392982030725,1,"Loyal (High F, High M)"
2266,3,46,1086019.0,152.0,1,Foodstuff,Baby Wipes,3.3043478260869565,0.021739130434782608,4,1,1,411,13.898030195512703,1,"Loyal (High F, High M)"
2267,3,138,2321161.0,526.0,5,Foodstuff,Frozen Chicken (1kg),3.8115942028985508,0.036231884057971016,4,2,2,422,14.657578480321918,1,"Loyal (High F, High M)"
2268,11,183,5109052.0,627.0,4,Foodstuff,Domestic Beer (0.5L bottle),3.4262295081967213,0.02185792349726776,2,3,3,233,15.446524622109196,3,"Potential Loyal (Moderate F, Moderate M)"
2269,2,234,6363136.0,859.0,3,Foodstuff,Beef (1kg),3.6709401709401708,0.01282051282051282,4,3,4,434,15.666032052707648,3,"Potential Loyal (Moderate F, Moderate M)"
2270,16,85,2609296.0,362.0,2,Foodstuff,Phone Case,4.258823529411765,0.023529411764705882,1,2,2,122,14.774591394359007,1,"Loyal (High F, High M)"
2271,4,340,6536588.0,1086.0,8,Foodstuff,Indomie (carton of 24 packs),3.1941176470588237,0.023529411764705882,3,4,4,344,15.692926027740818,3,"Potential Loyal (Moderate F, Moderate M)"
2272,1,537,13237992.0,2025.0,15,Foodstuff,Indomie (carton of 24 packs),3.7709497206703912,0.027932960893854747,5,5,5,555,16.398601510880084,0,"New & Infrequent (Low R, Low F, Low M)"
2273,4,471,9137844.0,1816.0,15,Foodstuff,Spaghetti (carton of 12 packs),3.8556263269639066,0.03184713375796178,3,4,4,344,16.02793513882536,3,"Potential Loyal (Moderate F, Moderate M)"
2274,29,59,1469092.0,330.0,3,Foodstuff,Rice (1kg),5.593220338983051,0.05084745762711865,1,1,1,111,14.200155761525167,1,"Loyal (High F, High M)"
2275,25,224,4953319.0,774.0,8,Foodstuff,Onions (1kg),3.455357142857143,0.03571428571428571,1,3,3,133,15.415568616792115,3,"Potential Loyal (Moderate F, Moderate M)"
2276,14,45,890474.0,150.0,0,Foodstuff,Domestic Beer (0.5L bottle),3.3333333333333335,0.0,2,1,1,211,13.699510307202102,1,"Loyal (High F, High M)"
2277,32,61,2344310.0,274.0,1,Foodstuff,Eggs (crate of 30),4.491803278688525,0.01639344262295082,1,1,2,112,14.667502100058824,1,"Loyal (High F, High M)"
2278,2,914,20517524.0,3266.0,24,Foodstuff,Indomie (carton of 24 packs),3.573304157549234,0.0262582056892779,4,5,5,455,16.836789956957297,0,"New & Infrequent (Low R, Low F, Low M)"
2279,7,38,884834.0,167.0,0,Foodstuff,Baby Wipes,4.394736842105263,0.0,2,1,1,211,13.693156465929876,1,"Loyal (High F, High M)"
2280,7,209,4841028.0,813.0,7,Foodstuff,Frozen Chicken (1kg),3.889952153110048,0.03349282296650718,2,3,3,233,15.39263785940172,3,"Potential Loyal (Moderate F, Moderate M)"
2281,1,335,7127302.0,1378.0,9,Foodstuff,Tomatoes (1kg),4.113432835820896,0.026865671641791045,5,4,4,544,15.779443459962225,3,"Potential Loyal (Moderate F, Moderate M)"
2282,1,360,6279249.0,1339.0,14,Foodstuff,Indomie (carton of 24 packs),3.7194444444444446,0.03888888888888889,5,4,4,544,15.652761104560847,3,"Potential Loyal (Moderate F, Moderate M)"
2283,4,255,5552469.0,1061.0,8,Foodstuff,Indomie (carton of 24 packs),4.1607843137254905,0.03137254901960784,3,3,3,333,15.529753431764489,3,"Potential Loyal (Moderate F, Moderate M)"
2284,66,42,612611.0,204.0,2,Beverages,Domestic Beer (0.5L bottle),4.857142857142857,0.047619047619047616,1,1,1,111,13.325487061827546,2,"At Risk (High R, Low F)"
2285,4,128,3276586.0,457.0,2,Foodstuff,Rice (1kg),3.5703125,0.015625,3,2,2,322,15.002312889833114,3,"Potential Loyal (Moderate F, Moderate M)"
2286,3,227,3791173.0,661.0,2,Foodstuff,Cowbell Vitarich Cream (12g sachet),2.9118942731277535,0.00881057268722467,4,3,3,433,15.148186291625082,3,"Potential Loyal (Moderate F, Moderate M)"
2287,9,54,1185926.0,271.0,4,Foodstuff,Frozen Chicken Laps,5.018518518518518,0.07407407407407407,2,1,1,211,13.98603530521205,1,"Loyal (High F, High M)"
2288,2,103,1961169.0,479.0,2,Foodstuff,Tomatoes (1kg),4.650485436893204,0.019417475728155338,4,2,2,422,14.489051791885132,1,"Loyal (High F, High M)"
2289,26,42,720245.0,209.0,2,Foodstuff,Cowbell Vitarich Cream (12g sachet),4.976190476190476,0.047619047619047616,1,1,1,111,13.48734809930414,1,"Loyal (High F, High M)"
2290,2,32,749868.0,131.0,1,Foodstuff,Frozen Titus Fish (1kg),4.09375,0.03125,4,1,1,411,13.527653803589828,1,"Loyal (High F, High M)"
2291,30,158,2664136.0,557.0,5,Foodstuff,Spaghetti (carton of 12 packs),3.5253164556962027,0.03164556962025317,1,3,2,132,14.79539073574655,1,"Loyal (High F, High M)"
2292,55,17,273490.0,38.0,0,Foodstuff,Baby Wipes,2.235294117647059,0.0,1,1,1,111,12.519023993538566,2,"At Risk (High R, Low F)"
2293,14,261,6444630.0,1063.0,12,Foodstuff,Indomie (carton of 24 packs),4.0727969348659006,0.04597701149425287,2,3,4,234,15.678757939031343,3,"Potential Loyal (Moderate F, Moderate M)"
2294,2,286,7254847.0,1185.0,14,Foodstuff,Spaghetti (carton of 12 packs),4.143356643356643,0.04895104895104895,4,4,4,444,15.79718049301272,3,"Potential Loyal (Moderate F, Moderate M)"
2295,1,489,11646367.0,1597.0,14,Foodstuff,Red Table Wine (good quality),3.2658486707566463,0.028629856850715747,5,5,5,555,16.270504929712185,0,"New & Infrequent (Low R, Low F, Low M)"
2296,14,59,1530786.0,193.0,0,Foodstuff,Bread (500g loaf),3.2711864406779663,0.0,2,1,2,212,14.241292540206013,1,"Loyal (High F, High M)"
2297,9,56,1217693.0,177.0,0,Foodstuff,Frozen Mackerel (1kg),3.1607142857142856,0.0,2,1,1,211,14.01246946416096,1,"Loyal (High F, High M)"
2298,37,51,1366543.0,265.0,3,Foodstuff,Frozen Titus Fish (1kg),5.196078431372549,0.058823529411764705,1,1,1,111,14.127795482880545,1,"Loyal (High F, High M)"
2299,4,332,8476876.0,1226.0,9,Foodstuff,Rice (50kg bag),3.6927710843373496,0.02710843373493976,3,4,4,344,15.952852661635092,3,"Potential Loyal (Moderate F, Moderate M)"
2300,3,331,8104527.0,1485.0,13,Foodstuff,Spaghetti (carton of 12 packs),4.486404833836858,0.03927492447129909,4,4,4,444,15.90793347579915,3,"Potential Loyal (Moderate F, Moderate M)"
2301,112,42,1086947.0,144.0,2,Foodstuff,Garri (paint bucket),3.4285714285714284,0.047619047619047616,1,1,1,111,13.898884326872592,2,"At Risk (High R, Low F)"
2302,1,702,16880344.0,2453.0,19,Foodstuff,Indomie (carton of 24 packs),3.494301994301994,0.027065527065527065,5,5,5,555,16.64166048531185,0,"New & Infrequent (Low R, Low F, Low M)"
2303,132,39,720292.0,101.0,0,Beverages,Bar Soap,2.58974358974359,0.0,1,1,1,111,13.48741335265725,2,"At Risk (High R, Low F)"
2304,1,260,5817900.0,897.0,4,Foodstuff,Phone Case,3.45,0.015384615384615385,5,3,3,533,15.576450101735754,3,"Potential Loyal (Moderate F, Moderate M)"
2305,1,360,8743668.0,1564.0,15,Foodstuff,Spaghetti (carton of 12 packs),4.344444444444444,0.041666666666666664,5,4,4,544,15.98384045359319,3,"Potential Loyal (Moderate F, Moderate M)"
2306,13,605,15871863.0,2426.0,16,Foodstuff,Coca-Cola (2L bottle),4.0099173553719005,0.026446280991735537,2,5,5,255,16.580058539921694,0,"New & Infrequent (Low R, Low F, Low M)"
2307,14,371,6297102.0,1346.0,12,Foodstuff,Indomie (carton of 24 packs),3.628032345013477,0.03234501347708895,2,4,4,244,15.6556002443325,3,"Potential Loyal (Moderate F, Moderate M)"
2308,6,469,9367815.0,1933.0,22,Foodstuff,Indomie (carton of 24 packs),4.121535181236673,0.046908315565031986,3,4,4,344,16.052790542734602,3,"Potential Loyal (Moderate F, Moderate M)"
2309,16,117,2097157.0,436.0,2,Beverages,Spaghetti (carton of 12 packs),3.7264957264957266,0.017094017094017096,1,2,2,122,14.556093652777708,1,"Loyal (High F, High M)"
2310,2,453,11015377.0,1890.0,16,Foodstuff,Frozen Chicken Laps,4.172185430463577,0.03532008830022075,4,4,5,445,16.21480285447044,0,"New & Infrequent (Low R, Low F, Low M)"
2311,62,45,467700.0,142.0,1,Foodstuff,Yam (medium tuber),3.1555555555555554,0.022222222222222223,1,1,1,111,13.05558448183442,2,"At Risk (High R, Low F)"
2312,1,693,15405272.0,2748.0,18,Foodstuff,Frozen Chicken (1kg),3.965367965367965,0.025974025974025976,5,5,5,555,16.55022041137487,0,"New & Infrequent (Low R, Low F, Low M)"
2313,1,253,5752029.0,919.0,8,Foodstuff,Golden Morn (45g sachet),3.632411067193676,0.03162055335968379,5,3,3,533,15.565063393946609,3,"Potential Loyal (Moderate F, Moderate M)"
2314,3,569,12687608.0,2125.0,16,Foodstuff,Eggs (crate of 30),3.734622144112478,0.028119507908611598,4,5,5,455,16.356136405862383,0,"New & Infrequent (Low R, Low F, Low M)"
2315,3,184,4373552.0,829.0,7,Foodstuff,Milk (1 litre),4.505434782608695,0.03804347826086957,4,3,3,433,15.291086280209226,3,"Potential Loyal (Moderate F, Moderate M)"
2316,1,262,6297600.0,1296.0,12,Foodstuff,Spaghetti (carton of 12 packs),4.9465648854961835,0.04580152671755725,5,3,4,534,15.655679325190654,3,"Potential Loyal (Moderate F, Moderate M)"
2317,7,233,4409508.0,1050.0,10,Foodstuff,Frozen Titus Fish (1kg),4.506437768240343,0.04291845493562232,2,3,3,233,15.299273903356028,3,"Potential Loyal (Moderate F, Moderate M)"
2318,4,436,9619589.0,1948.0,11,Foodstuff,Frozen Chicken Laps,4.467889908256881,0.02522935779816514,3,4,4,344,16.07931220219103,3,"Potential Loyal (Moderate F, Moderate M)"
2319,37,33,498414.0,88.0,0,Beverages,Power Bank,2.6666666666666665,0.0,1,1,1,111,13.119188342310682,2,"At Risk (High R, Low F)"
2320,82,38,1496613.0,135.0,0,Foodstuff,Frozen Chicken (1kg),3.5526315789473686,0.0,1,1,2,112,14.218715781121592,2,"At Risk (High R, Low F)"
2321,1,105,2579004.0,466.0,2,Foodstuff,Spaghetti (carton of 12 packs),4.438095238095238,0.01904761904761905,5,2,2,522,14.762914223597546,1,"Loyal (High F, High M)"
2322,7,61,1600683.0,267.0,2,Foodstuff,Eggs (crate of 30),4.377049180327869,0.03278688524590164,2,1,2,212,14.285941595857919,1,"Loyal (High F, High M)"
2323,2,565,13464754.0,2068.0,16,Foodstuff,Garri (paint bucket),3.6601769911504425,0.02831858407079646,4,5,5,455,16.415586088741097,0,"New & Infrequent (Low R, Low F, Low M)"
2324,4,77,2086487.0,280.0,2,Foodstuff,Frozen Mackerel (1kg),3.6363636363636362,0.025974025974025976,3,2,2,322,14.550992827739119,1,"Loyal (High F, High M)"
2325,1,931,21306573.0,3771.0,19,Foodstuff,Spaghetti (carton of 12 packs),4.050483351235231,0.02040816326530612,5,5,5,555,16.87452622155824,0,"New & Infrequent (Low R, Low F, Low M)"
2326,13,94,2381618.0,454.0,6,Foodstuff,Indomie (carton of 24 packs),4.829787234042553,0.06382978723404255,2,2,2,222,14.683291066481912,1,"Loyal (High F, High M)"
2327,70,62,952392.0,380.0,4,Foodstuff,Domestic Beer (0.5L bottle),6.129032258064516,0.06451612903225806,1,1,1,111,13.766733043714831,2,"At Risk (High R, Low F)"
2328,1,371,10308719.0,1693.0,11,Foodstuff,Eggs (crate of 30),4.563342318059299,0.029649595687331536,5,4,4,544,16.148500696976324,3,"Potential Loyal (Moderate F, Moderate M)"
2329,19,275,4638214.0,848.0,7,Foodstuff,Beans (paint bucket),3.0836363636363635,0.025454545454545455,1,4,3,143,15.349840151911211,3,"Potential Loyal (Moderate F, Moderate M)"
2330,6,224,5008205.0,691.0,3,Foodstuff,Cowbell Vitarich Cream (12g sachet),3.0848214285714284,0.013392857142857142,3,3,3,333,15.426588325101388,3,"Potential Loyal (Moderate F, Moderate M)"
2331,9,230,3665705.0,820.0,6,Foodstuff,Cowbell Vitarich Cream (12g sachet),3.5652173913043477,0.02608695652173913,2,3,3,233,15.11453150776654,3,"Potential Loyal (Moderate F, Moderate M)"
2332,1,364,7335892.0,1478.0,10,Foodstuff,Rice (1kg),4.06043956043956,0.027472527472527472,5,4,4,544,15.808289707206832,3,"Potential Loyal (Moderate F, Moderate M)"
2333,20,84,1647404.0,331.0,2,Foodstuff,Rice (1kg),3.9404761904761907,0.023809523809523808,1,2,2,122,14.314711880570268,1,"Loyal (High F, High M)"
2334,2,978,23057351.0,3418.0,28,Foodstuff,Spaghetti (carton of 12 packs),3.494887525562372,0.028629856850715747,4,5,5,455,16.95349523533564,0,"New & Infrequent (Low R, Low F, Low M)"
2335,4,938,21181959.0,3351.0,25,Foodstuff,Spaghetti (carton of 12 packs),3.5724946695095947,0.026652452025586353,3,5,5,355,16.86866043398816,0,"New & Infrequent (Low R, Low F, Low M)"
2336,4,316,8605922.0,1451.0,14,Foodstuff,Spaghetti (carton of 12 packs),4.591772151898734,0.04430379746835443,3,4,4,344,15.967961245094548,3,"Potential Loyal (Moderate F, Moderate M)"
2337,17,59,1947766.0,258.0,2,Foodstuff,Frozen Chicken (1kg),4.372881355932203,0.03389830508474576,1,1,2,112,14.482194146174525,1,"Loyal (High F, High M)"
2338,6,329,6983229.0,1386.0,15,Foodstuff,Frozen Chicken Laps,4.212765957446808,0.04559270516717325,3,4,4,344,15.759022118418795,3,"Potential Loyal (Moderate F, Moderate M)"
2339,20,46,1304237.0,265.0,2,Foodstuff,Spaghetti (carton of 12 packs),5.760869565217392,0.043478260869565216,1,1,1,111,14.081129520152261,1,"Loyal (High F, High M)"
2340,21,39,397763.0,99.0,0,Foodstuff,Beans (paint bucket),2.5384615384615383,0.0,1,1,1,111,12.893614143569286,1,"Loyal (High F, High M)"
2341,23,97,1509959.0,372.0,3,Foodstuff,Domestic Beer (0.5L bottle),3.8350515463917527,0.030927835051546393,1,2,2,122,14.227593718374013,1,"Loyal (High F, High M)"
2342,8,152,4592041.0,626.0,6,Foodstuff,Baby Diapers (bulk 92 pcs),4.118421052631579,0.039473684210526314,2,3,3,233,15.339835363281175,3,"Potential Loyal (Moderate F, Moderate M)"
2343,1,584,14642779.0,2850.0,21,Foodstuff,Indomie (carton of 24 packs),4.88013698630137,0.03595890410958904,5,5,5,555,16.499457939180864,0,"New & Infrequent (Low R, Low F, Low M)"
2344,1,416,10414225.0,1601.0,15,Foodstuff,Spaghetti (carton of 12 packs),3.8485576923076925,0.036057692307692304,5,4,4,544,16.158683314025104,3,"Potential Loyal (Moderate F, Moderate M)"
2345,1,415,9185331.0,1501.0,11,Foodstuff,Frozen Titus Fish (1kg),3.616867469879518,0.02650602409638554,5,4,4,544,16.033118421868153,3,"Potential Loyal (Moderate F, Moderate M)"
2346,9,195,4308920.0,862.0,8,Foodstuff,Beans (paint bucket),4.420512820512821,0.041025641025641026,2,3,3,233,15.27619808270979,3,"Potential Loyal (Moderate F, Moderate M)"
2347,7,110,2753431.0,480.0,3,Foodstuff,Spaghetti (carton of 12 packs),4.363636363636363,0.02727272727272727,2,2,2,222,14.82835869153807,1,"Loyal (High F, High M)"
2348,6,132,2695728.0,436.0,4,Foodstuff,Frozen Chicken Laps,3.303030303030303,0.030303030303030304,3,2,2,322,14.807179226674098,1,"Loyal (High F, High M)"
2349,1,819,19104454.0,3116.0,26,Foodstuff,Spaghetti (carton of 12 packs),3.8046398046398044,0.031746031746031744,5,5,5,555,16.76543211189252,0,"New & Infrequent (Low R, Low F, Low M)"
2350,3,54,878214.0,175.0,0,Foodstuff,Eggs (crate of 30),3.240740740740741,0.0,4,1,1,411,13.685646717355596,1,"Loyal (High F, High M)"
2351,1,643,14253708.0,2601.0,22,Foodstuff,Indomie (carton of 24 packs),4.045101088646967,0.03421461897356143,5,5,5,555,16.472527711513543,0,"New & Infrequent (Low R, Low F, Low M)"
2352,4,276,5721030.0,1009.0,10,Foodstuff,Indomie (carton of 24 packs),3.6557971014492754,0.036231884057971016,3,4,3,343,15.55965959186909,3,"Potential Loyal (Moderate F, Moderate M)"
2353,2,191,4617207.0,631.0,3,Foodstuff,Baby Formula (400g),3.303664921465969,0.015706806282722512,4,3,3,433,15.345300751373216,3,"Potential Loyal (Moderate F, Moderate M)"
2354,4,395,8591836.0,1890.0,17,Foodstuff,Garri (paint bucket),4.784810126582278,0.043037974683544304,3,4,4,344,15.966323124414888,3,"Potential Loyal (Moderate F, Moderate M)"
2355,30,193,3757423.0,619.0,6,Foodstuff,Spaghetti (carton of 12 packs),3.2072538860103625,0.031088082901554404,1,3,3,133,15.139244174190475,1,"Loyal (High F, High M)"
2356,4,518,11856660.0,1959.0,7,Foodstuff,Tomatoes (1kg),3.781853281853282,0.013513513513513514,3,5,5,355,16.288400377325573,0,"New & Infrequent (Low R, Low F, Low M)"
2357,1,737,15850610.0,2729.0,18,Foodstuff,Tomatoes (1kg),3.7028493894165537,0.024423337856173677,5,5,5,555,16.57871860644047,0,"New & Infrequent (Low R, Low F, Low M)"
2358,13,155,3394794.0,910.0,8,Foodstuff,Spaghetti (carton of 12 packs),5.870967741935484,0.05161290322580645,2,3,3,233,15.03775393423576,3,"Potential Loyal (Moderate F, Moderate M)"
2359,7,114,3871100.0,511.0,4,Foodstuff,Rice (50kg bag),4.482456140350878,0.03508771929824561,2,2,3,223,15.169049520668647,3,"Potential Loyal (Moderate F, Moderate M)"
2360,1,287,6426828.0,990.0,9,Foodstuff,Spaghetti (carton of 12 packs),3.4494773519163764,0.0313588850174216,5,4,4,544,15.675991817495651,3,"Potential Loyal (Moderate F, Moderate M)"
2361,1,749,18160671.0,3008.0,24,Foodstuff,Indomie (carton of 24 packs),4.0160213618157545,0.03204272363150868,5,5,5,555,16.71476893485806,0,"New & Infrequent (Low R, Low F, Low M)"
2362,25,75,1134447.0,211.0,1,Foodstuff,Spaghetti (carton of 12 packs),2.8133333333333335,0.013333333333333334,1,2,1,121,13.941656746981892,1,"Loyal (High F, High M)"
2363,7,272,4837426.0,789.0,3,Foodstuff,Frozen Chicken (1kg),2.900735294117647,0.011029411764705883,2,3,3,233,15.391893525767037,3,"Potential Loyal (Moderate F, Moderate M)"
2364,2,326,5951310.0,1148.0,6,Foodstuff,Indomie (carton of 24 packs),3.521472392638037,0.018404907975460124,4,4,3,443,15.599122089385824,3,"Potential Loyal (Moderate F, Moderate M)"
2365,1,341,6772306.0,1185.0,7,Foodstuff,Indomie (carton of 24 packs),3.4750733137829912,0.020527859237536656,5,4,4,544,15.728352354934731,3,"Potential Loyal (Moderate F, Moderate M)"
2366,15,42,562377.0,145.0,2,Foodstuff,Laundry Detergent (3L),3.4523809523809526,0.047619047619047616,2,1,1,211,13.239929500648026,1,"Loyal (High F, High M)"
2367,2,369,7878455.0,1367.0,14,Foodstuff,Onions (1kg),3.7046070460704605,0.037940379403794036,4,4,4,444,15.879642503549197,3,"Potential Loyal (Moderate F, Moderate M)"
2368,4,674,14773020.0,2614.0,24,Foodstuff,Frozen Titus Fish (1kg),3.878338278931751,0.03560830860534125,3,5,5,355,16.508313169814954,0,"New & Infrequent (Low R, Low F, Low M)"
2369,44,55,938750.0,165.0,1,Foodstuff,Frozen Mackerel (1kg),3.0,0.01818181818181818,1,1,1,111,13.752305547306252,2,"At Risk (High R, Low F)"
2370,4,90,1648877.0,525.0,7,Foodstuff,Yam (medium tuber),5.833333333333333,0.07777777777777778,3,2,2,322,14.315605614571899,1,"Loyal (High F, High M)"
2371,2,947,21836150.0,4001.0,27,Foodstuff,Spaghetti (carton of 12 packs),4.224920802534319,0.028511087645195353,4,5,5,455,16.899077457045806,0,"New & Infrequent (Low R, Low F, Low M)"
2372,2,60,1834733.0,362.0,2,Foodstuff,Eggs (crate of 30),6.033333333333333,0.03333333333333333,4,1,2,412,14.422410069835152,1,"Loyal (High F, High M)"
2373,3,614,14027131.0,2416.0,14,Foodstuff,Garri (paint bucket),3.9348534201954397,0.02280130293159609,4,5,5,455,16.456504012080288,0,"New & Infrequent (Low R, Low F, Low M)"
2374,5,206,4728230.0,937.0,11,Foodstuff,Indomie (carton of 24 packs),4.548543689320389,0.05339805825242718,3,3,3,333,15.369061694742586,3,"Potential Loyal (Moderate F, Moderate M)"
2375,48,95,2864409.0,325.0,1,Foodstuff,Garri (paint bucket),3.4210526315789473,0.010526315789473684,1,2,2,122,14.867872953241351,2,"At Risk (High R, Low F)"
2376,1,517,11026011.0,1823.0,8,Foodstuff,Frozen Chicken (1kg),3.526112185686654,0.015473887814313346,5,5,5,555,16.21576776646783,0,"New & Infrequent (Low R, Low F, Low M)"
2377,5,147,3025754.0,498.0,4,Foodstuff,Rice (1kg),3.3877551020408165,0.027210884353741496,3,2,2,322,14.92267120508234,3,"Potential Loyal (Moderate F, Moderate M)"
2378,5,225,4687616.0,718.0,6,Foodstuff,Golden Morn (45g sachet),3.1911111111111112,0.02666666666666667,3,3,3,333,15.360434908949308,3,"Potential Loyal (Moderate F, Moderate M)"
2379,24,146,3631874.0,536.0,2,Foodstuff,Garri (paint bucket),3.671232876712329,0.0136986301369863,1,2,3,123,15.105259601811508,1,"Loyal (High F, High M)"
2380,2,280,5597117.0,970.0,8,Foodstuff,Spaghetti (carton of 12 packs),3.4642857142857144,0.02857142857142857,4,4,3,443,15.537762380374147,3,"Potential Loyal (Moderate F, Moderate M)"
2381,25,48,1229128.0,193.0,1,Beverages,Frozen Mackerel (1kg),4.020833333333333,0.020833333333333332,1,1,1,111,14.021816346424767,1,"Loyal (High F, High M)"
2382,4,119,1998449.0,339.0,1,Beverages,Spaghetti (carton of 12 packs),2.8487394957983194,0.008403361344537815,3,2,2,322,14.507882438056468,1,"Loyal (High F, High M)"
2383,1,965,22321101.0,3566.0,23,Foodstuff,Indomie (carton of 24 packs),3.695336787564767,0.02383419689119171,5,5,5,555,16.921043067018445,0,"New & Infrequent (Low R, Low F, Low M)"
2384,6,95,1780411.0,261.0,0,Foodstuff,Beef (1kg),2.7473684210526317,0.0,3,2,2,322,14.392355356159536,1,"Loyal (High F, High M)"
2385,8,328,6696843.0,1051.0,6,Foodstuff,Spaghetti (carton of 12 packs),3.2042682926829267,0.018292682926829267,2,4,4,244,15.717146928608633,3,"Potential Loyal (Moderate F, Moderate M)"
2386,2,98,2581582.0,333.0,2,Foodstuff,Yam (medium tuber),3.3979591836734695,0.02040816326530612,4,2,2,422,14.763913334634681,1,"Loyal (High F, High M)"
2387,2,461,10481731.0,1535.0,11,Foodstuff,Golden Morn (45g sachet),3.3297180043383947,0.02386117136659436,4,4,4,444,16.165144490377628,0,"New & Infrequent (Low R, Low F, Low M)"
2388,1,41,777135.0,152.0,2,Beverages,Spaghetti (carton of 12 packs),3.707317073170732,0.04878048780487805,5,1,1,511,13.563370646208472,1,"Loyal (High F, High M)"
2389,2,809,19872207.0,3161.0,26,Foodstuff,Spaghetti (carton of 12 packs),3.9072929542645243,0.032138442521631644,4,5,5,455,16.80483273064929,0,"New & Infrequent (Low R, Low F, Low M)"
2390,17,206,3937692.0,892.0,8,Foodstuff,Eggs (crate of 30),4.330097087378641,0.038834951456310676,1,3,3,133,15.186105576787803,3,"Potential Loyal (Moderate F, Moderate M)"
2391,7,77,1453065.0,231.0,2,Foodstuff,Frozen Chicken (1kg),3.0,0.025974025974025976,2,2,1,221,14.189186364783032,1,"Loyal (High F, High M)"
2392,7,62,1312467.0,201.0,1,Foodstuff,Onions (1kg),3.2419354838709675,0.016129032258064516,2,1,1,211,14.087419892198314,1,"Loyal (High F, High M)"
2393,26,33,727136.0,88.0,0,Foodstuff,Frozen Titus Fish (1kg),2.6666666666666665,0.0,1,1,1,111,13.496870184429127,1,"Loyal (High F, High M)"
2394,6,219,4837116.0,1113.0,9,Foodstuff,Spaghetti (carton of 12 packs),5.082191780821918,0.0410958904109589,3,3,3,333,15.391829440059201,3,"Potential Loyal (Moderate F, Moderate M)"
2395,19,107,2410942.0,497.0,3,Foodstuff,Golden Morn (45g sachet),4.644859813084112,0.028037383177570093,1,2,2,122,14.695528515241367,1,"Loyal (High F, High M)"
2396,6,543,13270183.0,1979.0,11,Foodstuff,Indomie (carton of 24 packs),3.6445672191528544,0.020257826887661142,3,5,5,355,16.401030272075108,0,"New & Infrequent (Low R, Low F, Low M)"
2397,2,145,3501835.0,517.0,3,Foodstuff,Screen Protector,3.56551724137931,0.020689655172413793,4,2,3,423,15.06879796034872,3,"Potential Loyal (Moderate F, Moderate M)"
2398,1,71,1556434.0,296.0,3,Foodstuff,Beef (1kg),4.169014084507042,0.04225352112676056,5,2,2,522,14.257908507632031,1,"Loyal (High F, High M)"
2399,1,251,5999328.0,980.0,6,Foodstuff,Indomie (carton of 24 packs),3.904382470119522,0.02390438247011952,5,3,3,533,15.607158187605183,3,"Potential Loyal (Moderate F, Moderate M)"
2400,6,367,8650828.0,1483.0,13,Foodstuff,Frozen Chicken Laps,4.040871934604905,0.035422343324250684,3,4,4,344,15.97316571246617,3,"Potential Loyal (Moderate F, Moderate M)"
2401,14,59,1816101.0,208.0,3,Foodstuff,Indomie (carton of 24 packs),3.5254237288135593,0.05084745762711865,2,1,2,212,14.412203003966928,1,"Loyal (High F, High M)"
2402,30,60,1303794.0,200.0,0,Foodstuff,Beef (1kg),3.3333333333333335,0.0,1,1,1,111,14.080789800521213,1,"Loyal (High F, High M)"
2403,59,40,1138140.0,306.0,4,Foodstuff,Beef (1kg),7.65,0.1,1,1,1,111,13.944906787574968,2,"At Risk (High R, Low F)"
2404,1,425,12343418.0,1877.0,14,Foodstuff,Eggs (crate of 30),4.416470588235294,0.03294117647058824,5,4,5,545,16.328633604516263,3,"Potential Loyal (Moderate F, Moderate M)"
2405,3,372,11691729.0,1379.0,12,Foodstuff,Indomie (carton of 24 packs),3.706989247311828,0.03225806451612903,4,4,5,445,16.274392312233665,3,"Potential Loyal (Moderate F, Moderate M)"
2406,3,193,4953687.0,911.0,7,Foodstuff,Frozen Chicken Laps,4.72020725388601,0.03626943005181347,4,3,3,433,15.415642907637578,3,"Potential Loyal (Moderate F, Moderate M)"
2407,3,525,13607103.0,1784.0,11,Foodstuff,Frozen Titus Fish (1kg),3.3980952380952383,0.02095238095238095,4,5,5,455,16.42610256726865,0,"New & Infrequent (Low R, Low F, Low M)"
2408,3,521,11801446.0,1962.0,15,Foodstuff,Indomie (carton of 24 packs),3.7658349328214973,0.028790786948176585,4,5,5,455,16.283732709036446,0,"New & Infrequent (Low R, Low F, Low M)"
2409,1,323,7728470.0,1502.0,15,Foodstuff,Indomie (carton of 24 packs),4.65015479876161,0.04643962848297214,5,4,4,544,15.860421600222255,3,"Potential Loyal (Moderate F, Moderate M)"
2410,2,579,11474976.0,2729.0,33,Foodstuff,Indomie (carton of 24 packs),4.713298791018998,0.05699481865284974,4,5,5,455,16.255679309551574,0,"New & Infrequent (Low R, Low F, Low M)"
2411,8,76,1924549.0,322.0,2,Foodstuff,Eggs (crate of 30),4.2368421052631575,0.02631578947368421,2,2,2,222,14.47020273214267,1,"Loyal (High F, High M)"
2412,15,48,646624.0,150.0,1,Foodstuff,Screen Protector,3.125,0.020833333333333332,2,1,1,211,13.379521807305816,1,"Loyal (High F, High M)"
2413,10,103,2105797.0,305.0,2,Foodstuff,Frozen Mackerel (1kg),2.9611650485436893,0.019417475728155338,2,2,2,222,14.560205050646534,1,"Loyal (High F, High M)"
2414,77,36,1341029.0,109.0,1,Foodstuff,Indomie (carton of 24 packs),3.0277777777777777,0.027777777777777776,1,1,1,111,14.108948533378234,2,"At Risk (High R, Low F)"
2415,1,212,3531606.0,864.0,8,Foodstuff,Spaghetti (carton of 12 packs),4.0754716981132075,0.03773584905660377,5,3,3,533,15.077263566112029,3,"Potential Loyal (Moderate F, Moderate M)"
2416,1,817,15589203.0,2978.0,26,Foodstuff,Spaghetti (carton of 12 packs),3.645042839657283,0.03182374541003672,5,5,5,555,16.562089181359685,0,"New & Infrequent (Low R, Low F, Low M)"
2417,40,33,1006357.0,94.0,0,Foodstuff,Beans (paint bucket),2.8484848484848486,0.0,1,1,1,111,13.82184843114809,2,"At Risk (High R, Low F)"
2418,46,46,687007.0,156.0,1,Beverages,Baby Wipes,3.391304347826087,0.021739130434782608,1,1,1,111,13.44010121596929,2,"At Risk (High R, Low F)"
2419,1,182,5668136.0,644.0,7,Foodstuff,Coca-Cola (2L bottle),3.5384615384615383,0.038461538461538464,5,3,3,533,15.550371050283944,3,"Potential Loyal (Moderate F, Moderate M)"
2420,1,802,19852445.0,2938.0,20,Foodstuff,Rice (50kg bag),3.663341645885287,0.02493765586034913,5,5,5,555,16.803837781687356,0,"New & Infrequent (Low R, Low F, Low M)"
2421,5,126,3913562.0,543.0,4,Foodstuff,Eggs (crate of 30),4.309523809523809,0.031746031746031744,3,2,3,323,15.179958770219342,3,"Potential Loyal (Moderate F, Moderate M)"
2422,7,174,4599202.0,562.0,3,Foodstuff,Frozen Titus Fish (1kg),3.2298850574712645,0.017241379310344827,2,3,3,233,15.34139358557836,3,"Potential Loyal (Moderate F, Moderate M)"
2423,55,40,1154690.0,140.0,1,Foodstuff,Rice (50kg bag),3.5,0.025,1,1,1,111,13.959343333677303,2,"At Risk (High R, Low F)"
2424,5,52,1188958.0,146.0,0,Foodstuff,Golden Morn (45g sachet),2.8076923076923075,0.0,3,1,1,311,13.988588692319754,1,"Loyal (High F, High M)"
2425,1,882,16443212.0,3588.0,26,Foodstuff,Garri (paint bucket),4.068027210884353,0.02947845804988662,5,5,5,555,16.615423366453005,0,"New & Infrequent (Low R, Low F, Low M)"
2426,1,764,18699892.0,3569.0,33,Foodstuff,Indomie (carton of 24 packs),4.6714659685863875,0.04319371727748691,5,5,5,555,16.744028359883313,0,"New & Infrequent (Low R, Low F, Low M)"
2427,21,60,1802230.0,290.0,1,Foodstuff,Tomatoes (1kg),4.833333333333333,0.016666666666666666,1,1,2,112,14.40453589983367,1,"Loyal (High F, High M)"
2428,1,834,21383811.0,2934.0,20,Foodstuff,Spaghetti (carton of 12 packs),3.5179856115107913,0.023980815347721823,5,5,5,555,16.878144745142343,0,"New & Infrequent (Low R, Low F, Low M)"
2429,4,295,7107659.0,1226.0,8,Foodstuff,Frozen Chicken (1kg),4.15593220338983,0.02711864406779661,3,4,4,344,15.776683633685499,3,"Potential Loyal (Moderate F, Moderate M)"
2430,6,673,14595211.0,2590.0,23,Foodstuff,Spaghetti (carton of 12 packs),3.848439821693908,0.03417533432392273,3,5,5,355,16.496204087687296,0,"New & Infrequent (Low R, Low F, Low M)"
2431,1,169,2673483.0,711.0,9,Foodstuff,Beans (paint bucket),4.207100591715976,0.05325443786982249,5,3,2,532,14.798893048688717,3,"Potential Loyal (Moderate F, Moderate M)"
2432,4,201,4859164.0,872.0,5,Foodstuff,Frozen Titus Fish (1kg),4.338308457711443,0.024875621890547265,3,3,3,333,15.396377170415938,3,"Potential Loyal (Moderate F, Moderate M)"
2433,4,209,4786334.0,801.0,6,Foodstuff,Rice (1kg),3.8325358851674642,0.028708133971291867,3,3,3,333,15.381275540822008,3,"Potential Loyal (Moderate F, Moderate M)"
2434,3,251,3986389.0,874.0,6,Foodstuff,Bread (500g loaf),3.4820717131474104,0.02390438247011952,4,3,3,433,15.198396617417187,3,"Potential Loyal (Moderate F, Moderate M)"
2435,4,50,977177.0,154.0,1,Beverages,Beef (1kg),3.08,0.02,3,1,1,311,13.792424104808978,1,"Loyal (High F, High M)"
2436,37,30,492734.0,112.0,1,Beverages,Frozen Chicken Laps,3.7333333333333334,0.03333333333333333,1,1,1,111,13.107726783151314,2,"At Risk (High R, Low F)"
2437,3,112,1981712.0,334.0,2,Foodstuff,Milk (1 litre),2.982142857142857,0.017857142857142856,4,2,2,422,14.499472180158008,1,"Loyal (High F, High M)"
2438,3,372,7103701.0,1426.0,14,Foodstuff,Garri (paint bucket),3.8333333333333335,0.03763440860215054,4,4,4,444,15.776126614576095,3,"Potential Loyal (Moderate F, Moderate M)"
2439,12,46,991747.0,118.0,0,Foodstuff,Beans (paint bucket),2.5652173913043477,0.0,2,1,1,211,13.807224321737285,1,"Loyal (High F, High M)"
2440,1,330,9035100.0,1292.0,9,Foodstuff,Eggs (crate of 30),3.915151515151515,0.02727272727272727,5,4,4,544,16.016627660695292,3,"Potential Loyal (Moderate F, Moderate M)"
2441,3,850,17696757.0,3388.0,28,Foodstuff,Frozen Titus Fish (1kg),3.9858823529411764,0.03294117647058824,4,5,5,455,16.688892016925706,0,"New & Infrequent (Low R, Low F, Low M)"
2442,1,42,416195.0,151.0,3,Foodstuff,Rice (1kg),3.5952380952380953,0.07142857142857142,5,1,1,511,12.938911582131432,1,"Loyal (High F, High M)"
2443,1,239,3849552.0,991.0,10,Beverages,Spaghetti (carton of 12 packs),4.146443514644352,0.04184100418410042,5,3,3,533,15.163467595627283,3,"Potential Loyal (Moderate F, Moderate M)"
2444,2,168,4341637.0,736.0,4,Foodstuff,Milk (1 litre),4.380952380952381,0.023809523809523808,4,3,3,433,15.283762254226657,3,"Potential Loyal (Moderate F, Moderate M)"
2445,4,550,12734562.0,2405.0,20,Foodstuff,Spaghetti (carton of 12 packs),4.372727272727273,0.03636363636363636,3,5,5,355,16.359830350926675,0,"New & Infrequent (Low R, Low F, Low M)"
2446,17,58,1466756.0,354.0,5,Foodstuff,Frozen Chicken (1kg),6.103448275862069,0.08620689655172414,1,1,1,111,14.19856439923283,1,"Loyal (High F, High M)"
2447,2,358,6753975.0,1308.0,9,Foodstuff,Indomie (carton of 24 packs),3.653631284916201,0.025139664804469275,4,4,4,444,15.725641926471528,3,"Potential Loyal (Moderate F, Moderate M)"
2448,3,548,12108142.0,2035.0,11,Foodstuff,Garri (paint bucket),3.7135036496350367,0.020072992700729927,4,5,5,455,16.30938875942731,0,"New & Infrequent (Low R, Low F, Low M)"
2449,1,921,19153741.0,3135.0,19,Foodstuff,Spaghetti (carton of 12 packs),3.403908794788274,0.02062975027144408,5,5,5,555,16.768008659201655,0,"New & Infrequent (Low R, Low F, Low M)"
2450,9,328,7620257.0,1403.0,10,Foodstuff,Frozen Chicken (1kg),4.277439024390244,0.03048780487804878,2,4,4,244,15.846320785357367,3,"Potential Loyal (Moderate F, Moderate M)"
2451,3,227,4573373.0,1053.0,8,Foodstuff,Coca-Cola (2L bottle),4.638766519823789,0.03524229074889868,4,3,3,433,15.33576178368265,3,"Potential Loyal (Moderate F, Moderate M)"
2452,1,256,5887090.0,947.0,6,Foodstuff,Indomie (carton of 24 packs),3.69921875,0.0234375,5,3,3,533,15.588272545679276,3,"Potential Loyal (Moderate F, Moderate M)"
2453,4,587,12392341.0,1966.0,13,Foodstuff,Indomie (carton of 24 packs),3.3492333901192506,0.022146507666098807,3,5,5,355,16.332589259148623,0,"New & Infrequent (Low R, Low F, Low M)"
2454,3,228,4825638.0,1003.0,11,Foodstuff,Indomie (carton of 24 packs),4.399122807017544,0.04824561403508772,4,3,3,433,15.389453719219613,3,"Potential Loyal (Moderate F, Moderate M)"
2455,2,48,1316230.0,143.0,1,Beverages,Spaghetti (carton of 12 packs),2.9791666666666665,0.020833333333333332,4,1,1,411,14.09028290737837,1,"Loyal (High F, High M)"
2456,3,764,18569787.0,3209.0,26,Foodstuff,Milk (1 litre),4.200261780104712,0.034031413612565446,4,5,5,455,16.737046517000934,0,"New & Infrequent (Low R, Low F, Low M)"
2457,1,306,6849202.0,1140.0,9,Foodstuff,Rice (50kg bag),3.7254901960784315,0.029411764705882353,5,4,4,544,15.739642853104217,3,"Potential Loyal (Moderate F, Moderate M)"
2458,2,309,5570934.0,1545.0,13,Foodstuff,Rice (1kg),5.0,0.042071197411003236,4,4,3,443,15.533073461370714,3,"Potential Loyal (Moderate F, Moderate M)"
2459,7,89,2569550.0,441.0,4,Foodstuff,Baby Diapers (bulk 92 pcs),4.955056179775281,0.0449438202247191,2,2,2,222,14.759241733436946,1,"Loyal (High F, High M)"
2460,2,307,5818389.0,1390.0,12,Foodstuff,Beef (1kg),4.527687296416938,0.03908794788273615,4,4,3,443,15.576534149135442,3,"Potential Loyal (Moderate F, Moderate M)"
2461,3,131,2785073.0,457.0,6,Foodstuff,Yam (medium tuber),3.4885496183206106,0.04580152671755725,4,2,2,422,14.83978500190614,3,"Potential Loyal (Moderate F, Moderate M)"
2462,10,329,6603867.0,1167.0,7,Foodstuff,Frozen Titus Fish (1kg),3.547112462006079,0.02127659574468085,2,4,4,244,15.703166095936266,3,"Potential Loyal (Moderate F, Moderate M)"
2463,43,70,1519915.0,214.0,1,Foodstuff,Bar Soap,3.057142857142857,0.014285714285714285,1,2,2,122,14.2341656281375,2,"At Risk (High R, Low F)"
2464,2,377,9435131.0,1670.0,15,Foodstuff,Spaghetti (carton of 12 packs),4.429708222811671,0.03978779840848806,4,4,4,444,16.05995072714797,3,"Potential Loyal (Moderate F, Moderate M)"
2465,2,872,19446915.0,3327.0,21,Foodstuff,Spaghetti (carton of 12 packs),3.8153669724770642,0.02408256880733945,4,5,5,455,16.783199055045387,0,"New & Infrequent (Low R, Low F, Low M)"
2466,48,47,646908.0,181.0,4,Foodstuff,Milk (1 litre),3.851063829787234,0.0851063829787234,1,1,1,111,13.379960914441096,2,"At Risk (High R, Low F)"
2467,1,823,18651314.0,3227.0,24,Foodstuff,Frozen Titus Fish (1kg),3.9210206561360876,0.02916160388821385,5,5,5,555,16.741427210951805,0,"New & Infrequent (Low R, Low F, Low M)"
2468,10,122,2573804.0,511.0,5,Foodstuff,Baby Wipes,4.188524590163935,0.040983606557377046,2,2,2,222,14.760895906692701,1,"Loyal (High F, High M)"
2469,1,545,12064725.0,2264.0,14,Foodstuff,Spaghetti (carton of 12 packs),4.154128440366972,0.025688073394495414,5,5,5,555,16.305796546464283,0,"New & Infrequent (Low R, Low F, Low M)"
2470,1,412,9213601.0,1548.0,14,Foodstuff,Frozen Chicken (1kg),3.7572815533980584,0.03398058252427184,5,4,4,544,16.03619142840723,3,"Potential Loyal (Moderate F, Moderate M)"
2471,4,202,4606291.0,784.0,6,Foodstuff,Spaghetti (carton of 12 packs),3.881188118811881,0.0297029702970297,3,3,3,333,15.342933752924347,3,"Potential Loyal (Moderate F, Moderate M)"
2472,2,481,9327827.0,1742.0,15,Foodstuff,Spaghetti (carton of 12 packs),3.6216216216216215,0.031185031185031187,4,4,4,444,16.048512748294346,0,"New & Infrequent (Low R, Low F, Low M)"
2473,2,625,13121191.0,2116.0,14,Foodstuff,Spaghetti (carton of 12 packs),3.3856,0.0224,4,5,5,455,16.38973919101181,0,"New & Infrequent (Low R, Low F, Low M)"
2474,3,113,4035348.0,656.0,7,Foodstuff,Baby Diapers (bulk 92 pcs),5.8053097345132745,0.061946902654867256,4,2,3,423,15.210603349130501,3,"Potential Loyal (Moderate F, Moderate M)"
2475,7,105,2338230.0,422.0,1,Foodstuff,Bread (500g loaf),4.019047619047619,0.009523809523809525,2,2,2,222,14.664905218528725,1,"Loyal (High F, High M)"
2476,16,304,7731923.0,1404.0,11,Foodstuff,Spaghetti (carton of 12 packs),4.618421052631579,0.03618421052631579,1,4,4,144,15.86086828998114,3,"Potential Loyal (Moderate F, Moderate M)"
2477,5,486,12085738.0,2089.0,11,Foodstuff,Eggs (crate of 30),4.29835390946502,0.02263374485596708,3,4,5,345,16.307536720436307,0,"New & Infrequent (Low R, Low F, Low M)"
2478,4,394,9805417.0,1821.0,15,Foodstuff,Frozen Mackerel (1kg),4.621827411167513,0.03807106598984772,3,4,4,344,16.09844564801445,3,"Potential Loyal (Moderate F, Moderate M)"
2479,9,499,10284330.0,1943.0,18,Foodstuff,Red Table Wine (good quality),3.8937875751503004,0.036072144288577156,2,5,4,254,16.146132032769838,0,"New & Infrequent (Low R, Low F, Low M)"
2480,2,169,3086442.0,586.0,9,Foodstuff,Frozen Chicken (1kg),3.467455621301775,0.05325443786982249,4,3,2,432,14.942529853125716,3,"Potential Loyal (Moderate F, Moderate M)"
2481,2,482,9588046.0,1663.0,15,Foodstuff,Frozen Titus Fish (1kg),3.4502074688796682,0.03112033195020747,4,4,4,444,16.07602777648518,0,"New & Infrequent (Low R, Low F, Low M)"
2482,46,56,799414.0,152.0,0,Beverages,Beef (1kg),2.7142857142857144,0.0,1,1,1,111,13.591635489156372,2,"At Risk (High R, Low F)"
2483,2,212,3976921.0,1035.0,9,Foodstuff,Bread (500g loaf),4.882075471698113,0.04245283018867924,4,3,3,433,15.196018711224047,3,"Potential Loyal (Moderate F, Moderate M)"
2484,8,37,764271.0,109.0,0,Foodstuff,Garri (paint bucket),2.945945945945946,0.0,2,1,1,211,13.546679025730649,1,"Loyal (High F, High M)"
2485,11,131,2776434.0,595.0,3,Foodstuff,Eggs (crate of 30),4.541984732824427,0.022900763358778626,2,2,2,222,14.836678288620808,1,"Loyal (High F, High M)"
2486,1,191,5521702.0,831.0,4,Foodstuff,Eggs (crate of 30),4.350785340314136,0.020942408376963352,5,3,3,533,15.524196885165221,3,"Potential Loyal (Moderate F, Moderate M)"
2487,24,138,3323032.0,610.0,5,Foodstuff,Indomie (carton of 24 packs),4.420289855072464,0.036231884057971016,1,2,2,122,15.016388478072857,1,"Loyal (High F, High M)"
2488,2,331,6927917.0,1423.0,12,Foodstuff,Bread (500g loaf),4.2990936555891235,0.03625377643504532,4,4,4,444,15.751069893126648,3,"Potential Loyal (Moderate F, Moderate M)"
2489,10,138,2973450.0,566.0,8,Foodstuff,Indomie (carton of 24 packs),4.101449275362318,0.057971014492753624,2,2,2,222,14.905233789096084,1,"Loyal (High F, High M)"
2490,14,152,3518066.0,661.0,6,Foodstuff,Rice (50kg bag),4.348684210526316,0.039473684210526314,2,3,3,233,15.07342224901017,3,"Potential Loyal (Moderate F, Moderate M)"
2491,15,79,1614063.0,238.0,1,Beverages,Coca-Cola (2L bottle),3.0126582278481013,0.012658227848101266,2,2,2,222,14.294265780061806,1,"Loyal (High F, High M)"
2492,21,114,3254201.0,416.0,1,Foodstuff,Frozen Titus Fish (1kg),3.6491228070175437,0.008771929824561403,1,2,2,122,14.995457642277543,1,"Loyal (High F, High M)"
2493,4,70,2572267.0,402.0,3,Beverages,Baby Diapers (bulk 92 pcs),5.742857142857143,0.04285714285714286,3,2,2,322,14.760298557978176,1,"Loyal (High F, High M)"
2494,20,38,398760.0,154.0,4,Beverages,Indomie (carton of 24 packs),4.052631578947368,0.10526315789473684,1,1,1,111,12.896117518907596,1,"Loyal (High F, High M)"
2495,1,292,7714714.0,1261.0,11,Foodstuff,Rice (1kg),4.318493150684931,0.03767123287671233,5,4,4,544,15.858640102073082,3,"Potential Loyal (Moderate F, Moderate M)"
2496,2,324,8114766.0,1341.0,10,Foodstuff,Frozen Chicken (1kg),4.138888888888889,0.030864197530864196,4,4,4,444,15.90919604625738,3,"Potential Loyal (Moderate F, Moderate M)"
2497,7,223,5036728.0,838.0,4,Foodstuff,Onions (1kg),3.757847533632287,0.017937219730941704,2,3,3,233,15.432267421414226,3,"Potential Loyal (Moderate F, Moderate M)"
2498,6,197,3546766.0,705.0,4,Foodstuff,Domestic Beer (0.5L bottle),3.5786802030456855,0.02030456852791878,3,3,3,333,15.081547042283207,3,"Potential Loyal (Moderate F, Moderate M)"
2499,34,142,4291145.0,967.0,10,Foodstuff,Beef (1kg),6.809859154929577,0.07042253521126761,1,2,3,123,15.272064388097702,1,"Loyal (High F, High M)"
2500,1,598,14657778.0,2057.0,16,Foodstuff,Indomie (carton of 24 packs),3.439799331103679,0.026755852842809364,5,5,5,555,16.500481742263265,0,"New & Infrequent (Low R, Low F, Low M)"
2501,6,210,5023362.0,840.0,7,Foodstuff,Domestic Beer (0.5L bottle),4.0,0.03333333333333333,3,3,3,333,15.429610187690189,3,"Potential Loyal (Moderate F, Moderate M)"
2502,8,185,4038814.0,794.0,6,Foodstuff,Eggs (crate of 30),4.291891891891892,0.032432432432432434,2,3,3,233,15.211461890079853,3,"Potential Loyal (Moderate F, Moderate M)"
2503,37,55,1059017.0,141.0,0,Foodstuff,Beef (1kg),2.5636363636363635,0.0,1,1,1,111,13.872852621606231,1,"Loyal (High F, High M)"
2504,27,115,4478063.0,541.0,4,Foodstuff,Eggs (crate of 30),4.7043478260869565,0.034782608695652174,1,2,3,123,15.314701368133392,1,"Loyal (High F, High M)"
2505,3,145,2640907.0,464.0,5,Foodstuff,Spaghetti (carton of 12 packs),3.2,0.034482758620689655,4,2,2,422,14.786633355382843,1,"Loyal (High F, High M)"
2506,1,187,3821475.0,671.0,3,Foodstuff,Baby Formula (400g),3.588235294117647,0.016042780748663103,5,3,3,533,15.15614729338891,3,"Potential Loyal (Moderate F, Moderate M)"
2507,2,255,5400018.0,821.0,5,Foodstuff,Spaghetti (carton of 12 packs),3.219607843137255,0.0196078431372549,4,3,3,433,15.50191303004683,3,"Potential Loyal (Moderate F, Moderate M)"
2508,15,187,5523914.0,609.0,3,Foodstuff,Rice (1kg),3.2566844919786098,0.016042780748663103,2,3,3,233,15.524597405992498,3,"Potential Loyal (Moderate F, Moderate M)"
2509,2,285,6560178.0,1019.0,8,Foodstuff,Beef (1kg),3.575438596491228,0.028070175438596492,4,4,4,444,15.696528447133366,3,"Potential Loyal (Moderate F, Moderate M)"
2510,7,540,11412731.0,2243.0,19,Foodstuff,Frozen Mackerel (1kg),4.1537037037037035,0.03518518518518519,2,5,5,255,16.250240132265812,0,"New & Infrequent (Low R, Low F, Low M)"
2511,2,526,14024527.0,2131.0,10,Foodstuff,Eggs (crate of 30),4.051330798479087,0.019011406844106463,4,5,5,455,16.45631835461777,0,"New & Infrequent (Low R, Low F, Low M)"
2512,2,327,6820157.0,1015.0,7,Foodstuff,Frozen Chicken Laps,3.1039755351681957,0.021406727828746176,4,4,4,444,15.735393196706715,3,"Potential Loyal (Moderate F, Moderate M)"
2513,3,895,18547443.0,3159.0,22,Foodstuff,Indomie (carton of 24 packs),3.529608938547486,0.024581005586592177,4,5,5,455,16.735842547766424,0,"New & Infrequent (Low R, Low F, Low M)"
2514,3,44,816393.0,148.0,3,Foodstuff,Spaghetti (carton of 12 packs),3.3636363636363638,0.06818181818181818,4,1,1,411,13.61265236055226,1,"Loyal (High F, High M)"
2515,9,67,880894.0,185.0,1,Foodstuff,Frozen Chicken Laps,2.7611940298507465,0.014925373134328358,2,2,1,221,13.68869371506861,1,"Loyal (High F, High M)"
2516,14,34,623263.0,104.0,1,Foodstuff,Bar Soap,3.0588235294117645,0.029411764705882353,2,1,1,211,13.342725464029627,1,"Loyal (High F, High M)"
2517,3,330,6509141.0,1096.0,11,Foodstuff,Beef (1kg),3.3212121212121213,0.03333333333333333,4,4,4,444,15.68871820826371,3,"Potential Loyal (Moderate F, Moderate M)"
2518,2,648,14335311.0,2363.0,23,Foodstuff,Bread (500g loaf),3.646604938271605,0.035493827160493825,4,5,5,455,16.47823642197381,0,"New & Infrequent (Low R, Low F, Low M)"
2519,7,80,1726907.0,232.0,1,Beverages,Toothpaste,2.9,0.0125,2,2,2,222,14.36184308414064,1,"Loyal (High F, High M)"
2520,2,731,14683774.0,2835.0,21,Foodstuff,Beans (paint bucket),3.878248974008208,0.028727770177838577,4,5,5,455,16.50225370068114,0,"New & Infrequent (Low R, Low F, Low M)"
2521,41,50,1357054.0,175.0,2,Foodstuff,Baby Diapers (bulk 92 pcs),3.5,0.04,1,1,1,111,14.120827468577831,2,"At Risk (High R, Low F)"
2522,1,797,18075253.0,2985.0,27,Foodstuff,Spaghetti (carton of 12 packs),3.7452948557089085,0.033877038895859475,5,5,5,555,16.71005437846915,0,"New & Infrequent (Low R, Low F, Low M)"
2523,7,147,3442512.0,638.0,2,Foodstuff,Frozen Chicken Laps,4.340136054421769,0.013605442176870748,2,2,3,223,15.051712285903161,3,"Potential Loyal (Moderate F, Moderate M)"
2524,11,50,715856.0,151.0,2,Foodstuff,Frozen Chicken (1kg),3.02,0.04,2,1,1,211,13.481235705325563,1,"Loyal (High F, High M)"
2525,1,210,5174516.0,1068.0,8,Foodstuff,Golden Morn (45g sachet),5.085714285714285,0.0380952380952381,5,3,3,533,15.459256559426548,3,"Potential Loyal (Moderate F, Moderate M)"
2526,14,86,2287369.0,301.0,2,Foodstuff,Baby Wipes,3.5,0.023255813953488372,2,2,2,222,14.642913243915801,1,"Loyal (High F, High M)"
2527,1,119,2916003.0,439.0,2,Foodstuff,Onions (1kg),3.689075630252101,0.01680672268907563,5,2,2,522,14.885724743851858,3,"Potential Loyal (Moderate F, Moderate M)"
2528,8,109,3599657.0,409.0,5,Foodstuff,Bread (500g loaf),3.7522935779816513,0.045871559633027525,2,2,3,223,15.096349398913553,3,"Potential Loyal (Moderate F, Moderate M)"
2529,4,494,11887364.0,1836.0,16,Foodstuff,Spaghetti (carton of 12 packs),3.716599190283401,0.032388663967611336,3,5,5,355,16.29098662930442,0,"New & Infrequent (Low R, Low F, Low M)"
2530,1,207,4334052.0,728.0,6,Foodstuff,Rice (50kg bag),3.5169082125603865,0.028985507246376812,5,3,3,533,15.282013689891533,3,"Potential Loyal (Moderate F, Moderate M)"
2531,13,113,2159864.0,493.0,3,Foodstuff,Yam (medium tuber),4.3628318584070795,0.02654867256637168,2,2,2,222,14.585556277707141,1,"Loyal (High F, High M)"
2532,3,218,4026212.0,936.0,9,Foodstuff,Frozen Mackerel (1kg),4.293577981651376,0.04128440366972477,4,3,3,433,15.208336789892678,3,"Potential Loyal (Moderate F, Moderate M)"
2533,6,313,6499773.0,1067.0,9,Foodstuff,Indomie (carton of 24 packs),3.4089456869009584,0.02875399361022364,3,4,4,344,15.687277965030633,3,"Potential Loyal (Moderate F, Moderate M)"
2534,20,82,1936744.0,371.0,1,Foodstuff,Yam (medium tuber),4.524390243902439,0.012195121951219513,1,2,2,122,14.476519286846308,1,"Loyal (High F, High M)"
2535,18,171,4024639.0,620.0,3,Foodstuff,Frozen Chicken Laps,3.625730994152047,0.017543859649122806,1,3,3,133,15.207946023840927,3,"Potential Loyal (Moderate F, Moderate M)"
2536,10,54,1469730.0,187.0,1,Foodstuff,Coca-Cola (2L bottle),3.462962962962963,0.018518518518518517,2,1,2,212,14.200589948812341,1,"Loyal (High F, High M)"
2537,21,77,1276119.0,342.0,4,Beverages,Red Table Wine (good quality),4.441558441558442,0.05194805194805195,1,2,1,121,14.05933478235217,1,"Loyal (High F, High M)"
2538,2,397,10379599.0,1626.0,14,Foodstuff,Frozen Titus Fish (1kg),4.095717884130982,0.03526448362720403,4,4,4,444,16.15535289931403,3,"Potential Loyal (Moderate F, Moderate M)"
2539,9,57,867892.0,157.0,1,Foodstuff,Yam (medium tuber),2.754385964912281,0.017543859649122806,2,1,1,211,13.673823714154482,1,"Loyal (High F, High M)"
2540,3,202,4082709.0,708.0,5,Foodstuff,Indomie (carton of 24 packs),3.504950495049505,0.024752475247524754,4,3,3,433,15.222271541573011,3,"Potential Loyal (Moderate F, Moderate M)"
2541,7,358,8209793.0,1234.0,9,Foodstuff,Indomie (carton of 24 packs),3.446927374301676,0.025139664804469275,2,4,4,244,15.920838389761808,3,"Potential Loyal (Moderate F, Moderate M)"
2542,1,34,507879.0,91.0,1,Foodstuff,Beans (paint bucket),2.676470588235294,0.029411764705882353,5,1,1,511,13.138000478183727,1,"Loyal (High F, High M)"
2543,12,259,5746615.0,1086.0,9,Foodstuff,Beans (paint bucket),4.193050193050193,0.03474903474903475,2,3,3,233,15.564121717787508,3,"Potential Loyal (Moderate F, Moderate M)"
2544,10,90,2038559.0,709.0,8,Beverages,Coca-Cola (2L bottle),7.877777777777778,0.08888888888888889,2,2,2,222,14.527754234215207,1,"Loyal (High F, High M)"
2545,1,829,17014536.0,2963.0,26,Foodstuff,Spaghetti (carton of 12 packs),3.574185765983112,0.031363088057901084,5,5,5,555,16.649578654262747,0,"New & Infrequent (Low R, Low F, Low M)"
2546,4,223,5681554.0,848.0,8,Foodstuff,Indomie (carton of 24 packs),3.802690582959641,0.03587443946188341,3,3,3,333,15.552735520835455,3,"Potential Loyal (Moderate F, Moderate M)"
2547,1,482,10049870.0,1525.0,11,Foodstuff,Indomie (carton of 24 packs),3.163900414937759,0.022821576763485476,5,4,4,544,16.123070356566082,0,"New & Infrequent (Low R, Low F, Low M)"
2548,13,228,5792059.0,806.0,5,Foodstuff,Frozen Chicken Laps,3.5350877192982457,0.021929824561403508,2,3,3,233,15.571998572110056,3,"Potential Loyal (Moderate F, Moderate M)"
2549,2,40,393162.0,100.0,0,Foodstuff,Baby Formula (400g),2.5,0.0,4,1,1,411,12.881979563132683,1,"Loyal (High F, High M)"
2550,1,310,6931894.0,1236.0,13,Foodstuff,Frozen Chicken (1kg),3.9870967741935486,0.041935483870967745,5,4,4,544,15.751643782559233,3,"Potential Loyal (Moderate F, Moderate M)"
2551,4,863,20684916.0,3104.0,21,Foodstuff,Beans (paint bucket),3.59675550405562,0.02433371958285052,3,5,5,355,16.844915345300105,0,"New & Infrequent (Low R, Low F, Low M)"
2552,7,239,5464674.0,1064.0,9,Foodstuff,Baby Wipes,4.451882845188284,0.03765690376569038,2,3,3,233,15.513815208473993,3,"Potential Loyal (Moderate F, Moderate M)"
2553,5,487,9890734.0,1641.0,9,Foodstuff,Indomie (carton of 24 packs),3.3696098562628336,0.018480492813141684,3,5,4,354,16.107109018329904,0,"New & Infrequent (Low R, Low F, Low M)"
2554,1,676,14311254.0,2812.0,22,Foodstuff,Tomatoes (1kg),4.159763313609467,0.03254437869822485,5,5,5,555,16.47655684859559,0,"New & Infrequent (Low R, Low F, Low M)"
2555,14,52,925758.0,231.0,2,Foodstuff,Coca-Cola (2L bottle),4.4423076923076925,0.038461538461538464,2,1,1,211,13.738369220575754,1,"Loyal (High F, High M)"
2556,89,51,1344192.0,225.0,3,Foodstuff,Eggs (crate of 30),4.411764705882353,0.058823529411764705,1,1,1,111,14.111304390946044,2,"At Risk (High R, Low F)"
2557,3,276,6022505.0,950.0,8,Beverages,Spaghetti (carton of 12 packs),3.4420289855072466,0.028985507246376812,4,4,4,444,15.611014009734678,3,"Potential Loyal (Moderate F, Moderate M)"
2558,1,148,2978288.0,670.0,4,Foodstuff,Onions (1kg),4.527027027027027,0.02702702702702703,5,2,2,522,14.906859532514172,3,"Potential Loyal (Moderate F, Moderate M)"
2559,1,510,12210992.0,1862.0,16,Foodstuff,Onions (1kg),3.6509803921568627,0.03137254901960784,5,5,5,555,16.31784716956137,0,"New & Infrequent (Low R, Low F, Low M)"
2560,1,666,14649761.0,2534.0,16,Foodstuff,Spaghetti (carton of 12 packs),3.804804804804805,0.024024024024024024,5,5,5,555,16.4999346475616,0,"New & Infrequent (Low R, Low F, Low M)"
2561,8,136,2536300.0,458.0,5,Foodstuff,Frozen Chicken (1kg),3.3676470588235294,0.03676470588235294,2,2,2,222,14.746217278347787,1,"Loyal (High F, High M)"
2562,2,77,2155496.0,232.0,0,Foodstuff,Frozen Chicken (1kg),3.012987012987013,0.0,4,2,2,422,14.58353188137991,1,"Loyal (High F, High M)"
2563,1,473,10151129.0,1807.0,13,Foodstuff,Garri (paint bucket),3.8202959830866807,0.02748414376321353,5,4,4,544,16.133095587304602,0,"New & Infrequent (Low R, Low F, Low M)"
2564,12,74,1163975.0,285.0,1,Foodstuff,Garri (paint bucket),3.8513513513513513,0.013513513513513514,2,2,1,221,13.967352288504253,1,"Loyal (High F, High M)"
2565,1,432,9835963.0,1904.0,16,Foodstuff,Indomie (carton of 24 packs),4.407407407407407,0.037037037037037035,5,4,4,544,16.101556022287124,3,"Potential Loyal (Moderate F, Moderate M)"
2566,28,176,3853602.0,735.0,9,Foodstuff,Frozen Chicken (1kg),4.176136363636363,0.05113636363636364,1,3,3,133,15.164519112790684,1,"Loyal (High F, High M)"
2567,1,311,7081011.0,1298.0,10,Foodstuff,Indomie (carton of 24 packs),4.173633440514469,0.03215434083601286,5,4,4,544,15.772927393308368,3,"Potential Loyal (Moderate F, Moderate M)"
2568,12,39,633989.0,106.0,0,Foodstuff,Power Bank,2.717948717948718,0.0,2,1,1,211,13.359788460424307,1,"Loyal (High F, High M)"
2569,7,279,6230965.0,1011.0,11,Foodstuff,Indomie (carton of 24 packs),3.6236559139784945,0.03942652329749104,2,4,4,244,15.645041934923444,3,"Potential Loyal (Moderate F, Moderate M)"
2570,8,176,3888755.0,663.0,6,Foodstuff,Indomie (carton of 24 packs),3.7670454545454546,0.03409090909090909,2,3,3,233,15.17359987010504,3,"Potential Loyal (Moderate F, Moderate M)"
2571,6,267,5797489.0,805.0,5,Foodstuff,Beans (paint bucket),3.0149812734082397,0.018726591760299626,3,3,3,333,15.572935623228922,3,"Potential Loyal (Moderate F, Moderate M)"
2572,31,49,1320612.0,203.0,2,Foodstuff,Rice (1kg),4.142857142857143,0.04081632653061224,1,1,1,111,14.093606580704455,1,"Loyal (High F, High M)"
2573,2,424,9473944.0,1490.0,14,Foodstuff,Spaghetti (carton of 12 packs),3.5141509433962264,0.0330188679245283,4,4,4,444,16.06405595708694,3,"Potential Loyal (Moderate F, Moderate M)"
2574,1,538,11839180.0,1906.0,15,Foodstuff,Indomie (carton of 24 packs),3.54275092936803,0.027881040892193308,5,5,5,555,16.286925012730322,0,"New & Infrequent (Low R, Low F, Low M)"
2575,21,73,1481073.0,259.0,0,Foodstuff,Frozen Chicken Laps,3.547945205479452,0.0,1,2,2,122,14.208278058240692,1,"Loyal (High F, High M)"
2576,2,72,1335233.0,313.0,4,Beverages,Spaghetti (carton of 12 packs),4.347222222222222,0.05555555555555555,4,2,1,421,14.104617115355461,1,"Loyal (High F, High M)"
2577,7,72,1222027.0,305.0,3,Beverages,Coca-Cola (2L bottle),4.236111111111111,0.041666666666666664,2,2,1,221,14.016022331708129,1,"Loyal (High F, High M)"
2578,13,283,6321069.0,1032.0,9,Foodstuff,Tomatoes (1kg),3.646643109540636,0.03180212014134275,2,4,4,244,15.659399055590239,3,"Potential Loyal (Moderate F, Moderate M)"
2579,17,282,5631989.0,996.0,8,Foodstuff,Phone Case,3.5319148936170213,0.028368794326241134,1,4,3,143,15.543973401250257,3,"Potential Loyal (Moderate F, Moderate M)"
2580,3,223,4082200.0,897.0,10,Foodstuff,Frozen Mackerel (1kg),4.022421524663677,0.04484304932735426,4,3,3,433,15.222146861708,3,"Potential Loyal (Moderate F, Moderate M)"
2581,41,78,1399430.0,351.0,3,Foodstuff,Beans (paint bucket),4.5,0.038461538461538464,1,2,1,121,14.151576283399582,2,"At Risk (High R, Low F)"
2582,1,142,2978453.0,494.0,4,Foodstuff,Coca-Cola (2L bottle),3.4788732394366195,0.028169014084507043,5,2,2,522,14.906914931916175,3,"Potential Loyal (Moderate F, Moderate M)"
2583,3,236,4487760.0,850.0,7,Foodstuff,Rice (50kg bag),3.6016949152542375,0.029661016949152543,4,3,3,433,15.316864471647243,3,"Potential Loyal (Moderate F, Moderate M)"
2584,3,253,6900655.0,1305.0,11,Foodstuff,Indomie (carton of 24 packs),5.158102766798419,0.043478260869565216,4,3,4,434,15.747127037512156,3,"Potential Loyal (Moderate F, Moderate M)"
2585,3,877,17512402.0,3452.0,30,Foodstuff,Indomie (carton of 24 packs),3.936145952109464,0.03420752565564424,4,5,5,455,16.678419930711275,0,"New & Infrequent (Low R, Low F, Low M)"
2586,25,45,1069361.0,149.0,1,Foodstuff,Baby Formula (400g),3.311111111111111,0.022222222222222223,1,1,1,111,13.882572766921156,1,"Loyal (High F, High M)"
2587,2,428,8364827.0,1771.0,14,Foodstuff,Baby Wipes,4.13785046728972,0.03271028037383177,4,4,4,444,15.93954633032675,3,"Potential Loyal (Moderate F, Moderate M)"
2588,2,159,3509217.0,740.0,8,Foodstuff,Coca-Cola (2L bottle),4.654088050314465,0.050314465408805034,4,3,3,433,15.070903778597428,3,"Potential Loyal (Moderate F, Moderate M)"
2589,7,158,3679241.0,699.0,7,Foodstuff,Frozen Chicken (1kg),4.424050632911392,0.04430379746835443,2,3,3,233,15.11821731066781,3,"Potential Loyal (Moderate F, Moderate M)"
2590,2,428,9974178.0,1678.0,14,Foodstuff,Indomie (carton of 24 packs),3.9205607476635516,0.03271028037383177,4,4,4,444,16.115510211588486,3,"Potential Loyal (Moderate F, Moderate M)"
2591,1,329,7428386.0,1101.0,7,Foodstuff,Tomatoes (1kg),3.346504559270517,0.02127659574468085,5,4,4,544,15.820819300259117,3,"Potential Loyal (Moderate F, Moderate M)"
2592,1,876,23822542.0,3383.0,26,Foodstuff,Rice (50kg bag),3.8618721461187215,0.02968036529680365,5,5,5,555,16.986142875219116,0,"New & Infrequent (Low R, Low F, Low M)"
2593,60,35,1399745.0,124.0,0,Foodstuff,Baby Wipes,3.5428571428571427,0.0,1,1,1,111,14.151801349553905,2,"At Risk (High R, Low F)"
2594,12,56,1510837.0,255.0,1,Foodstuff,Eggs (crate of 30),4.553571428571429,0.017857142857142856,2,1,2,212,14.228175021741352,1,"Loyal (High F, High M)"
2595,3,372,9267417.0,1535.0,11,Foodstuff,Spaghetti (carton of 12 packs),4.126344086021505,0.02956989247311828,4,4,4,444,16.042015365842712,3,"Potential Loyal (Moderate F, Moderate M)"
2596,3,307,6608518.0,1201.0,10,Foodstuff,Spaghetti (carton of 12 packs),3.9120521172638436,0.03257328990228013,4,4,4,444,15.703870132260983,3,"Potential Loyal (Moderate F, Moderate M)"
2597,20,88,2216743.0,385.0,1,Foodstuff,Baby Wipes,4.375,0.011363636363636364,1,2,2,122,14.611550010573428,1,"Loyal (High F, High M)"
2598,23,54,621688.0,139.0,0,Foodstuff,Bar Soap,2.574074074074074,0.0,1,1,1,111,13.340195246679635,1,"Loyal (High F, High M)"
2599,6,37,453303.0,102.0,0,Foodstuff,Power Bank,2.7567567567567566,0.0,3,1,1,311,13.024318261068256,1,"Loyal (High F, High M)"
2600,5,651,17875024.0,2924.0,26,Foodstuff,Eggs (crate of 30),4.491551459293395,0.039938556067588324,3,5,5,355,16.698915045144766,0,"New & Infrequent (Low R, Low F, Low M)"
2601,9,73,1457110.0,197.0,0,Foodstuff,Coca-Cola (2L bottle),2.6986301369863015,0.0,2,2,1,221,14.191966266215095,1,"Loyal (High F, High M)"
2602,4,134,3107496.0,442.0,5,Foodstuff,Spaghetti (carton of 12 packs),3.298507462686567,0.03731343283582089,3,2,2,322,14.949328136960261,3,"Potential Loyal (Moderate F, Moderate M)"
2603,14,65,1604031.0,283.0,1,Foodstuff,Frozen Chicken Laps,4.3538461538461535,0.015384615384615385,2,2,2,222,14.288031017334283,1,"Loyal (High F, High M)"
2604,4,144,3116552.0,778.0,9,Foodstuff,Beans (paint bucket),5.402777777777778,0.0625,3,2,2,322,14.952238141343457,3,"Potential Loyal (Moderate F, Moderate M)"
2605,7,41,928621.0,212.0,1,Foodstuff,Spaghetti (carton of 12 packs),5.170731707317073,0.024390243902439025,2,1,1,211,13.741457045866039,1,"Loyal (High F, High M)"
2606,2,147,4191773.0,575.0,1,Foodstuff,Eggs (crate of 30),3.9115646258503403,0.006802721088435374,4,2,3,423,15.248634591315959,3,"Potential Loyal (Moderate F, Moderate M)"
2607,1,52,766861.0,173.0,1,Foodstuff,Garri (paint bucket),3.326923076923077,0.019230769230769232,5,1,1,511,13.550062142388388,1,"Loyal (High F, High M)"
2608,2,457,9523052.0,2160.0,16,Foodstuff,Frozen Mackerel (1kg),4.726477024070022,0.0350109409190372,4,4,4,444,16.069226048633762,3,"Potential Loyal (Moderate F, Moderate M)"
2609,8,73,1300727.0,213.0,2,Beverages,Baby Formula (400g),2.9178082191780823,0.0273972602739726,2,2,1,221,14.07843466569028,1,"Loyal (High F, High M)"
2610,3,265,5857461.0,1013.0,10,Foodstuff,Spaghetti (carton of 12 packs),3.822641509433962,0.03773584905660377,4,3,3,433,15.58322696193374,3,"Potential Loyal (Moderate F, Moderate M)"
2611,3,700,14214461.0,2732.0,22,Foodstuff,Spaghetti (carton of 12 packs),3.902857142857143,0.03142857142857143,4,5,5,455,16.469770455006653,0,"New & Infrequent (Low R, Low F, Low M)"
2612,1,298,6866375.0,1395.0,12,Foodstuff,Spaghetti (carton of 12 packs),4.681208053691275,0.040268456375838924,5,4,4,544,15.742147014098668,3,"Potential Loyal (Moderate F, Moderate M)"
2613,3,275,6258755.0,979.0,8,Foodstuff,Beans (paint bucket),3.56,0.02909090909090909,4,4,4,444,15.649492001283711,3,"Potential Loyal (Moderate F, Moderate M)"
2614,14,118,3425493.0,416.0,6,Foodstuff,Indomie (carton of 24 packs),3.5254237288135593,0.05084745762711865,2,2,3,223,15.046756252854443,1,"Loyal (High F, High M)"
2615,1,113,2170350.0,516.0,3,Foodstuff,Spaghetti (carton of 12 packs),4.566371681415929,0.02654867256637168,5,2,2,522,14.590399463588408,1,"Loyal (High F, High M)"
2616,1,370,8854027.0,1490.0,10,Foodstuff,Indomie (carton of 24 packs),4.027027027027027,0.02702702702702703,5,4,4,544,15.996383054681692,3,"Potential Loyal (Moderate F, Moderate M)"
2617,1,938,22417140.0,3727.0,30,Foodstuff,Eggs (crate of 30),3.973347547974414,0.031982942430703626,5,5,5,555,16.92533644740555,0,"New & Infrequent (Low R, Low F, Low M)"
2618,6,361,7226660.0,1264.0,9,Foodstuff,Spaghetti (carton of 12 packs),3.5013850415512464,0.024930747922437674,3,4,4,344,15.79328766173446,3,"Potential Loyal (Moderate F, Moderate M)"
2619,5,198,3406159.0,778.0,4,Foodstuff,Frozen Chicken (1kg),3.9292929292929295,0.020202020202020204,3,3,3,333,15.041096115026274,3,"Potential Loyal (Moderate F, Moderate M)"
2620,1,330,7203790.0,1146.0,3,Foodstuff,Garri (paint bucket),3.4727272727272727,0.00909090909090909,5,4,4,544,15.79011797319695,3,"Potential Loyal (Moderate F, Moderate M)"
2621,13,193,3469426.0,627.0,8,Foodstuff,Spaghetti (carton of 12 packs),3.2487046632124352,0.04145077720207254,2,3,3,233,15.059500008604637,3,"Potential Loyal (Moderate F, Moderate M)"
2622,70,51,671193.0,224.0,3,Foodstuff,Yam (medium tuber),4.392156862745098,0.058823529411764705,1,1,1,111,13.41681349488183,2,"At Risk (High R, Low F)"
2623,3,245,6642772.0,878.0,6,Foodstuff,Beef (1kg),3.583673469387755,0.024489795918367346,4,3,4,434,15.709040054755382,3,"Potential Loyal (Moderate F, Moderate M)"
2624,1,909,18549464.0,3389.0,33,Foodstuff,Spaghetti (carton of 12 packs),3.728272827282728,0.036303630363036306,5,5,5,555,16.73595150563146,0,"New & Infrequent (Low R, Low F, Low M)"
2625,80,64,924139.0,201.0,0,Foodstuff,Bread (500g loaf),3.140625,0.0,1,2,1,121,13.736618854298076,2,"At Risk (High R, Low F)"
2626,5,327,8373992.0,1503.0,11,Foodstuff,Beef (1kg),4.5963302752293576,0.03363914373088685,3,4,4,344,15.94064138964017,3,"Potential Loyal (Moderate F, Moderate M)"
2627,47,72,1909914.0,221.0,2,Foodstuff,Rice (50kg bag),3.0694444444444446,0.027777777777777776,1,2,2,122,14.46256929641474,2,"At Risk (High R, Low F)"
2628,5,183,4121338.0,822.0,8,Foodstuff,Domestic Beer (0.5L bottle),4.491803278688525,0.04371584699453552,3,3,3,333,15.231688668524649,3,"Potential Loyal (Moderate F, Moderate M)"
2629,14,53,1148162.0,167.0,1,Foodstuff,Beans (paint bucket),3.150943396226415,0.018867924528301886,2,1,1,211,13.9536738318453,1,"Loyal (High F, High M)"
2630,15,187,5436400.0,822.0,8,Foodstuff,Eggs (crate of 30),4.39572192513369,0.0427807486631016,2,3,3,233,15.50862781900857,3,"Potential Loyal (Moderate F, Moderate M)"
2631,1,409,10124165.0,1773.0,12,Foodstuff,Spaghetti (carton of 12 packs),4.334963325183374,0.029339853300733496,5,4,4,544,16.130435797193883,3,"Potential Loyal (Moderate F, Moderate M)"
2632,54,132,3819238.0,587.0,7,Foodstuff,Frozen Titus Fish (1kg),4.446969696969697,0.05303030303030303,1,2,3,123,15.155561746077195,2,"At Risk (High R, Low F)"
2633,5,326,5589418.0,1300.0,10,Foodstuff,Spaghetti (carton of 12 packs),3.9877300613496933,0.03067484662576687,3,4,3,343,15.536385904130318,3,"Potential Loyal (Moderate F, Moderate M)"
2634,2,504,10161385.0,2106.0,15,Foodstuff,Eggs (crate of 30),4.178571428571429,0.02976190476190476,4,5,4,454,16.134105408133447,0,"New & Infrequent (Low R, Low F, Low M)"
2635,2,721,15882307.0,3373.0,27,Foodstuff,Frozen Chicken Laps,4.678224687933426,0.03744798890429958,4,5,5,455,16.5807163432728,0,"New & Infrequent (Low R, Low F, Low M)"
2636,9,79,1243325.0,207.0,0,Foodstuff,Baby Wipes,2.6202531645569622,0.0,2,2,1,221,14.03330060481117,1,"Loyal (High F, High M)"
2637,6,171,3556193.0,758.0,9,Foodstuff,Indomie (carton of 24 packs),4.432748538011696,0.05263157894736842,3,3,3,333,15.084201429808365,3,"Potential Loyal (Moderate F, Moderate M)"
2638,7,58,1642700.0,192.0,0,Foodstuff,Toothpaste,3.310344827586207,0.0,2,1,2,212,14.311852396282987,1,"Loyal (High F, High M)"
2639,2,856,19638989.0,3605.0,33,Foodstuff,Spaghetti (carton of 12 packs),4.211448598130841,0.038551401869158876,4,5,5,455,16.793027433906335,0,"New & Infrequent (Low R, Low F, Low M)"
2640,2,730,16605377.0,3173.0,34,Foodstuff,Spaghetti (carton of 12 packs),4.346575342465753,0.04657534246575343,4,5,5,455,16.625237176761527,0,"New & Infrequent (Low R, Low F, Low M)"
2641,20,209,6215426.0,888.0,7,Foodstuff,Beef (1kg),4.248803827751196,0.03349282296650718,1,3,4,134,15.642544985313467,3,"Potential Loyal (Moderate F, Moderate M)"
2642,4,501,13003710.0,2106.0,14,Foodstuff,Onions (1kg),4.203592814371257,0.027944111776447105,3,5,5,355,16.38074533622788,0,"New & Infrequent (Low R, Low F, Low M)"
2643,6,217,5693524.0,877.0,7,Foodstuff,Spaghetti (carton of 12 packs),4.04147465437788,0.03225806451612903,3,3,3,333,15.554840122195317,3,"Potential Loyal (Moderate F, Moderate M)"
2644,5,335,6885829.0,1407.0,16,Foodstuff,Tomatoes (1kg),4.2,0.04776119402985075,3,4,4,344,15.744976234803566,3,"Potential Loyal (Moderate F, Moderate M)"
2645,20,46,942105.0,161.0,2,Beverages,Golden Morn (45g sachet),3.5,0.043478260869565216,1,1,1,111,13.755873073767143,1,"Loyal (High F, High M)"
2646,3,417,10165396.0,1669.0,11,Foodstuff,Tomatoes (1kg),4.002398081534772,0.026378896882494004,4,4,4,444,16.134500059864816,3,"Potential Loyal (Moderate F, Moderate M)"
2647,23,39,1065474.0,212.0,1,Foodstuff,Frozen Titus Fish (1kg),5.435897435897436,0.02564102564102564,1,1,1,111,13.87893126708271,1,"Loyal (High F, High M)"
2648,2,529,11357580.0,1914.0,12,Foodstuff,Golden Morn (45g sachet),3.618147448015123,0.022684310018903593,4,5,5,455,16.245396008441464,0,"New & Infrequent (Low R, Low F, Low M)"
2649,3,455,11021184.0,1731.0,16,Foodstuff,Indomie (carton of 24 packs),3.804395604395604,0.035164835164835165,4,4,5,445,16.215329887668354,0,"New & Infrequent (Low R, Low F, Low M)"
2650,3,438,10264617.0,1689.0,13,Foodstuff,Indomie (carton of 24 packs),3.856164383561644,0.02968036529680365,4,4,4,444,16.144213393909304,3,"Potential Loyal (Moderate F, Moderate M)"
2651,31,49,704899.0,130.0,0,Foodstuff,Beans (paint bucket),2.6530612244897958,0.0,1,1,1,111,13.465811227761966,1,"Loyal (High F, High M)"
2652,6,123,2495140.0,438.0,5,Foodstuff,Coca-Cola (2L bottle),3.5609756097560976,0.04065040650406504,3,2,2,322,14.729855798597008,1,"Loyal (High F, High M)"
2653,4,84,1460916.0,394.0,2,Foodstuff,Coca-Cola (2L bottle),4.690476190476191,0.023809523809523808,3,2,1,321,14.194574878715231,1,"Loyal (High F, High M)"
2654,7,124,2044881.0,426.0,3,Foodstuff,Cowbell Vitarich Cream (12g sachet),3.435483870967742,0.024193548387096774,2,2,2,222,14.53085064408274,1,"Loyal (High F, High M)"
2655,117,16,394022.0,41.0,0,Beverages,Men's T-shirt,2.5625,0.0,1,1,1,111,12.884164562210797,2,"At Risk (High R, Low F)"
2656,2,805,18313999.0,2989.0,20,Foodstuff,Spaghetti (carton of 12 packs),3.7130434782608694,0.024844720496894408,4,5,5,455,16.723176352649816,0,"New & Infrequent (Low R, Low F, Low M)"
2657,9,277,4934509.0,1054.0,9,Foodstuff,Spaghetti (carton of 12 packs),3.8050541516245486,0.032490974729241874,2,4,3,243,15.411763935139922,3,"Potential Loyal (Moderate F, Moderate M)"
2658,6,90,2999132.0,289.0,1,Foodstuff,Red Table Wine (good quality),3.2111111111111112,0.011111111111111112,3,2,2,322,14.913833804863836,1,"Loyal (High F, High M)"
2659,7,137,3422972.0,460.0,4,Foodstuff,Cowbell Vitarich Cream (12g sachet),3.3576642335766422,0.029197080291970802,2,2,3,223,15.04602002966351,3,"Potential Loyal (Moderate F, Moderate M)"
2660,25,143,3498887.0,752.0,4,Foodstuff,Beans (paint bucket),5.258741258741258,0.027972027972027972,1,2,3,123,15.067955761692051,1,"Loyal (High F, High M)"
2661,1,267,5527040.0,857.0,5,Foodstuff,Rice (50kg bag),3.209737827715356,0.018726591760299626,5,3,3,533,15.52516314891707,3,"Potential Loyal (Moderate F, Moderate M)"
2662,6,231,4273896.0,745.0,4,Foodstuff,Beef (1kg),3.225108225108225,0.017316017316017316,3,3,3,333,15.268036615366347,3,"Potential Loyal (Moderate F, Moderate M)"
2663,3,689,15677719.0,2621.0,19,Foodstuff,Beans (paint bucket),3.8040638606676342,0.027576197387518143,4,5,5,455,16.56775115415048,0,"New & Infrequent (Low R, Low F, Low M)"
2664,1,232,5092687.0,829.0,7,Foodstuff,Domestic Beer (0.5L bottle),3.5732758620689653,0.03017241379310345,5,3,3,533,15.443316343436535,3,"Potential Loyal (Moderate F, Moderate M)"
2665,1,741,14637500.0,2991.0,25,Foodstuff,Spaghetti (carton of 12 packs),4.036437246963563,0.033738191632928474,5,5,5,555,16.499097355205784,0,"New & Infrequent (Low R, Low F, Low M)"
2666,1,570,12736215.0,2385.0,23,Foodstuff,Beans (paint bucket),4.184210526315789,0.04035087719298246,5,5,5,555,16.35996014672148,0,"New & Infrequent (Low R, Low F, Low M)"
2667,4,58,1377735.0,333.0,3,Foodstuff,Cowbell Vitarich Cream (12g sachet),5.741379310344827,0.05172413793103448,3,1,1,311,14.135952130198662,1,"Loyal (High F, High M)"
2668,2,802,17702435.0,3029.0,22,Foodstuff,Cowbell Vitarich Cream (12g sachet),3.7768079800498753,0.02743142144638404,4,5,5,455,16.68921281519296,0,"New & Infrequent (Low R, Low F, Low M)"
2669,13,81,2400156.0,318.0,1,Foodstuff,Milk (1 litre),3.925925925925926,0.012345679012345678,2,2,2,222,14.691044709845263,1,"Loyal (High F, High M)"
2670,3,525,11789331.0,1973.0,14,Foodstuff,Coca-Cola (2L bottle),3.758095238095238,0.02666666666666667,4,5,5,455,16.282705612723515,0,"New & Infrequent (Low R, Low F, Low M)"
2671,1,125,3020705.0,438.0,2,Foodstuff,Golden Morn (45g sachet),3.504,0.016,5,2,2,522,14.92100113686441,3,"Potential Loyal (Moderate F, Moderate M)"
2672,1,585,13933276.0,2439.0,19,Foodstuff,Frozen Chicken (1kg),4.1692307692307695,0.03247863247863248,5,5,5,555,16.4497905657565,0,"New & Infrequent (Low R, Low F, Low M)"
2673,1,579,12711792.0,2119.0,18,Foodstuff,Bread (500g loaf),3.6597582037996546,0.031088082901554404,5,5,5,555,16.3580407032398,0,"New & Infrequent (Low R, Low F, Low M)"
2674,4,486,11588316.0,1860.0,10,Foodstuff,Yam (medium tuber),3.8271604938271606,0.0205761316872428,3,5,5,355,16.265507993382613,0,"New & Infrequent (Low R, Low F, Low M)"
2675,11,431,10596070.0,1666.0,12,Foodstuff,Spaghetti (carton of 12 packs),3.8654292343387473,0.027842227378190254,2,4,4,244,16.1759938299934,3,"Potential Loyal (Moderate F, Moderate M)"
2676,3,99,2335735.0,327.0,2,Beverages,Golden Morn (45g sachet),3.303030303030303,0.020202020202020204,4,2,2,422,14.663837602845096,1,"Loyal (High F, High M)"
2677,8,63,1446941.0,297.0,2,Beverages,Power Bank,4.714285714285714,0.031746031746031744,2,1,1,211,14.184962921880079,1,"Loyal (High F, High M)"
2678,2,127,3115551.0,563.0,6,Foodstuff,Spaghetti (carton of 12 packs),4.433070866141732,0.047244094488188976,4,2,2,422,14.951916901566975,3,"Potential Loyal (Moderate F, Moderate M)"
2679,40,58,1240206.0,267.0,2,Foodstuff,Frozen Mackerel (1kg),4.603448275862069,0.034482758620689655,1,1,1,111,14.030788859132914,2,"At Risk (High R, Low F)"
2680,2,337,8503532.0,1351.0,8,Foodstuff,Beef (1kg),4.008902077151335,0.02373887240356083,4,4,4,444,15.955992282162057,3,"Potential Loyal (Moderate F, Moderate M)"
2681,24,140,4197473.0,675.0,5,Foodstuff,Rice (50kg bag),4.821428571428571,0.03571428571428571,1,2,3,123,15.249993473751458,1,"Loyal (High F, High M)"
2682,2,875,21411811.0,3552.0,30,Foodstuff,Spaghetti (carton of 12 packs),4.059428571428572,0.03428571428571429,4,5,5,455,16.87945329033357,0,"New & Infrequent (Low R, Low F, Low M)"
2683,1,256,6465227.0,1103.0,10,Foodstuff,Tomatoes (1kg),4.30859375,0.0390625,5,3,4,534,15.681948836387582,3,"Potential Loyal (Moderate F, Moderate M)"
2684,2,550,11354332.0,2295.0,20,Foodstuff,Indomie (carton of 24 packs),4.172727272727273,0.03636363636363636,4,5,5,455,16.24510999115361,0,"New & Infrequent (Low R, Low F, Low M)"
2685,36,39,1169873.0,141.0,0,Beverages,Golden Morn (45g sachet),3.6153846153846154,0.0,1,1,1,111,13.972406608667013,1,"Loyal (High F, High M)"
2686,1,529,12757917.0,1662.0,11,Foodstuff,Indomie (carton of 24 packs),3.1417769376181472,0.020793950850661626,5,5,5,555,16.361662656423675,0,"New & Infrequent (Low R, Low F, Low M)"
2687,2,817,17670014.0,3167.0,31,Foodstuff,Spaghetti (carton of 12 packs),3.876376988984088,0.037943696450428395,4,5,5,455,16.687379693191954,0,"New & Infrequent (Low R, Low F, Low M)"
2688,4,210,4169198.0,774.0,8,Foodstuff,Onions (1kg),3.6857142857142855,0.0380952380952381,3,3,3,333,15.243234488993107,3,"Potential Loyal (Moderate F, Moderate M)"
2689,2,217,4330040.0,791.0,6,Foodstuff,Baby Formula (400g),3.6451612903225805,0.027649769585253458,4,3,3,433,15.281087568756014,3,"Potential Loyal (Moderate F, Moderate M)"
2690,5,385,8604886.0,1968.0,18,Foodstuff,Beans (paint bucket),5.111688311688312,0.046753246753246755,3,4,4,344,15.967840855641494,3,"Potential Loyal (Moderate F, Moderate M)"
2691,23,63,1487087.0,224.0,1,Foodstuff,Frozen Chicken (1kg),3.5555555555555554,0.015873015873015872,1,1,2,112,14.212330403247405,1,"Loyal (High F, High M)"
2692,6,233,8071924.0,1074.0,8,Foodstuff,Eggs (crate of 30),4.609442060085837,0.034334763948497854,3,3,4,334,15.903902549594815,3,"Potential Loyal (Moderate F, Moderate M)"
2693,11,126,2746627.0,606.0,4,Foodstuff,Beans (paint bucket),4.809523809523809,0.031746031746031744,2,2,2,222,14.82588453544855,1,"Loyal (High F, High M)"
2694,2,30,448352.0,116.0,2,Foodstuff,Frozen Titus Fish (1kg),3.8666666666666667,0.06666666666666667,4,1,1,411,13.013336147558878,1,"Loyal (High F, High M)"
2695,8,141,3007781.0,445.0,4,Foodstuff,Spaghetti (carton of 12 packs),3.1560283687943262,0.028368794326241134,2,2,2,222,14.916713488021289,1,"Loyal (High F, High M)"
2696,42,42,1015297.0,123.0,1,Foodstuff,Red Table Wine (good quality),2.9285714285714284,0.023809523809523808,1,1,1,111,13.83069272342625,2,"At Risk (High R, Low F)"
2697,2,70,1732119.0,285.0,1,Foodstuff,Screen Protector,4.071428571428571,0.014285714285714285,4,2,2,422,14.364856649769152,1,"Loyal (High F, High M)"
2698,8,48,645832.0,265.0,4,Beverages,Cowbell Vitarich Cream (12g sachet),5.520833333333333,0.08333333333333333,2,1,1,211,13.378296235412364,1,"Loyal (High F, High M)"
2699,2,992,21839400.0,3641.0,24,Foodstuff,Spaghetti (carton of 12 packs),3.6703629032258065,0.024193548387096774,4,5,5,455,16.899226281724932,0,"New & Infrequent (Low R, Low F, Low M)"
2700,6,237,6598691.0,818.0,5,Foodstuff,Indomie (carton of 24 packs),3.451476793248945,0.02109704641350211,3,3,4,334,15.70238200553786,3,"Potential Loyal (Moderate F, Moderate M)"
2701,1,828,18343546.0,3313.0,28,Foodstuff,Indomie (carton of 24 packs),4.001207729468599,0.033816425120772944,5,5,5,555,16.724788408491886,0,"New & Infrequent (Low R, Low F, Low M)"
2702,1,154,2818250.0,441.0,3,Foodstuff,Frozen Chicken (1kg),2.8636363636363638,0.01948051948051948,5,3,2,532,14.85162703773684,3,"Potential Loyal (Moderate F, Moderate M)"
2703,1,123,2374335.0,330.0,1,Foodstuff,Tomatoes (1kg),2.682926829268293,0.008130081300813009,5,2,2,522,14.68022837741403,1,"Loyal (High F, High M)"
2704,9,267,5106395.0,971.0,7,Foodstuff,Baby Wipes,3.636704119850187,0.026217228464419477,2,3,3,233,15.446004429592955,3,"Potential Loyal (Moderate F, Moderate M)"
2705,10,145,4003513.0,647.0,5,Foodstuff,Frozen Mackerel (1kg),4.462068965517242,0.034482758620689655,2,2,3,223,15.202683033428888,3,"Potential Loyal (Moderate F, Moderate M)"
2706,1,24,749158.0,92.0,1,Foodstuff,Beef (1kg),3.8333333333333335,0.041666666666666664,5,1,1,511,13.526706523014559,1,"Loyal (High F, High M)"
2707,1,343,6793865.0,1336.0,17,Foodstuff,Frozen Chicken Laps,3.8950437317784257,0.04956268221574344,5,4,4,544,15.731530704222909,3,"Potential Loyal (Moderate F, Moderate M)"
2708,4,71,1445661.0,243.0,4,Foodstuff,Frozen Titus Fish (1kg),3.4225352112676055,0.056338028169014086,3,2,1,321,14.184077906106369,1,"Loyal (High F, High M)"
2709,3,345,8405718.0,1630.0,14,Foodstuff,Frozen Mackerel (1kg),4.72463768115942,0.04057971014492753,4,4,4,444,15.944422865485004,3,"Potential Loyal (Moderate F, Moderate M)"
2710,1,351,8737126.0,1525.0,17,Foodstuff,Indomie (carton of 24 packs),4.344729344729345,0.04843304843304843,5,4,4,544,15.98309197505647,3,"Potential Loyal (Moderate F, Moderate M)"
2711,28,35,863927.0,83.0,0,Foodstuff,Frozen Titus Fish (1kg),2.3714285714285714,0.0,1,1,1,111,13.669244710980443,1,"Loyal (High F, High M)"
2712,2,52,1518728.0,322.0,5,Foodstuff,Indomie (carton of 24 packs),6.1923076923076925,0.09615384615384616,4,1,2,412,14.233384358814906,1,"Loyal (High F, High M)"
2713,6,407,8948528.0,1604.0,18,Foodstuff,Spaghetti (carton of 12 packs),3.941031941031941,0.044226044226044224,3,4,4,344,16.00699971920096,3,"Potential Loyal (Moderate F, Moderate M)"
2714,2,177,3739961.0,599.0,7,Foodstuff,Frozen Chicken (1kg),3.384180790960452,0.03954802259887006,4,3,3,433,15.13458600891129,3,"Potential Loyal (Moderate F, Moderate M)"
2715,24,38,662637.0,115.0,1,Foodstuff,Frozen Titus Fish (1kg),3.026315789473684,0.02631578947368421,1,1,1,111,13.403984117037481,1,"Loyal (High F, High M)"
2716,1,855,19504196.0,3486.0,18,Foodstuff,Frozen Chicken Laps,4.077192982456141,0.021052631578947368,5,5,5,555,16.786140231144387,0,"New & Infrequent (Low R, Low F, Low M)"
2717,19,25,193602.0,56.0,1,Beverages,Phone Case,2.24,0.04,1,1,1,111,12.173564949572322,1,"Loyal (High F, High M)"
2718,2,293,7162784.0,1187.0,10,Foodstuff,Golden Morn (45g sachet),4.051194539249146,0.034129692832764506,4,4,4,444,15.784409429789424,3,"Potential Loyal (Moderate F, Moderate M)"
2719,1,836,17950097.0,3209.0,29,Foodstuff,Spaghetti (carton of 12 packs),3.838516746411483,0.034688995215311005,5,5,5,555,16.703106132493687,0,"New & Infrequent (Low R, Low F, Low M)"
2720,13,71,1739266.0,190.0,0,Foodstuff,Milk (1 litre),2.676056338028169,0.0,2,2,2,222,14.368974318066135,1,"Loyal (High F, High M)"
2721,102,33,425315.0,97.0,1,Foodstuff,Beans (paint bucket),2.9393939393939394,0.030303030303030304,1,1,1,111,12.960587701037266,2,"At Risk (High R, Low F)"
2722,20,45,920595.0,154.0,0,Foodstuff,Phone Case,3.422222222222222,0.0,1,1,1,111,13.732776565363443,1,"Loyal (High F, High M)"
2723,17,112,2457830.0,355.0,2,Foodstuff,Golden Morn (45g sachet),3.169642857142857,0.017857142857142856,1,2,2,122,14.714789811658942,1,"Loyal (High F, High M)"
2724,2,51,580236.0,126.0,0,Foodstuff,Frozen Titus Fish (1kg),2.4705882352941178,0.0,4,1,1,411,13.271191919749558,1,"Loyal (High F, High M)"
2725,1,284,5428301.0,1091.0,11,Foodstuff,Beef (1kg),3.841549295774648,0.03873239436619718,5,4,3,543,15.507136935824711,3,"Potential Loyal (Moderate F, Moderate M)"
2726,6,41,592745.0,155.0,1,Foodstuff,Indomie (carton of 24 packs),3.7804878048780486,0.024390243902439025,3,1,1,311,13.292521255697375,1,"Loyal (High F, High M)"
2727,2,181,2836232.0,695.0,8,Foodstuff,Frozen Chicken (1kg),3.839779005524862,0.04419889502762431,4,3,2,432,14.857987321228345,3,"Potential Loyal (Moderate F, Moderate M)"
2728,3,888,18156280.0,3446.0,33,Foodstuff,Spaghetti (carton of 12 packs),3.880630630630631,0.037162162162162164,4,5,5,455,16.714527119416033,0,"New & Infrequent (Low R, Low F, Low M)"
2729,1,535,12452764.0,2286.0,21,Foodstuff,Onions (1kg),4.272897196261682,0.03925233644859813,5,5,5,555,16.337453244570437,0,"New & Infrequent (Low R, Low F, Low M)"
2730,4,264,5790824.0,981.0,6,Foodstuff,Domestic Beer (0.5L bottle),3.715909090909091,0.022727272727272728,3,3,3,333,15.571785326445495,3,"Potential Loyal (Moderate F, Moderate M)"
2731,14,80,2509415.0,449.0,3,Foodstuff,Baby Diapers (bulk 92 pcs),5.6125,0.0375,2,2,2,222,14.73556061471355,1,"Loyal (High F, High M)"
2732,2,271,6639386.0,1187.0,10,Foodstuff,Beef (1kg),4.380073800738008,0.03690036900369004,4,3,4,434,15.708530197913822,3,"Potential Loyal (Moderate F, Moderate M)"
2733,24,237,4657275.0,726.0,4,Foodstuff,Baby Wipes,3.0632911392405062,0.016877637130801686,1,3,3,133,15.353941285830022,3,"Potential Loyal (Moderate F, Moderate M)"
2734,7,179,3136888.0,508.0,3,Foodstuff,Coca-Cola (2L bottle),2.8379888268156424,0.01675977653631285,2,3,2,232,14.958742102421823,3,"Potential Loyal (Moderate F, Moderate M)"
2735,15,32,1120566.0,200.0,1,Foodstuff,Indomie (carton of 24 packs),6.25,0.03125,2,1,1,211,13.92934536516998,1,"Loyal (High F, High M)"
2736,3,623,17034452.0,2176.0,15,Foodstuff,Rice (50kg bag),3.492776886035313,0.024077046548956663,4,5,5,455,16.650748498200635,0,"New & Infrequent (Low R, Low F, Low M)"
2737,4,181,3200962.0,582.0,5,Beverages,Spaghetti (carton of 12 packs),3.2154696132596685,0.027624309392265192,3,3,2,332,14.978962259997347,3,"Potential Loyal (Moderate F, Moderate M)"
2738,20,37,526691.0,190.0,1,Foodstuff,Frozen Chicken Laps,5.135135135135135,0.02702702702702703,1,1,1,111,13.174371216444033,1,"Loyal (High F, High M)"
2739,3,126,3736521.0,412.0,4,Foodstuff,Beans (paint bucket),3.2698412698412698,0.031746031746031744,4,2,3,423,15.133665790198123,3,"Potential Loyal (Moderate F, Moderate M)"
2740,2,196,4905044.0,756.0,5,Foodstuff,Spaghetti (carton of 12 packs),3.857142857142857,0.025510204081632654,4,3,3,433,15.405774825251443,3,"Potential Loyal (Moderate F, Moderate M)"
2741,3,544,12382288.0,2327.0,19,Foodstuff,Indomie (carton of 24 packs),4.2775735294117645,0.034926470588235295,4,5,5,455,16.331777703121674,0,"New & Infrequent (Low R, Low F, Low M)"
2742,7,415,8961171.0,1492.0,12,Foodstuff,Domestic Beer (0.5L bottle),3.595180722891566,0.02891566265060241,2,4,4,244,16.008411579968502,3,"Potential Loyal (Moderate F, Moderate M)"
2743,1,455,11884137.0,1734.0,12,Foodstuff,Spaghetti (carton of 12 packs),3.8109890109890108,0.026373626373626374,5,4,5,545,16.29071512774898,0,"New & Infrequent (Low R, Low F, Low M)"
2744,80,39,1034094.0,128.0,0,Foodstuff,Bar Soap,3.282051282051282,0.0,1,1,1,111,13.849037206039048,2,"At Risk (High R, Low F)"
2745,6,135,2294884.0,476.0,3,Foodstuff,Yam (medium tuber),3.525925925925926,0.022222222222222223,3,2,2,322,14.646193291288826,1,"Loyal (High F, High M)"
2746,12,236,5380693.0,830.0,7,Foodstuff,Spaghetti (carton of 12 packs),3.516949152542373,0.029661016949152543,2,3,3,233,15.49832792010119,3,"Potential Loyal (Moderate F, Moderate M)"
2747,8,71,1075868.0,203.0,1,Foodstuff,Cowbell Vitarich Cream (12g sachet),2.859154929577465,0.014084507042253521,2,2,1,221,13.888639265080178,1,"Loyal (High F, High M)"
2748,16,82,1757400.0,511.0,4,Foodstuff,Yam (medium tuber),6.2317073170731705,0.04878048780487805,1,2,2,122,14.379346571066137,1,"Loyal (High F, High M)"
2749,1,402,10350308.0,2068.0,17,Foodstuff,Indomie (carton of 24 packs),5.144278606965174,0.04228855721393035,5,4,4,544,16.15252693230246,3,"Potential Loyal (Moderate F, Moderate M)"
2750,3,46,870370.0,178.0,1,Foodstuff,Frozen Chicken (1kg),3.869565217391304,0.021739130434782608,4,1,1,411,13.676674836514051,1,"Loyal (High F, High M)"
2751,13,209,3509432.0,779.0,5,Foodstuff,Indomie (carton of 24 packs),3.727272727272727,0.023923444976076555,2,3,3,233,15.070965043931768,3,"Potential Loyal (Moderate F, Moderate M)"
2752,13,82,1390941.0,251.0,0,Foodstuff,Frozen Mackerel (1kg),3.0609756097560976,0.0,2,2,1,221,14.145491773415117,1,"Loyal (High F, High M)"
2753,41,34,810480.0,110.0,2,Foodstuff,Spaghetti (carton of 12 packs),3.235294117647059,0.058823529411764705,1,1,1,111,13.605383177563537,2,"At Risk (High R, Low F)"
2754,6,80,1676876.0,297.0,1,Foodstuff,Onions (1kg),3.7125,0.0125,3,2,2,322,14.332443692856058,1,"Loyal (High F, High M)"
2755,1,918,21684842.0,3584.0,20,Foodstuff,Frozen Mackerel (1kg),3.9041394335511983,0.02178649237472767,5,5,5,555,16.892124095197726,0,"New & Infrequent (Low R, Low F, Low M)"
2756,1,480,9304508.0,1469.0,15,Foodstuff,Onions (1kg),3.060416666666667,0.03125,5,4,4,544,16.04600967933685,0,"New & Infrequent (Low R, Low F, Low M)"
2757,2,871,20947981.0,3653.0,27,Foodstuff,Indomie (carton of 24 packs),4.1940298507462686,0.030998851894374284,4,5,5,455,16.85755287511057,0,"New & Infrequent (Low R, Low F, Low M)"
2758,4,214,5213922.0,625.0,4,Foodstuff,Frozen Mackerel (1kg),2.9205607476635516,0.018691588785046728,3,3,3,333,15.466843105434048,3,"Potential Loyal (Moderate F, Moderate M)"
2759,12,47,699375.0,129.0,0,Foodstuff,Garri (paint bucket),2.74468085106383,0.0,2,1,1,211,13.457943787895383,1,"Loyal (High F, High M)"
2760,10,213,4336649.0,736.0,6,Foodstuff,Beef (1kg),3.455399061032864,0.028169014084507043,2,3,3,233,15.282612718615653,3,"Potential Loyal (Moderate F, Moderate M)"
2761,2,187,4427112.0,653.0,4,Foodstuff,Power Bank,3.4919786096256686,0.0213903743315508,4,3,3,433,15.303258236574873,3,"Potential Loyal (Moderate F, Moderate M)"
2762,4,501,9771078.0,1815.0,12,Foodstuff,Spaghetti (carton of 12 packs),3.622754491017964,0.023952095808383235,3,5,4,354,16.09493745804373,0,"New & Infrequent (Low R, Low F, Low M)"
2763,37,40,504655.0,125.0,1,Foodstuff,Beef (1kg),3.125,0.025,1,1,1,111,13.131632288024644,2,"At Risk (High R, Low F)"
2764,2,219,4131789.0,975.0,9,Foodstuff,Beef (1kg),4.4520547945205475,0.0410958904109589,4,3,3,433,15.234221285084063,3,"Potential Loyal (Moderate F, Moderate M)"
2765,16,45,891380.0,215.0,2,Foodstuff,Beans (paint bucket),4.777777777777778,0.044444444444444446,1,1,1,111,13.700527224481698,1,"Loyal (High F, High M)"
2766,13,126,2246585.0,409.0,4,Foodstuff,Frozen Mackerel (1kg),3.246031746031746,0.031746031746031744,2,2,2,222,14.624922288531268,1,"Loyal (High F, High M)"
2767,10,356,8840834.0,1556.0,10,Foodstuff,Indomie (carton of 24 packs),4.370786516853933,0.028089887640449437,2,4,4,244,15.994891887166618,3,"Potential Loyal (Moderate F, Moderate M)"
2768,1,201,3946788.0,639.0,3,Foodstuff,Indomie (carton of 24 packs),3.1791044776119404,0.014925373134328358,5,3,3,533,15.18841289489326,3,"Potential Loyal (Moderate F, Moderate M)"
2769,2,98,1609496.0,382.0,3,Foodstuff,Tomatoes (1kg),3.8979591836734695,0.030612244897959183,4,2,2,422,14.291432265786364,1,"Loyal (High F, High M)"
2770,5,138,4581839.0,568.0,7,Foodstuff,Baby Diapers (bulk 92 pcs),4.115942028985507,0.050724637681159424,3,2,3,323,15.337611222136651,3,"Potential Loyal (Moderate F, Moderate M)"
2771,1,168,3670991.0,712.0,5,Foodstuff,Garri (paint bucket),4.238095238095238,0.02976190476190476,5,3,3,533,15.115972483233884,3,"Potential Loyal (Moderate F, Moderate M)"
2772,1,393,9054852.0,1362.0,5,Foodstuff,Milk (1 litre),3.4656488549618323,0.01272264631043257,5,4,4,544,16.018811415043082,3,"Potential Loyal (Moderate F, Moderate M)"
2773,1,641,12901908.0,2222.0,17,Foodstuff,Indomie (carton of 24 packs),3.4664586583463337,0.0265210608424337,5,5,5,555,16.3728858428794,0,"New & Infrequent (Low R, Low F, Low M)"
2774,1,942,20495561.0,3649.0,33,Foodstuff,Beans (paint bucket),3.873673036093418,0.03503184713375796,5,5,5,555,16.83571893286689,0,"New & Infrequent (Low R, Low F, Low M)"
2775,1,452,10836269.0,1834.0,14,Foodstuff,Spaghetti (carton of 12 packs),4.057522123893805,0.030973451327433628,5,4,4,544,16.19840939882022,0,"New & Infrequent (Low R, Low F, Low M)"
2776,5,106,2258985.0,392.0,2,Foodstuff,Indomie (carton of 24 packs),3.69811320754717,0.018867924528301886,3,2,2,322,14.630426597998444,1,"Loyal (High F, High M)"
2777,1,336,7097482.0,1171.0,9,Foodstuff,Onions (1kg),3.4851190476190474,0.026785714285714284,5,4,4,544,15.775250772116815,3,"Potential Loyal (Moderate F, Moderate M)"
2778,1,186,4031114.0,745.0,6,Foodstuff,Indomie (carton of 24 packs),4.005376344086022,0.03225806451612903,5,3,3,533,15.209553570593378,3,"Potential Loyal (Moderate F, Moderate M)"
2779,24,105,2441743.0,351.0,3,Foodstuff,Indomie (carton of 24 packs),3.342857142857143,0.02857142857142857,1,2,2,122,14.708223096052686,1,"Loyal (High F, High M)"
2780,5,558,12067987.0,2203.0,16,Foodstuff,Spaghetti (carton of 12 packs),3.9480286738351253,0.02867383512544803,3,5,5,355,16.30606688489533,0,"New & Infrequent (Low R, Low F, Low M)"
2781,28,46,1194739.0,267.0,2,Foodstuff,Eggs (crate of 30),5.804347826086956,0.043478260869565216,1,1,1,111,13.993439146453504,1,"Loyal (High F, High M)"
2782,1,643,14474647.0,2752.0,25,Foodstuff,Frozen Chicken Laps,4.279937791601866,0.038880248833592534,5,5,5,555,16.48790926333836,0,"New & Infrequent (Low R, Low F, Low M)"
2783,11,176,3739916.0,636.0,3,Foodstuff,Eggs (crate of 30),3.6136363636363638,0.017045454545454544,2,3,3,233,15.134573976631088,3,"Potential Loyal (Moderate F, Moderate M)"
2784,8,329,6288654.0,1139.0,11,Foodstuff,Onions (1kg),3.4620060790273555,0.03343465045592705,2,4,4,244,15.654257774332876,3,"Potential Loyal (Moderate F, Moderate M)"
2785,1,326,7811722.0,1592.0,13,Foodstuff,Eggs (crate of 30),4.883435582822086,0.03987730061349693,5,4,4,544,15.871136112080718,3,"Potential Loyal (Moderate F, Moderate M)"
2786,4,697,16024361.0,2802.0,24,Foodstuff,Frozen Mackerel (1kg),4.020086083213774,0.03443328550932568,3,5,5,355,16.589620747185947,0,"New & Infrequent (Low R, Low F, Low M)"
2787,3,263,6305941.0,1158.0,10,Foodstuff,Indomie (carton of 24 packs),4.403041825095057,0.03802281368821293,4,3,4,434,15.657002921455248,3,"Potential Loyal (Moderate F, Moderate M)"
2788,2,288,5825608.0,1060.0,13,Foodstuff,Cowbell Vitarich Cream (12g sachet),3.6805555555555554,0.04513888888888889,4,4,3,443,15.577774101307359,3,"Potential Loyal (Moderate F, Moderate M)"
2789,34,33,443473.0,111.0,1,Foodstuff,Tomatoes (1kg),3.3636363636363638,0.030303030303030304,1,1,1,111,13.002394454436057,1,"Loyal (High F, High M)"
2790,2,203,3699511.0,796.0,8,Foodstuff,Power Bank,3.9211822660098523,0.03940886699507389,4,3,3,433,15.123711477024061,3,"Potential Loyal (Moderate F, Moderate M)"
2791,21,52,1026160.0,230.0,3,Foodstuff,Baby Formula (400g),4.423076923076923,0.057692307692307696,1,1,1,111,13.841335212480157,1,"Loyal (High F, High M)"
2792,1,365,10021003.0,1548.0,8,Foodstuff,Eggs (crate of 30),4.241095890410959,0.021917808219178082,5,4,4,544,16.120193848202145,3,"Potential Loyal (Moderate F, Moderate M)"
2793,1,230,4820058.0,986.0,11,Foodstuff,Spaghetti (carton of 12 packs),4.28695652173913,0.04782608695652174,5,3,3,533,15.388296726615767,3,"Potential Loyal (Moderate F, Moderate M)"
2794,1,333,7828084.0,1225.0,10,Foodstuff,Onions (1kg),3.6786786786786787,0.03003003003003003,5,4,4,544,15.873228465895973,3,"Potential Loyal (Moderate F, Moderate M)"
2795,99,39,1117900.0,89.0,0,Foodstuff,Rice (1kg),2.282051282051282,0.0,1,1,1,111,13.926963377792411,2,"At Risk (High R, Low F)"
2796,4,49,1286630.0,154.0,0,Foodstuff,Bread (500g loaf),3.142857142857143,0.0,3,1,1,311,14.067537732181439,1,"Loyal (High F, High M)"
2797,2,388,9647587.0,1490.0,13,Foodstuff,Indomie (carton of 24 packs),3.8402061855670104,0.03350515463917526,4,4,4,444,16.082218493886387,3,"Potential Loyal (Moderate F, Moderate M)"
2798,27,55,1385757.0,141.0,1,Foodstuff,Rice (1kg),2.5636363636363635,0.01818181818181818,1,1,1,111,14.141757840312474,1,"Loyal (High F, High M)"
2799,57,42,740119.0,167.0,2,Beverages,Indomie (carton of 24 packs),3.9761904761904763,0.047619047619047616,1,1,1,111,13.514567614195652,2,"At Risk (High R, Low F)"
2800,31,56,969526.0,197.0,3,Foodstuff,Beef (1kg),3.517857142857143,0.05357142857142857,1,1,1,111,13.784563602683967,1,"Loyal (High F, High M)"
2801,1,912,19933331.0,3317.0,26,Foodstuff,Indomie (carton of 24 packs),3.637061403508772,0.02850877192982456,5,5,5,555,16.807903863363116,0,"New & Infrequent (Low R, Low F, Low M)"
2802,2,419,8799177.0,1535.0,10,Foodstuff,Frozen Titus Fish (1kg),3.663484486873508,0.02386634844868735,4,4,4,444,15.990168865994624,3,"Potential Loyal (Moderate F, Moderate M)"
2803,8,141,3102369.0,529.0,5,Foodstuff,Frozen Mackerel (1kg),3.75177304964539,0.03546099290780142,2,2,2,222,14.947676893490815,3,"Potential Loyal (Moderate F, Moderate M)"
2804,18,130,2949516.0,625.0,9,Foodstuff,Indomie (carton of 24 packs),4.8076923076923075,0.06923076923076923,1,2,2,122,14.897151986097418,1,"Loyal (High F, High M)"
2805,2,115,2515588.0,419.0,6,Foodstuff,Beef (1kg),3.643478260869565,0.05217391304347826,4,2,2,422,14.738017528927662,1,"Loyal (High F, High M)"
2806,1,505,10978660.0,1886.0,14,Foodstuff,Tomatoes (1kg),3.734653465346535,0.027722772277227723,5,5,5,555,16.211464037611098,0,"New & Infrequent (Low R, Low F, Low M)"
2807,5,316,7296038.0,1358.0,8,Foodstuff,Frozen Chicken (1kg),4.2974683544303796,0.02531645569620253,3,4,4,344,15.802842156116755,3,"Potential Loyal (Moderate F, Moderate M)"
2808,3,64,1261739.0,199.0,2,Foodstuff,Red Table Wine (good quality),3.109375,0.03125,4,2,1,421,14.048002278670804,1,"Loyal (High F, High M)"
2809,37,102,4572050.0,493.0,1,Foodstuff,Baby Diapers (bulk 92 pcs),4.833333333333333,0.00980392156862745,1,2,3,123,15.335472458690267,1,"Loyal (High F, High M)"
2810,5,55,865697.0,161.0,2,Beverages,Indomie (carton of 24 packs),2.9272727272727272,0.03636363636363636,3,1,1,311,13.67129139693205,1,"Loyal (High F, High M)"
2811,9,329,6542298.0,1062.0,6,Foodstuff,Frozen Chicken Laps,3.2279635258358663,0.0182370820668693,2,4,4,244,15.693799190713507,3,"Potential Loyal (Moderate F, Moderate M)"
2812,3,414,9228114.0,1857.0,19,Foodstuff,Cowbell Vitarich Cream (12g sachet),4.4855072463768115,0.04589371980676329,4,4,4,444,16.037765360270086,3,"Potential Loyal (Moderate F, Moderate M)"
2813,3,86,1674312.0,304.0,2,Foodstuff,Screen Protector,3.5348837209302326,0.023255813953488372,4,2,2,422,14.330913489853362,1,"Loyal (High F, High M)"
2814,76,67,1628086.0,214.0,2,Foodstuff,Garri (paint bucket),3.1940298507462686,0.029850746268656716,1,2,2,122,14.302916263920206,2,"At Risk (High R, Low F)"
2815,27,49,1652160.0,192.0,2,Foodstuff,Beef (1kg),3.9183673469387754,0.04081632653061224,1,1,2,112,14.317594685941494,1,"Loyal (High F, High M)"
2816,1,927,20355238.0,3541.0,32,Foodstuff,Spaghetti (carton of 12 packs),3.819848975188781,0.034519956850053934,5,5,5,555,16.828848881437118,0,"New & Infrequent (Low R, Low F, Low M)"
2817,1,111,2253290.0,307.0,2,Foodstuff,Beans (paint bucket),2.765765765765766,0.018018018018018018,5,2,2,522,14.627902372192311,1,"Loyal (High F, High M)"
2818,12,413,10106275.0,2142.0,22,Foodstuff,Spaghetti (carton of 12 packs),5.186440677966102,0.053268765133171914,2,4,4,244,16.128667174969674,3,"Potential Loyal (Moderate F, Moderate M)"
2819,11,335,7628858.0,1293.0,14,Foodstuff,Indomie (carton of 24 packs),3.8597014925373134,0.041791044776119404,2,4,4,244,15.847448850793823,3,"Potential Loyal (Moderate F, Moderate M)"
2820,14,157,3377162.0,695.0,6,Foodstuff,Baby Wipes,4.426751592356688,0.03821656050955414,2,3,2,232,15.032546565896077,1,"Loyal (High F, High M)"
2821,14,71,1656851.0,257.0,0,Beverages,Baby Formula (400g),3.619718309859155,0.0,2,2,2,222,14.320429974374948,1,"Loyal (High F, High M)"
2822,43,62,1512995.0,163.0,0,Foodstuff,Salt (big size),2.629032258064516,0.0,1,1,2,112,14.229602349012868,2,"At Risk (High R, Low F)"
2823,1,272,6295242.0,1189.0,10,Foodstuff,Baby Diapers (bulk 92 pcs),4.3713235294117645,0.03676470588235294,5,3,4,534,15.655304826780675,3,"Potential Loyal (Moderate F, Moderate M)"
2824,3,376,9456221.0,1454.0,11,Foodstuff,Red Table Wine (good quality),3.867021276595745,0.02925531914893617,4,4,4,444,16.062183495509792,3,"Potential Loyal (Moderate F, Moderate M)"
2825,5,288,8374980.0,1097.0,8,Foodstuff,Onions (1kg),3.8090277777777777,0.027777777777777776,3,4,4,344,15.940759367016115,3,"Potential Loyal (Moderate F, Moderate M)"
2826,11,244,6010798.0,1118.0,5,Foodstuff,Frozen Mackerel (1kg),4.581967213114754,0.020491803278688523,2,3,4,234,15.609068242766488,3,"Potential Loyal (Moderate F, Moderate M)"
2827,41,40,605465.0,115.0,1,Foodstuff,Baby Wipes,2.875,0.025,1,1,1,111,13.31375368845816,2,"At Risk (High R, Low F)"
2828,2,930,19124734.0,3847.0,39,Foodstuff,Spaghetti (carton of 12 packs),4.136559139784946,0.041935483870967745,4,5,5,455,16.766493081371724,0,"New & Infrequent (Low R, Low F, Low M)"
2829,3,490,10242729.0,1758.0,13,Foodstuff,Domestic Beer (0.5L bottle),3.5877551020408163,0.026530612244897958,4,5,4,454,16.142078743606255,0,"New & Infrequent (Low R, Low F, Low M)"
2830,3,97,2438888.0,336.0,3,Foodstuff,Frozen Chicken Laps,3.463917525773196,0.030927835051546393,4,2,2,422,14.70705316570732,1,"Loyal (High F, High M)"
2831,1,886,21230729.0,3645.0,23,Foodstuff,Indomie (carton of 24 packs),4.1139954853273135,0.025959367945823927,5,5,5,555,16.870960218392092,0,"New & Infrequent (Low R, Low F, Low M)"
2832,1,308,6098414.0,1279.0,14,Foodstuff,Rice (1kg),4.152597402597403,0.045454545454545456,5,4,4,544,15.623539459314726,3,"Potential Loyal (Moderate F, Moderate M)"
2833,11,270,5472357.0,1287.0,15,Foodstuff,Indomie (carton of 24 packs),4.766666666666667,0.05555555555555555,2,3,3,233,15.515220160121077,3,"Potential Loyal (Moderate F, Moderate M)"
2834,3,402,8636467.0,1455.0,10,Foodstuff,Spaghetti (carton of 12 packs),3.6194029850746268,0.024875621890547265,4,4,4,444,15.971504260903957,3,"Potential Loyal (Moderate F, Moderate M)"
2835,2,518,10292472.0,2171.0,19,Foodstuff,Beef (1kg),4.191119691119691,0.03667953667953668,4,5,4,454,16.146923409353384,0,"New & Infrequent (Low R, Low F, Low M)"
2836,3,297,5734508.0,1016.0,9,Foodstuff,Frozen Chicken (1kg),3.420875420875421,0.030303030303030304,4,4,3,443,15.56201269023356,3,"Potential Loyal (Moderate F, Moderate M)"
2837,27,61,1303728.0,332.0,2,Foodstuff,Baby Formula (400g),5.442622950819672,0.03278688524590164,1,1,1,111,14.080739177784844,1,"Loyal (High F, High M)"
2838,3,117,2432815.0,350.0,2,Foodstuff,Bread (500g loaf),2.9914529914529915,0.017094017094017096,4,2,2,422,14.704559992107617,1,"Loyal (High F, High M)"
2839,3,711,16037655.0,2602.0,19,Foodstuff,Phone Case,3.659634317862166,0.026722925457102673,4,5,5,455,16.59045001506059,0,"New & Infrequent (Low R, Low F, Low M)"
2840,2,77,1439080.0,215.0,2,Foodstuff,Rice (50kg bag),2.792207792207792,0.025974025974025976,4,2,1,421,14.17951527337498,1,"Loyal (High F, High M)"
2841,11,116,2647902.0,466.0,3,Foodstuff,Bread (500g loaf),4.017241379310345,0.02586206896551724,2,2,2,222,14.78927856394815,1,"Loyal (High F, High M)"
2842,18,157,3907796.0,567.0,3,Foodstuff,Frozen Mackerel (1kg),3.611464968152866,0.01910828025477707,1,3,3,133,15.178484346066874,3,"Potential Loyal (Moderate F, Moderate M)"
2843,8,193,4444288.0,683.0,8,Foodstuff,Indomie (carton of 24 packs),3.538860103626943,0.04145077720207254,2,3,3,233,15.307130459130352,3,"Potential Loyal (Moderate F, Moderate M)"
2844,5,267,6597126.0,1030.0,11,Foodstuff,Indomie (carton of 24 packs),3.857677902621723,0.04119850187265917,3,3,4,334,15.702144809194483,3,"Potential Loyal (Moderate F, Moderate M)"
2845,1,935,20561730.0,3691.0,27,Foodstuff,Spaghetti (carton of 12 packs),3.9475935828877007,0.028877005347593583,5,5,5,555,16.838942187614244,0,"New & Infrequent (Low R, Low F, Low M)"
2846,20,82,1555528.0,272.0,2,Foodstuff,Frozen Mackerel (1kg),3.317073170731707,0.024390243902439025,1,2,2,122,14.257326238669023,1,"Loyal (High F, High M)"
2847,33,69,1449167.0,308.0,2,Foodstuff,Cowbell Vitarich Cream (12g sachet),4.463768115942029,0.028985507246376812,1,2,1,121,14.186500156611048,1,"Loyal (High F, High M)"
2848,14,67,1377187.0,279.0,2,Foodstuff,Onions (1kg),4.164179104477612,0.029850746268656716,2,2,1,221,14.135554297077148,1,"Loyal (High F, High M)"
2849,3,698,14141236.0,2531.0,21,Foodstuff,Tomatoes (1kg),3.6260744985673354,0.03008595988538682,4,5,5,455,16.464605696926007,0,"New & Infrequent (Low R, Low F, Low M)"
2850,1,300,6134760.0,1014.0,6,Foodstuff,Garri (paint bucket),3.38,0.02,5,4,4,544,15.629481678563097,3,"Potential Loyal (Moderate F, Moderate M)"
2851,9,101,3192328.0,431.0,5,Foodstuff,Baby Diapers (bulk 92 pcs),4.267326732673268,0.04950495049504951,2,2,2,222,14.97626130241591,1,"Loyal (High F, High M)"
2852,1,546,11835970.0,2285.0,21,Foodstuff,Spaghetti (carton of 12 packs),4.184981684981685,0.038461538461538464,5,5,5,555,16.286653842347157,0,"New & Infrequent (Low R, Low F, Low M)"
2853,1,613,14258756.0,2303.0,21,Foodstuff,Garri (paint bucket),3.7569331158238173,0.03425774877650897,5,5,5,555,16.472881802250747,0,"New & Infrequent (Low R, Low F, Low M)"
2854,2,563,12516625.0,2297.0,15,Foodstuff,Yam (medium tuber),4.0799289520426285,0.02664298401420959,4,5,5,455,16.342568398499697,0,"New & Infrequent (Low R, Low F, Low M)"
2855,1,709,16209374.0,3025.0,28,Foodstuff,Indomie (carton of 24 packs),4.266572637517631,0.039492242595204514,5,5,5,555,16.601100336521903,0,"New & Infrequent (Low R, Low F, Low M)"
2856,34,84,1398389.0,326.0,1,Foodstuff,Frozen Chicken Laps,3.880952380952381,0.011904761904761904,1,2,1,121,14.150832132828091,1,"Loyal (High F, High M)"
2857,3,417,8041019.0,1531.0,13,Foodstuff,Spaghetti (carton of 12 packs),3.671462829736211,0.03117505995203837,4,4,4,444,15.900066498780022,3,"Potential Loyal (Moderate F, Moderate M)"
2858,3,177,5107017.0,712.0,3,Foodstuff,Cowbell Vitarich Cream (12g sachet),4.022598870056497,0.01694915254237288,4,3,3,433,15.446126230197684,3,"Potential Loyal (Moderate F, Moderate M)"
2859,7,544,11551448.0,1994.0,23,Foodstuff,Tomatoes (1kg),3.6654411764705883,0.042279411764705885,2,5,5,255,16.26232144160877,0,"New & Infrequent (Low R, Low F, Low M)"
2860,1,373,9108589.0,1465.0,13,Foodstuff,Tomatoes (1kg),3.927613941018767,0.03485254691689008,5,4,4,544,16.0247284822847,3,"Potential Loyal (Moderate F, Moderate M)"
2861,5,493,9234170.0,1587.0,16,Foodstuff,Spaghetti (carton of 12 packs),3.2190669371196754,0.032454361054766734,3,5,4,354,16.038421400396125,0,"New & Infrequent (Low R, Low F, Low M)"
2862,11,285,7178082.0,1290.0,10,Foodstuff,Frozen Titus Fish (1kg),4.526315789473684,0.03508771929824561,2,4,4,244,15.786542913732339,3,"Potential Loyal (Moderate F, Moderate M)"
2863,15,43,1226986.0,129.0,0,Foodstuff,Eggs (crate of 30),3.0,0.0,2,1,1,211,14.020072128689897,1,"Loyal (High F, High M)"
2864,6,273,5191870.0,912.0,7,Foodstuff,Spaghetti (carton of 12 packs),3.340659340659341,0.02564102564102564,3,4,3,343,15.462604691140603,3,"Potential Loyal (Moderate F, Moderate M)"
2865,3,815,16660884.0,3032.0,28,Foodstuff,Spaghetti (carton of 12 packs),3.720245398773006,0.0343558282208589,4,5,5,455,16.628574314540586,0,"New & Infrequent (Low R, Low F, Low M)"
2866,4,855,20714459.0,3820.0,29,Foodstuff,Frozen Chicken Laps,4.4678362573099415,0.03391812865497076,3,5,5,355,16.846342565087244,0,"New & Infrequent (Low R, Low F, Low M)"
2867,87,32,838910.0,188.0,2,Foodstuff,Frozen Titus Fish (1kg),5.875,0.0625,1,1,1,111,13.639859901157527,2,"At Risk (High R, Low F)"
2868,6,35,719644.0,130.0,2,Beverages,Spaghetti (carton of 12 packs),3.7142857142857144,0.05714285714285714,3,1,1,311,13.486513313844823,1,"Loyal (High F, High M)"
2869,31,49,969466.0,304.0,2,Foodstuff,Frozen Titus Fish (1kg),6.204081632653061,0.04081632653061224,1,1,1,111,13.78450171492153,1,"Loyal (High F, High M)"
2870,11,447,10180621.0,1628.0,9,Foodstuff,Spaghetti (carton of 12 packs),3.6420581655480984,0.020134228187919462,2,4,4,244,16.135996667416574,3,"Potential Loyal (Moderate F, Moderate M)"
2871,1,581,13023409.0,2221.0,18,Foodstuff,Spaghetti (carton of 12 packs),3.8227194492254735,0.03098106712564544,5,5,5,555,16.382259065215536,0,"New & Infrequent (Low R, Low F, Low M)"
2872,7,86,1645498.0,263.0,0,Foodstuff,Spaghetti (carton of 12 packs),3.058139534883721,0.0,2,2,2,222,14.313554239647328,1,"Loyal (High F, High M)"
2873,2,231,5786687.0,995.0,6,Foodstuff,Beans (paint bucket),4.307359307359308,0.025974025974025976,4,3,3,433,15.571070665157517,3,"Potential Loyal (Moderate F, Moderate M)"
2874,1,528,13576094.0,1839.0,14,Foodstuff,Red Table Wine (good quality),3.4829545454545454,0.026515151515151516,5,5,5,555,16.423821083514614,0,"New & Infrequent (Low R, Low F, Low M)"
2875,6,355,6887151.0,1679.0,19,Foodstuff,Indomie (carton of 24 packs),4.729577464788733,0.05352112676056338,3,4,4,344,15.745168204851021,3,"Potential Loyal (Moderate F, Moderate M)"
2876,4,227,4186169.0,964.0,12,Foodstuff,Garri (paint bucket),4.246696035242291,0.05286343612334802,3,3,3,333,15.247296792725805,3,"Potential Loyal (Moderate F, Moderate M)"
2877,12,265,5670549.0,1094.0,7,Foodstuff,Indomie (carton of 24 packs),4.128301886792453,0.026415094339622643,2,3,3,233,15.550796672763237,3,"Potential Loyal (Moderate F, Moderate M)"
2878,17,210,5174668.0,788.0,8,Foodstuff,Spaghetti (carton of 12 packs),3.7523809523809524,0.0380952380952381,1,3,3,133,15.459285933717435,3,"Potential Loyal (Moderate F, Moderate M)"
2879,25,103,2179573.0,375.0,3,Foodstuff,Indomie (carton of 24 packs),3.6407766990291264,0.02912621359223301,1,2,2,122,14.594640002825658,1,"Loyal (High F, High M)"
2880,8,220,4198800.0,835.0,10,Foodstuff,Indomie (carton of 24 packs),3.7954545454545454,0.045454545454545456,2,3,3,233,15.250309566307036,3,"Potential Loyal (Moderate F, Moderate M)"
2881,4,348,7505005.0,1383.0,10,Foodstuff,Power Bank,3.9741379310344827,0.028735632183908046,3,4,4,344,15.831080822516402,3,"Potential Loyal (Moderate F, Moderate M)"
2882,2,598,14349570.0,2443.0,18,Foodstuff,Spaghetti (carton of 12 packs),4.085284280936455,0.030100334448160536,4,5,5,455,16.479230604252642,0,"New & Infrequent (Low R, Low F, Low M)"
2883,4,315,6136073.0,1075.0,4,Foodstuff,Coca-Cola (2L bottle),3.4126984126984126,0.012698412698412698,3,4,4,344,15.629695681930432,3,"Potential Loyal (Moderate F, Moderate M)"
2884,2,426,9939665.0,1830.0,17,Foodstuff,Spaghetti (carton of 12 packs),4.295774647887324,0.03990610328638498,4,4,4,444,16.11204397645855,3,"Potential Loyal (Moderate F, Moderate M)"
2885,17,41,917412.0,235.0,2,Foodstuff,Yam (medium tuber),5.7317073170731705,0.04878048780487805,1,1,1,111,13.729313031526605,1,"Loyal (High F, High M)"
2886,4,211,3976445.0,668.0,3,Foodstuff,Baby Wipes,3.1658767772511847,0.014218009478672985,3,3,3,333,15.195899013505906,3,"Potential Loyal (Moderate F, Moderate M)"
2887,1,70,1597352.0,204.0,2,Foodstuff,Onions (1kg),2.914285714285714,0.02857142857142857,5,2,2,522,14.283858442220497,1,"Loyal (High F, High M)"
2888,6,67,2267871.0,358.0,5,Beverages,Red Table Wine (good quality),5.343283582089552,0.07462686567164178,3,2,2,322,14.63435250484736,1,"Loyal (High F, High M)"
2889,2,345,7688506.0,1296.0,11,Foodstuff,Red Table Wine (good quality),3.756521739130435,0.03188405797101449,4,4,4,444,15.855237174388144,3,"Potential Loyal (Moderate F, Moderate M)"
2890,5,838,19725393.0,3553.0,36,Foodstuff,Indomie (carton of 24 packs),4.2398568019093075,0.04295942720763723,3,5,5,355,16.79741739914818,0,"New & Infrequent (Low R, Low F, Low M)"
2891,27,50,895868.0,259.0,4,Foodstuff,Onions (1kg),5.18,0.08,1,1,1,111,13.70554947591088,1,"Loyal (High F, High M)"
2892,14,133,3451576.0,484.0,1,Foodstuff,Beans (paint bucket),3.6390977443609023,0.007518796992481203,2,2,3,223,15.054341786017776,1,"Loyal (High F, High M)"
2893,12,434,12169482.0,1757.0,15,Foodstuff,Spaghetti (carton of 12 packs),4.048387096774194,0.03456221198156682,2,4,5,245,16.31444198254943,3,"Potential Loyal (Moderate F, Moderate M)"
2894,14,68,1346310.0,268.0,3,Foodstuff,Indomie (carton of 24 packs),3.9411764705882355,0.04411764705882353,2,2,1,221,14.112878817475432,1,"Loyal (High F, High M)"
2895,7,246,6239410.0,919.0,10,Foodstuff,Spaghetti (carton of 12 packs),3.7357723577235773,0.04065040650406504,2,3,4,234,15.646396344864856,3,"Potential Loyal (Moderate F, Moderate M)"
2896,1,373,8548032.0,1261.0,9,Foodstuff,Beef (1kg),3.3806970509383376,0.024128686327077747,5,4,4,544,15.9612117559659,3,"Potential Loyal (Moderate F, Moderate M)"
2897,1,268,7390715.0,895.0,5,Foodstuff,Rice (50kg bag),3.33955223880597,0.018656716417910446,5,3,4,534,15.815735175917139,3,"Potential Loyal (Moderate F, Moderate M)"
2898,56,58,1670768.0,188.0,0,Foodstuff,Frozen Mackerel (1kg),3.2413793103448274,0.0,1,1,2,112,14.328794557446916,2,"At Risk (High R, Low F)"
2899,1,126,2243781.0,564.0,8,Foodstuff,Spaghetti (carton of 12 packs),4.476190476190476,0.06349206349206349,5,2,2,522,14.623673392955467,1,"Loyal (High F, High M)"
2900,1,480,11228394.0,1959.0,17,Foodstuff,Spaghetti (carton of 12 packs),4.08125,0.035416666666666666,5,4,5,545,16.233956395752486,0,"New & Infrequent (Low R, Low F, Low M)"
2901,1,271,6491652.0,971.0,2,Foodstuff,Milk (1 litre),3.5830258302583027,0.007380073800738007,5,3,4,534,15.686027755787602,3,"Potential Loyal (Moderate F, Moderate M)"
2902,4,32,702526.0,112.0,1,Foodstuff,Bar Soap,3.5,0.03125,3,1,1,311,13.462439113615165,1,"Loyal (High F, High M)"
2903,3,475,11232864.0,2045.0,19,Foodstuff,Golden Morn (45g sachet),4.3052631578947365,0.04,4,4,5,445,16.23435441439071,0,"New & Infrequent (Low R, Low F, Low M)"
2904,6,55,582355.0,223.0,1,Foodstuff,Yam (medium tuber),4.054545454545455,0.01818181818181818,3,1,1,311,13.274837223560061,1,"Loyal (High F, High M)"
2905,8,393,10363211.0,1583.0,9,Foodstuff,Onions (1kg),4.027989821882952,0.022900763358778626,2,4,4,244,16.153772785353613,3,"Potential Loyal (Moderate F, Moderate M)"
2906,15,64,1290941.0,195.0,2,Foodstuff,Beans (paint bucket),3.046875,0.03125,2,2,1,221,14.070882742405924,1,"Loyal (High F, High M)"
2907,2,908,20231473.0,3103.0,28,Foodstuff,Spaghetti (carton of 12 packs),3.4174008810572687,0.030837004405286344,4,5,5,455,16.822750068575626,0,"New & Infrequent (Low R, Low F, Low M)"
2908,1,161,4492822.0,509.0,3,Beverages,Domestic Beer (0.5L bottle),3.1614906832298137,0.018633540372670808,5,3,3,533,15.317991792662465,3,"Potential Loyal (Moderate F, Moderate M)"
2909,3,112,2302498.0,339.0,1,Foodstuff,Baby Wipes,3.0267857142857144,0.008928571428571428,4,2,2,422,14.649505612800972,1,"Loyal (High F, High M)"
2910,14,55,1248130.0,334.0,3,Beverages,Cowbell Vitarich Cream (12g sachet),6.072727272727272,0.05454545454545454,2,1,1,211,14.037157790351479,1,"Loyal (High F, High M)"
2911,11,102,2594862.0,373.0,3,Foodstuff,Frozen Chicken Laps,3.656862745098039,0.029411764705882353,2,2,2,222,14.769044279354185,1,"Loyal (High F, High M)"
2912,1,629,14029776.0,2160.0,16,Foodstuff,Indomie (carton of 24 packs),3.4340222575516695,0.025437201907790145,5,5,5,555,16.456692557440565,0,"New & Infrequent (Low R, Low F, Low M)"
2913,3,786,15890814.0,3002.0,24,Foodstuff,Golden Morn (45g sachet),3.8193384223918576,0.030534351145038167,4,5,5,455,16.58125182731718,0,"New & Infrequent (Low R, Low F, Low M)"
2914,8,107,2386874.0,311.0,2,Foodstuff,Garri (paint bucket),2.9065420560747666,0.018691588785046728,2,2,2,222,14.685495536961918,1,"Loyal (High F, High M)"
2915,1,188,4050700.0,612.0,5,Foodstuff,Eggs (crate of 30),3.25531914893617,0.026595744680851064,5,3,3,533,15.214400510524749,3,"Potential Loyal (Moderate F, Moderate M)"
2916,5,395,8409443.0,1539.0,8,Foodstuff,Red Table Wine (good quality),3.8962025316455695,0.020253164556962026,3,4,4,344,15.944865917991951,3,"Potential Loyal (Moderate F, Moderate M)"
2917,2,700,17647504.0,2792.0,26,Foodstuff,Rice (50kg bag),3.9885714285714284,0.037142857142857144,4,5,5,455,16.686104971577976,0,"New & Infrequent (Low R, Low F, Low M)"
2918,2,246,4969342.0,980.0,9,Foodstuff,Frozen Chicken (1kg),3.983739837398374,0.036585365853658534,4,3,3,433,15.418798196175572,3,"Potential Loyal (Moderate F, Moderate M)"
2919,6,128,2626619.0,492.0,6,Foodstuff,Indomie (carton of 24 packs),3.84375,0.046875,3,2,2,322,14.781208406510665,1,"Loyal (High F, High M)"
2920,19,132,3299024.0,446.0,2,Foodstuff,Frozen Titus Fish (1kg),3.378787878787879,0.015151515151515152,1,2,2,122,15.00913752823596,1,"Loyal (High F, High M)"
2921,8,369,8028958.0,1453.0,15,Foodstuff,Frozen Chicken Laps,3.937669376693767,0.04065040650406504,2,4,4,244,15.898565438664805,3,"Potential Loyal (Moderate F, Moderate M)"
2922,162,47,1075056.0,181.0,3,Foodstuff,Beef (1kg),3.851063829787234,0.06382978723404255,1,1,1,111,13.887884241394032,2,"At Risk (High R, Low F)"
2923,4,254,4681791.0,975.0,9,Foodstuff,Yam (medium tuber),3.838582677165354,0.03543307086614173,3,3,3,333,15.359191500586947,3,"Potential Loyal (Moderate F, Moderate M)"
2924,3,127,2742081.0,524.0,5,Foodstuff,Spaghetti (carton of 12 packs),4.125984251968504,0.03937007874015748,4,2,2,422,14.824228043835948,1,"Loyal (High F, High M)"
2925,6,494,11698541.0,1730.0,9,Foodstuff,Cowbell Vitarich Cream (12g sachet),3.5020242914979756,0.018218623481781375,3,5,5,355,16.274974776618226,0,"New & Infrequent (Low R, Low F, Low M)"
2926,13,58,1005125.0,223.0,1,Foodstuff,Cowbell Vitarich Cream (12g sachet),3.8448275862068964,0.017241379310344827,2,1,1,211,13.820623464751087,1,"Loyal (High F, High M)"
2927,8,299,8415295.0,1403.0,11,Foodstuff,Baby Diapers (bulk 92 pcs),4.6923076923076925,0.03678929765886288,2,4,4,244,15.945561560270642,3,"Potential Loyal (Moderate F, Moderate M)"
2928,1,213,3748167.0,840.0,5,Foodstuff,Bread (500g loaf),3.943661971830986,0.023474178403755867,5,3,3,533,15.136777745241972,3,"Potential Loyal (Moderate F, Moderate M)"
2929,1,277,6557984.0,1110.0,10,Foodstuff,Rice (1kg),4.007220216606498,0.036101083032490974,5,4,4,544,15.696193949101406,3,"Potential Loyal (Moderate F, Moderate M)"
2930,5,28,464058.0,69.0,0,Foodstuff,Rice (1kg),2.4642857142857144,0.0,3,1,1,311,13.047766978297272,1,"Loyal (High F, High M)"
2931,15,232,5169060.0,999.0,5,Foodstuff,Indomie (carton of 24 packs),4.306034482758621,0.021551724137931036,2,3,3,233,15.458201605230618,3,"Potential Loyal (Moderate F, Moderate M)"
2932,18,278,6187376.0,982.0,6,Foodstuff,Spaghetti (carton of 12 packs),3.5323741007194243,0.02158273381294964,1,4,4,144,15.638021806873619,3,"Potential Loyal (Moderate F, Moderate M)"
2933,6,280,7472529.0,1072.0,4,Foodstuff,Rice (50kg bag),3.8285714285714287,0.014285714285714285,3,4,4,344,15.826744187852814,3,"Potential Loyal (Moderate F, Moderate M)"
2934,3,288,6233168.0,1169.0,6,Foodstuff,Indomie (carton of 24 packs),4.059027777777778,0.020833333333333332,4,4,4,444,15.645395429172815,3,"Potential Loyal (Moderate F, Moderate M)"
2935,4,347,7394731.0,1180.0,6,Foodstuff,Yam (medium tuber),3.400576368876081,0.01729106628242075,3,4,4,344,15.816278412767149,3,"Potential Loyal (Moderate F, Moderate M)"
2936,1,433,10436442.0,1617.0,10,Foodstuff,Rice (50kg bag),3.7344110854503465,0.023094688221709007,5,4,4,544,16.16081437355207,3,"Potential Loyal (Moderate F, Moderate M)"
2937,3,111,2584874.0,429.0,1,Foodstuff,Beef (1kg),3.864864864864865,0.009009009009009009,4,2,2,422,14.765187708856063,1,"Loyal (High F, High M)"
2938,2,500,10700523.0,1762.0,18,Foodstuff,Indomie (carton of 24 packs),3.524,0.036,4,5,4,454,16.185803270195663,0,"New & Infrequent (Low R, Low F, Low M)"
2939,9,215,3596557.0,645.0,7,Foodstuff,Frozen Mackerel (1kg),3.0,0.03255813953488372,2,3,3,233,15.095487834949447,3,"Potential Loyal (Moderate F, Moderate M)"
2940,2,31,607585.0,155.0,3,Beverages,Beans (paint bucket),5.0,0.0967741935483871,4,1,1,411,13.31724900796364,1,"Loyal (High F, High M)"
2941,75,40,689557.0,144.0,2,Beverages,Domestic Beer (0.5L bottle),3.6,0.05,1,1,1,111,13.443806091604454,2,"At Risk (High R, Low F)"
2942,5,136,2560005.0,518.0,4,Foodstuff,Onions (1kg),3.8088235294117645,0.029411764705882353,3,2,2,322,14.755520160202998,1,"Loyal (High F, High M)"
2943,8,447,9264370.0,1412.0,15,Foodstuff,Indomie (carton of 24 packs),3.1588366890380315,0.03355704697986577,2,4,4,244,16.041686525488718,3,"Potential Loyal (Moderate F, Moderate M)"
2944,2,296,8367670.0,1144.0,8,Foodstuff,Beef (1kg),3.864864864864865,0.02702702702702703,4,4,4,444,15.939886148070334,3,"Potential Loyal (Moderate F, Moderate M)"
2945,12,473,11970142.0,1744.0,13,Foodstuff,Indomie (carton of 24 packs),3.6871035940803383,0.02748414376321353,2,4,5,245,16.297926023995796,0,"New & Infrequent (Low R, Low F, Low M)"
2946,5,218,4421393.0,721.0,7,Foodstuff,Garri (paint bucket),3.3073394495412844,0.03211009174311927,3,3,3,333,15.301965588945992,3,"Potential Loyal (Moderate F, Moderate M)"
2947,12,185,3241949.0,849.0,4,Foodstuff,Power Bank,4.589189189189189,0.021621621621621623,2,3,2,232,14.991685558580174,3,"Potential Loyal (Moderate F, Moderate M)"
2948,40,47,766324.0,151.0,1,Foodstuff,Baby Wipes,3.2127659574468086,0.02127659574468085,1,1,1,111,13.549361640724912,2,"At Risk (High R, Low F)"
2949,1,157,3706397.0,549.0,3,Foodstuff,Beans (paint bucket),3.4968152866242037,0.01910828025477707,5,3,3,533,15.125571073477264,3,"Potential Loyal (Moderate F, Moderate M)"
2950,1,170,2709033.0,757.0,7,Foodstuff,Onions (1kg),4.452941176470588,0.041176470588235294,5,3,2,532,14.812102671745208,3,"Potential Loyal (Moderate F, Moderate M)"
2951,86,34,565676.0,117.0,0,Foodstuff,Rice (1kg),3.4411764705882355,0.0,1,1,1,111,13.24577852291234,2,"At Risk (High R, Low F)"
2952,36,67,1650056.0,305.0,2,Beverages,Salt (big size),4.552238805970149,0.029850746268656716,1,2,2,122,14.316320390734628,1,"Loyal (High F, High M)"
2953,6,262,5798941.0,1069.0,9,Foodstuff,Indomie (carton of 24 packs),4.080152671755725,0.03435114503816794,3,3,3,333,15.573186045084125,3,"Potential Loyal (Moderate F, Moderate M)"
2954,4,453,10016562.0,1516.0,12,Foodstuff,Indomie (carton of 24 packs),3.3465783664459163,0.026490066225165563,3,4,4,344,16.119750580806187,3,"Potential Loyal (Moderate F, Moderate M)"
2955,2,874,17092865.0,3106.0,20,Foodstuff,Frozen Chicken (1kg),3.553775743707094,0.02288329519450801,4,5,5,455,16.65417174144123,0,"New & Infrequent (Low R, Low F, Low M)"
2956,2,792,17382713.0,3063.0,26,Foodstuff,Spaghetti (carton of 12 packs),3.867424242424242,0.03282828282828283,4,5,5,455,16.670986822112088,0,"New & Infrequent (Low R, Low F, Low M)"
2957,5,366,8667096.0,1356.0,11,Foodstuff,Phone Charger,3.7049180327868854,0.030054644808743168,3,4,4,344,15.97504445993109,3,"Potential Loyal (Moderate F, Moderate M)"
2958,1,137,1486659.0,654.0,6,Beverages,Golden Morn (45g sachet),4.773722627737226,0.043795620437956206,5,2,2,522,14.21204255101315,1,"Loyal (High F, High M)"
2959,3,357,8326245.0,1471.0,9,Foodstuff,Domestic Beer (0.5L bottle),4.120448179271708,0.025210084033613446,4,4,4,444,15.934923252301063,3,"Potential Loyal (Moderate F, Moderate M)"
2960,2,425,7480285.0,1731.0,17,Foodstuff,Indomie (carton of 24 packs),4.0729411764705885,0.04,4,4,4,444,15.827781584513827,3,"Potential Loyal (Moderate F, Moderate M)"
2961,9,43,1013072.0,104.0,0,Beverages,Coca-Cola (2L bottle),2.4186046511627906,0.0,2,1,1,211,13.82849884381307,1,"Loyal (High F, High M)"
2962,5,168,4361898.0,636.0,8,Foodstuff,Garri (paint bucket),3.7857142857142856,0.047619047619047616,3,3,3,333,15.288418070959365,3,"Potential Loyal (Moderate F, Moderate M)"
2963,2,547,12628291.0,2234.0,25,Foodstuff,Spaghetti (carton of 12 packs),4.084095063985375,0.04570383912248629,4,5,5,455,16.351450251610927,0,"New & Infrequent (Low R, Low F, Low M)"
2964,5,152,3795449.0,790.0,4,Foodstuff,Eggs (crate of 30),5.197368421052632,0.02631578947368421,3,3,3,333,15.14931353885726,3,"Potential Loyal (Moderate F, Moderate M)"
2965,15,238,4645981.0,845.0,7,Foodstuff,Beef (1kg),3.5504201680672267,0.029411764705882353,2,3,3,233,15.351513318004512,3,"Potential Loyal (Moderate F, Moderate M)"
2966,11,277,5026877.0,971.0,9,Foodstuff,Indomie (carton of 24 packs),3.5054151624548737,0.032490974729241874,2,4,3,243,15.430309673432534,3,"Potential Loyal (Moderate F, Moderate M)"
2967,70,49,599851.0,148.0,0,Foodstuff,Milk (1 litre),3.020408163265306,0.0,1,1,1,111,13.30443823710439,2,"At Risk (High R, Low F)"
2968,3,119,2261314.0,512.0,4,Foodstuff,Milk (1 litre),4.302521008403361,0.03361344537815126,4,2,2,422,14.631457060441582,1,"Loyal (High F, High M)"
2969,21,89,1591494.0,331.0,1,Foodstuff,Red Table Wine (good quality),3.7191011235955056,0.011235955056179775,1,2,2,122,14.28018438400912,1,"Loyal (High F, High M)"
2970,35,58,1087997.0,150.0,1,Foodstuff,Frozen Chicken (1kg),2.586206896551724,0.017241379310344827,1,1,1,111,13.899849868161041,1,"Loyal (High F, High M)"
2971,12,37,491125.0,96.0,1,Foodstuff,Cowbell Vitarich Cream (12g sachet),2.5945945945945947,0.02702702702702703,2,1,1,211,13.1044559930002,1,"Loyal (High F, High M)"
2972,6,482,9390353.0,1966.0,16,Foodstuff,Indomie (carton of 24 packs),4.078838174273859,0.03319502074688797,3,4,4,344,16.055193550154343,0,"New & Infrequent (Low R, Low F, Low M)"
2973,7,85,2529771.0,363.0,3,Beverages,Indomie (carton of 24 packs),4.270588235294118,0.03529411764705882,2,2,2,222,14.743639738065704,1,"Loyal (High F, High M)"
2974,4,272,6759532.0,1330.0,11,Foodstuff,Garri (paint bucket),4.889705882352941,0.04044117647058824,3,3,4,334,15.72646436279258,3,"Potential Loyal (Moderate F, Moderate M)"
2975,1,94,1637293.0,333.0,3,Foodstuff,Baby Wipes,3.5425531914893615,0.031914893617021274,5,2,2,522,14.308555437051151,1,"Loyal (High F, High M)"
2976,2,917,20732432.0,3493.0,22,Foodstuff,Garri (paint bucket),3.8091603053435112,0.023991275899672846,4,5,5,455,16.84720984366113,0,"New & Infrequent (Low R, Low F, Low M)"
2977,25,92,2728017.0,342.0,2,Foodstuff,Spaghetti (carton of 12 packs),3.717391304347826,0.021739130434782608,1,2,2,122,14.819085896164191,1,"Loyal (High F, High M)"
2978,14,183,4644617.0,902.0,5,Foodstuff,Rice (1kg),4.9289617486338795,0.0273224043715847,2,3,3,233,15.351219687881636,3,"Potential Loyal (Moderate F, Moderate M)"
2979,1,620,12093070.0,2366.0,18,Foodstuff,Milk (1 litre),3.8161290322580643,0.02903225806451613,5,5,5,555,16.308143201915314,0,"New & Infrequent (Low R, Low F, Low M)"
2980,2,590,12950726.0,2223.0,13,Foodstuff,Beans (paint bucket),3.7677966101694915,0.022033898305084745,4,5,5,455,16.376662483530225,0,"New & Infrequent (Low R, Low F, Low M)"
2981,17,39,1704152.0,145.0,3,Beverages,Baby Diapers (bulk 92 pcs),3.717948717948718,0.07692307692307693,1,1,2,112,14.348578771073026,1,"Loyal (High F, High M)"
2982,5,471,11390223.0,1891.0,13,Foodstuff,Beans (paint bucket),4.014861995753716,0.027600849256900213,3,4,5,345,16.248266001603998,0,"New & Infrequent (Low R, Low F, Low M)"
2983,3,182,3378076.0,719.0,4,Foodstuff,Phone Case,3.9505494505494507,0.02197802197802198,4,3,2,432,15.03281717064308,3,"Potential Loyal (Moderate F, Moderate M)"
2984,5,230,6534172.0,833.0,6,Foodstuff,Rice (50kg bag),3.621739130434783,0.02608695652173913,3,3,4,334,15.692556347682759,3,"Potential Loyal (Moderate F, Moderate M)"
2985,34,50,1032471.0,169.0,1,Foodstuff,Beans (paint bucket),3.38,0.02,1,1,1,111,13.84746648480554,1,"Loyal (High F, High M)"
2986,15,58,1362607.0,261.0,1,Foodstuff,Garri (paint bucket),4.5,0.017241379310344827,2,1,1,211,14.124911068433194,1,"Loyal (High F, High M)"
2987,1,388,7942590.0,1468.0,17,Foodstuff,Indomie (carton of 24 packs),3.783505154639175,0.04381443298969072,5,4,4,544,15.887750102409875,3,"Potential Loyal (Moderate F, Moderate M)"
2988,5,174,3842481.0,630.0,2,Foodstuff,Indomie (carton of 24 packs),3.6206896551724137,0.011494252873563218,3,3,3,333,15.161629069933689,3,"Potential Loyal (Moderate F, Moderate M)"
2989,1,192,4233357.0,911.0,8,Foodstuff,Frozen Chicken (1kg),4.744791666666667,0.041666666666666664,5,3,3,533,15.258506089515388,3,"Potential Loyal (Moderate F, Moderate M)"
2990,3,386,8809368.0,1267.0,12,Foodstuff,Beans (paint bucket),3.2823834196891193,0.031088082901554404,4,4,4,444,15.991326372191796,3,"Potential Loyal (Moderate F, Moderate M)"
2991,4,458,8330699.0,1602.0,12,Foodstuff,Eggs (crate of 30),3.497816593886463,0.026200873362445413,3,4,4,344,15.935458044225845,3,"Potential Loyal (Moderate F, Moderate M)"
2992,10,39,1534734.0,199.0,2,Foodstuff,Eggs (crate of 30),5.102564102564102,0.05128205128205128,2,1,2,212,14.243868285663222,1,"Loyal (High F, High M)"
2993,4,280,6349703.0,1051.0,6,Foodstuff,Bread (500g loaf),3.7535714285714286,0.02142857142857143,3,4,4,344,15.663918755609172,3,"Potential Loyal (Moderate F, Moderate M)"
2994,7,47,1141131.0,123.0,0,Foodstuff,Yam (medium tuber),2.617021276595745,0.0,2,1,1,211,13.94753131014586,1,"Loyal (High F, High M)"
2995,2,405,11936609.0,1998.0,19,Foodstuff,Eggs (crate of 30),4.933333333333334,0.04691358024691358,4,4,5,445,16.29512070601794,3,"Potential Loyal (Moderate F, Moderate M)"
2996,7,343,6986566.0,1323.0,13,Foodstuff,Rice (1kg),3.857142857142857,0.037900874635568516,2,4,4,244,15.75949986338008,3,"Potential Loyal (Moderate F, Moderate M)"
2997,1,866,17392375.0,3136.0,31,Foodstuff,Tomatoes (1kg),3.6212471131639723,0.03579676674364896,5,5,5,555,16.671542507244673,0,"New & Infrequent (Low R, Low F, Low M)"
2998,50,49,961963.0,280.0,3,Foodstuff,Frozen Mackerel (1kg),5.714285714285714,0.061224489795918366,1,1,1,111,13.7767323069102,2,"At Risk (High R, Low F)"
2999,34,26,455679.0,109.0,1,Foodstuff,Eggs (crate of 30),4.1923076923076925,0.038461538461538464,1,1,1,111,13.029546087765693,1,"Loyal (High F, High M)"
3000,25,102,2081853.0,285.0,1,Beverages,Red Table Wine (good quality),2.7941176470588234,0.00980392156862745,1,2,2,122,14.548769400818264,1,"Loyal (High F, High M)"
3001,27,87,2511422.0,299.0,1,Foodstuff,Baby Wipes,3.4367816091954024,0.011494252873563218,1,2,2,122,14.736360082733498,1,"Loyal (High F, High M)"
3002,14,111,2407565.0,417.0,3,Foodstuff,Baby Wipes,3.7567567567567566,0.02702702702702703,2,2,2,222,14.69412683660887,1,"Loyal (High F, High M)"
3003,2,647,15384508.0,2739.0,20,Foodstuff,Baby Formula (400g),4.23338485316847,0.030911901081916538,4,5,5,455,16.548871652026865,0,"New & Infrequent (Low R, Low F, Low M)"
3004,10,65,868434.0,183.0,1,Beverages,Baby Formula (400g),2.8153846153846156,0.015384615384615385,2,2,1,221,13.674448020181458,1,"Loyal (High F, High M)"
3005,7,99,1749589.0,438.0,2,Foodstuff,Domestic Beer (0.5L bottle),4.424242424242424,0.020202020202020204,2,2,2,222,14.374892032736225,1,"Loyal (High F, High M)"
3006,1,398,10292599.0,1319.0,8,Foodstuff,Indomie (carton of 24 packs),3.314070351758794,0.020100502512562814,5,4,4,544,16.146935748391485,3,"Potential Loyal (Moderate F, Moderate M)"
3007,6,164,4551346.0,749.0,4,Foodstuff,Eggs (crate of 30),4.567073170731708,0.024390243902439025,3,3,3,333,15.330933791070812,3,"Potential Loyal (Moderate F, Moderate M)"
3008,2,517,11474383.0,1713.0,12,Foodstuff,Golden Morn (45g sachet),3.3133462282398454,0.02321083172147002,4,5,5,455,16.255627630552745,0,"New & Infrequent (Low R, Low F, Low M)"
3009,17,42,696844.0,111.0,0,Foodstuff,Baby Formula (400g),2.642857142857143,0.0,1,1,1,111,13.454318283376617,1,"Loyal (High F, High M)"
3010,8,188,4059120.0,698.0,4,Foodstuff,Rice (1kg),3.7127659574468086,0.02127659574468085,2,3,3,233,15.21647700567482,3,"Potential Loyal (Moderate F, Moderate M)"
3011,30,45,1320246.0,137.0,1,Beverages,Red Table Wine (good quality),3.0444444444444443,0.022222222222222223,1,1,1,111,14.093329398269685,1,"Loyal (High F, High M)"
3012,33,45,841183.0,133.0,0,Foodstuff,Screen Protector,2.9555555555555557,0.0,1,1,1,111,13.64256570218281,1,"Loyal (High F, High M)"
3013,1,708,17426270.0,2623.0,17,Foodstuff,Indomie (carton of 24 packs),3.7048022598870056,0.02401129943502825,5,5,5,555,16.673489453127253,0,"New & Infrequent (Low R, Low F, Low M)"
3014,17,30,423743.0,61.0,0,Beverages,Phone Case,2.033333333333333,0.0,1,1,1,111,12.956884778284518,1,"Loyal (High F, High M)"
3015,5,237,5033122.0,978.0,5,Foodstuff,Spaghetti (carton of 12 packs),4.1265822784810124,0.02109704641350211,3,3,3,333,15.431551224164426,3,"Potential Loyal (Moderate F, Moderate M)"
3016,3,165,3785887.0,805.0,4,Foodstuff,Frozen Chicken (1kg),4.878787878787879,0.024242424242424242,4,3,3,433,15.146791027640823,3,"Potential Loyal (Moderate F, Moderate M)"
3017,3,146,3283487.0,797.0,7,Foodstuff,Beef (1kg),5.458904109589041,0.04794520547945205,4,2,2,422,15.004416829969665,3,"Potential Loyal (Moderate F, Moderate M)"
3018,1,809,18702844.0,3434.0,34,Foodstuff,Indomie (carton of 24 packs),4.2447466007416566,0.042027194066749075,5,5,5,555,16.74418620929028,0,"New & Infrequent (Low R, Low F, Low M)"
3019,12,37,865425.0,96.0,0,Beverages,Phone Charger,2.5945945945945947,0.0,2,1,1,211,13.670977150231943,1,"Loyal (High F, High M)"
3020,3,301,7204867.0,1323.0,9,Foodstuff,Tomatoes (1kg),4.395348837209302,0.029900332225913623,4,4,4,444,15.790267466637248,3,"Potential Loyal (Moderate F, Moderate M)"
3021,2,936,21007572.0,3453.0,18,Foodstuff,Frozen Mackerel (1kg),3.6891025641025643,0.019230769230769232,4,5,5,455,16.860393549727895,0,"New & Infrequent (Low R, Low F, Low M)"
3022,4,282,5754008.0,961.0,4,Foodstuff,Domestic Beer (0.5L bottle),3.4078014184397163,0.014184397163120567,3,4,3,343,15.565407387221708,3,"Potential Loyal (Moderate F, Moderate M)"
3023,1,822,17119179.0,2982.0,17,Foodstuff,Tomatoes (1kg),3.627737226277372,0.02068126520681265,5,5,5,555,16.6557100303345,0,"New & Infrequent (Low R, Low F, Low M)"
3024,18,50,1879258.0,160.0,0,Foodstuff,Red Table Wine (good quality),3.2,0.0,1,1,2,112,14.446388108172853,1,"Loyal (High F, High M)"
3025,7,177,5302220.0,550.0,5,Foodstuff,Indomie (carton of 24 packs),3.1073446327683616,0.02824858757062147,2,3,3,233,15.483636347346428,3,"Potential Loyal (Moderate F, Moderate M)"
3026,17,106,1883716.0,331.0,2,Foodstuff,Onions (1kg),3.1226415094339623,0.018867924528301886,1,2,2,122,14.44875751052122,1,"Loyal (High F, High M)"
3027,4,326,7410264.0,1158.0,12,Foodstuff,Spaghetti (carton of 12 packs),3.5521472392638036,0.03680981595092025,3,4,4,344,15.818376759115939,3,"Potential Loyal (Moderate F, Moderate M)"
3028,1,846,19749928.0,3384.0,27,Foodstuff,Frozen Chicken (1kg),4.0,0.031914893617021274,5,5,5,555,16.798660454368235,0,"New & Infrequent (Low R, Low F, Low M)"
3029,18,84,2265333.0,423.0,4,Foodstuff,Eggs (crate of 30),5.035714285714286,0.047619047619047616,1,2,2,122,14.633232767396565,1,"Loyal (High F, High M)"
3030,3,325,7602990.0,1715.0,15,Foodstuff,Eggs (crate of 30),5.276923076923077,0.046153846153846156,4,4,4,444,15.844052280466613,3,"Potential Loyal (Moderate F, Moderate M)"
3031,50,55,1258381.0,166.0,2,Foodstuff,Frozen Chicken Laps,3.018181818181818,0.03636363636363636,1,1,1,111,14.045337326745964,2,"At Risk (High R, Low F)"
3032,1,326,6576360.0,1282.0,14,Foodstuff,Spaghetti (carton of 12 packs),3.932515337423313,0.04294478527607362,5,4,4,544,15.698992110805063,3,"Potential Loyal (Moderate F, Moderate M)"
3033,5,185,3607065.0,596.0,6,Foodstuff,Tomatoes (1kg),3.2216216216216216,0.032432432432432434,3,3,3,333,15.09840525747264,3,"Potential Loyal (Moderate F, Moderate M)"
3034,1,801,15954268.0,2972.0,18,Foodstuff,Frozen Titus Fish (1kg),3.7103620474406993,0.02247191011235955,5,5,5,555,16.585237000286373,0,"New & Infrequent (Low R, Low F, Low M)"
3035,1,281,5452193.0,871.0,9,Foodstuff,Beans (paint bucket),3.099644128113879,0.03202846975088968,5,4,3,543,15.511528654437685,3,"Potential Loyal (Moderate F, Moderate M)"
3036,3,119,1704100.0,370.0,3,Foodstuff,Beef (1kg),3.1092436974789917,0.025210084033613446,4,2,2,422,14.348548256915334,1,"Loyal (High F, High M)"
3037,26,44,814015.0,114.0,0,Foodstuff,Frozen Chicken (1kg),2.590909090909091,0.0,1,1,1,111,13.609735300811156,1,"Loyal (High F, High M)"
3038,5,52,1022428.0,146.0,1,Foodstuff,Beef (1kg),2.8076923076923075,0.019230769230769232,3,1,1,311,13.837691726835377,1,"Loyal (High F, High M)"
3039,38,81,2029108.0,303.0,1,Foodstuff,Cowbell Vitarich Cream (12g sachet),3.740740740740741,0.012345679012345678,1,2,2,122,14.523107338409877,1,"Loyal (High F, High M)"
3040,6,83,1310557.0,220.0,1,Beverages,Golden Morn (45g sachet),2.6506024096385543,0.012048192771084338,3,2,1,321,14.085963558683071,1,"Loyal (High F, High M)"
3041,2,548,11354516.0,2245.0,20,Foodstuff,Garri (paint bucket),4.096715328467154,0.0364963503649635,4,5,5,455,16.24512619628949,0,"New & Infrequent (Low R, Low F, Low M)"
3042,5,254,5363670.0,966.0,10,Foodstuff,Spaghetti (carton of 12 packs),3.8031496062992125,0.03937007874015748,3,3,3,333,15.495159186677892,3,"Potential Loyal (Moderate F, Moderate M)"
3043,5,240,5100573.0,1044.0,6,Foodstuff,Rice (1kg),4.35,0.025,3,3,3,333,15.444863640380996,3,"Potential Loyal (Moderate F, Moderate M)"
3044,12,47,1347406.0,161.0,0,Foodstuff,Onions (1kg),3.425531914893617,0.0,2,1,1,211,14.113692562685939,1,"Loyal (High F, High M)"
3045,2,545,13160177.0,2265.0,16,Foodstuff,Golden Morn (45g sachet),4.155963302752293,0.029357798165137616,4,5,5,455,16.39270600960584,0,"New & Infrequent (Low R, Low F, Low M)"
3046,15,336,7269315.0,1289.0,11,Foodstuff,Milk (1 litre),3.8363095238095237,0.03273809523809524,2,4,4,244,15.799172759801424,3,"Potential Loyal (Moderate F, Moderate M)"
3047,25,50,1675103.0,198.0,1,Foodstuff,Beans (paint bucket),3.96,0.02,1,1,2,112,14.331385810866067,1,"Loyal (High F, High M)"
3048,10,295,7141953.0,1258.0,8,Foodstuff,Rice (50kg bag),4.264406779661017,0.02711864406779661,2,4,4,244,15.781496966342896,3,"Potential Loyal (Moderate F, Moderate M)"
3049,4,223,5384513.0,701.0,4,Foodstuff,Frozen Titus Fish (1kg),3.1434977578475336,0.017937219730941704,3,3,3,333,15.499037613803408,3,"Potential Loyal (Moderate F, Moderate M)"
3050,11,49,725354.0,167.0,2,Foodstuff,Rice (1kg),3.4081632653061225,0.04081632653061224,2,1,1,211,13.49441646916725,1,"Loyal (High F, High M)"
3051,26,150,2766551.0,480.0,2,Foodstuff,Frozen Chicken Laps,3.2,0.013333333333333334,1,2,2,122,14.833112337456685,1,"Loyal (High F, High M)"
3052,5,187,3700951.0,785.0,5,Foodstuff,Coca-Cola (2L bottle),4.197860962566845,0.026737967914438502,3,3,3,333,15.124100641816478,3,"Potential Loyal (Moderate F, Moderate M)"
3053,6,55,1229502.0,259.0,4,Foodstuff,Eggs (crate of 30),4.709090909090909,0.07272727272727272,3,1,1,311,14.022120580651674,1,"Loyal (High F, High M)"
3054,1,811,18163135.0,3376.0,27,Foodstuff,Indomie (carton of 24 packs),4.162762022194821,0.03329223181257707,5,5,5,555,16.71490460345337,0,"New & Infrequent (Low R, Low F, Low M)"
3055,2,613,14410264.0,2217.0,13,Foodstuff,Spaghetti (carton of 12 packs),3.6166394779771616,0.021207177814029365,4,5,5,455,16.48345135781355,0,"New & Infrequent (Low R, Low F, Low M)"
3056,4,349,8439401.0,1495.0,12,Foodstuff,Indomie (carton of 24 packs),4.283667621776504,0.034383954154727794,3,4,4,344,15.948422010981373,3,"Potential Loyal (Moderate F, Moderate M)"
3057,1,182,3852210.0,939.0,10,Foodstuff,Spaghetti (carton of 12 packs),5.15934065934066,0.054945054945054944,5,3,3,533,15.164157827139318,3,"Potential Loyal (Moderate F, Moderate M)"
3058,10,137,2713107.0,479.0,4,Beverages,Spaghetti (carton of 12 packs),3.4963503649635035,0.029197080291970802,2,2,2,222,14.813605399179,1,"Loyal (High F, High M)"
3059,1,331,6888114.0,1229.0,8,Foodstuff,Beef (1kg),3.712990936555891,0.02416918429003021,5,4,4,544,15.745308020653004,3,"Potential Loyal (Moderate F, Moderate M)"
3060,1,253,5943358.0,1180.0,11,Foodstuff,Indomie (carton of 24 packs),4.664031620553359,0.043478260869565216,5,3,3,533,15.597785019726105,3,"Potential Loyal (Moderate F, Moderate M)"
3061,2,39,748931.0,203.0,1,Foodstuff,Milk (1 litre),5.205128205128205,0.02564102564102564,4,1,1,411,13.526403470660947,1,"Loyal (High F, High M)"
3062,10,235,4956887.0,1003.0,7,Foodstuff,Frozen Mackerel (1kg),4.268085106382979,0.029787234042553193,2,3,3,233,15.416288682436381,3,"Potential Loyal (Moderate F, Moderate M)"
3063,2,496,12875080.0,2374.0,22,Foodstuff,Indomie (carton of 24 packs),4.786290322580645,0.04435483870967742,4,5,5,455,16.37080429575642,0,"New & Infrequent (Low R, Low F, Low M)"
3064,6,229,4978383.0,845.0,6,Foodstuff,Yam (medium tuber),3.6899563318777293,0.026200873362445413,3,3,3,333,15.420615898348002,3,"Potential Loyal (Moderate F, Moderate M)"
3065,2,42,867996.0,140.0,0,Beverages,Coca-Cola (2L bottle),3.3333333333333335,0.0,4,1,1,411,13.673943537415317,1,"Loyal (High F, High M)"
3066,4,472,10919479.0,1706.0,13,Foodstuff,Spaghetti (carton of 12 packs),3.614406779661017,0.02754237288135593,3,4,5,345,16.206058908099592,0,"New & Infrequent (Low R, Low F, Low M)"
3067,7,52,1351854.0,261.0,1,Foodstuff,Beef (1kg),5.019230769230769,0.019230769230769232,2,1,1,211,14.116988281312803,1,"Loyal (High F, High M)"
3068,5,81,2384621.0,399.0,4,Foodstuff,Spaghetti (carton of 12 packs),4.925925925925926,0.04938271604938271,3,2,2,322,14.684551179177584,1,"Loyal (High F, High M)"
3069,2,49,1683294.0,172.0,0,Foodstuff,Beef (1kg),3.510204081632653,0.0,4,1,2,412,14.336263740046913,1,"Loyal (High F, High M)"
3070,2,113,2007837.0,349.0,2,Foodstuff,Beef (1kg),3.088495575221239,0.017699115044247787,4,2,2,422,14.512569079248333,1,"Loyal (High F, High M)"
3071,1,531,13272879.0,2215.0,22,Foodstuff,Garri (paint bucket),4.171374764595104,0.04143126177024482,5,5,5,555,16.40123341365735,0,"New & Infrequent (Low R, Low F, Low M)"
3072,32,203,3800772.0,737.0,8,Foodstuff,Cowbell Vitarich Cream (12g sachet),3.6305418719211824,0.03940886699507389,1,3,3,133,15.15071502506199,1,"Loyal (High F, High M)"
3073,14,85,2214718.0,363.0,3,Foodstuff,Garri (paint bucket),4.270588235294118,0.03529411764705882,2,2,2,222,14.610636091111187,1,"Loyal (High F, High M)"
3074,2,661,14855731.0,2693.0,18,Foodstuff,Beans (paint bucket),4.074130105900151,0.02723146747352496,4,5,5,455,16.513896342002738,0,"New & Infrequent (Low R, Low F, Low M)"
3075,2,606,13804798.0,2170.0,15,Foodstuff,Onions (1kg),3.580858085808581,0.024752475247524754,4,5,5,455,16.440526843298343,0,"New & Infrequent (Low R, Low F, Low M)"
3076,1,703,13037647.0,2250.0,13,Foodstuff,Beef (1kg),3.200568990042674,0.01849217638691323,5,5,5,555,16.38335173009634,0,"New & Infrequent (Low R, Low F, Low M)"
3077,6,69,1124886.0,219.0,3,Beverages,Golden Morn (45g sachet),3.1739130434782608,0.043478260869565216,3,2,1,321,13.933193144131332,1,"Loyal (High F, High M)"
3078,1,190,4234100.0,594.0,4,Foodstuff,Spaghetti (carton of 12 packs),3.126315789473684,0.021052631578947368,5,3,3,533,15.258681584903535,3,"Potential Loyal (Moderate F, Moderate M)"
3079,1,957,19894216.0,3811.0,30,Foodstuff,Rice (1kg),3.982236154649948,0.03134796238244514,5,5,5,555,16.805939644446408,0,"New & Infrequent (Low R, Low F, Low M)"
3080,4,448,9193927.0,1818.0,12,Foodstuff,Domestic Beer (0.5L bottle),4.058035714285714,0.026785714285714284,3,4,4,344,16.03405382412339,3,"Potential Loyal (Moderate F, Moderate M)"
3081,3,43,768667.0,124.0,1,Foodstuff,Beef (1kg),2.883720930232558,0.023255813953488372,4,1,1,411,13.552414425746905,1,"Loyal (High F, High M)"
3082,74,44,1020564.0,151.0,1,Foodstuff,Baby Formula (400g),3.4318181818181817,0.022727272727272728,1,1,1,111,13.83586695347116,2,"At Risk (High R, Low F)"
3083,4,166,3314689.0,649.0,7,Foodstuff,Baby Formula (400g),3.9096385542168677,0.04216867469879518,3,3,2,332,15.013874662900554,3,"Potential Loyal (Moderate F, Moderate M)"
3084,1,763,17783529.0,2859.0,20,Foodstuff,Indomie (carton of 24 packs),3.747051114023591,0.02621231979030144,5,5,5,555,16.693783306026823,0,"New & Infrequent (Low R, Low F, Low M)"
3085,4,227,6742033.0,1119.0,9,Foodstuff,Rice (50kg bag),4.929515418502203,0.039647577092511016,3,3,4,334,15.72387221777737,3,"Potential Loyal (Moderate F, Moderate M)"
3086,7,221,3846884.0,805.0,7,Foodstuff,Beef (1kg),3.6425339366515836,0.03167420814479638,2,3,3,233,15.162774287864169,3,"Potential Loyal (Moderate F, Moderate M)"
3087,15,54,1424470.0,387.0,3,Foodstuff,Tomatoes (1kg),7.166666666666667,0.05555555555555555,2,1,1,211,14.169311074692514,1,"Loyal (High F, High M)"
3088,2,339,6401797.0,1343.0,10,Foodstuff,Beans (paint bucket),3.96165191740413,0.029498525073746312,4,4,4,444,15.67208944637435,3,"Potential Loyal (Moderate F, Moderate M)"
3089,3,533,13236261.0,2158.0,15,Foodstuff,Spaghetti (carton of 12 packs),4.048780487804878,0.028142589118198873,4,5,5,455,16.39847074232758,0,"New & Infrequent (Low R, Low F, Low M)"
3090,50,130,3159466.0,604.0,5,Foodstuff,Onions (1kg),4.6461538461538465,0.038461538461538464,1,2,2,122,14.965913900450484,2,"At Risk (High R, Low F)"
3091,3,475,10615187.0,1680.0,8,Foodstuff,Indomie (carton of 24 packs),3.536842105263158,0.016842105263157894,4,4,4,444,16.177796363749284,0,"New & Infrequent (Low R, Low F, Low M)"
3092,2,955,20703016.0,3236.0,18,Foodstuff,Spaghetti (carton of 12 packs),3.3884816753926703,0.018848167539267015,4,5,5,455,16.845789996407543,0,"New & Infrequent (Low R, Low F, Low M)"
3093,35,54,1967377.0,308.0,1,Foodstuff,Eggs (crate of 30),5.703703703703703,0.018518518518518517,1,1,2,112,14.492212249727254,1,"Loyal (High F, High M)"
3094,3,229,3256032.0,749.0,7,Foodstuff,Beans (paint bucket),3.2707423580786026,0.03056768558951965,4,3,2,432,14.996020141188342,3,"Potential Loyal (Moderate F, Moderate M)"
3095,37,107,2348176.0,423.0,4,Foodstuff,Coca-Cola (2L bottle),3.953271028037383,0.037383177570093455,1,2,2,122,14.669149840393885,1,"Loyal (High F, High M)"
3096,1,493,9359424.0,1712.0,14,Foodstuff,Yam (medium tuber),3.4726166328600407,0.028397565922920892,5,5,4,554,16.051894414942844,0,"New & Infrequent (Low R, Low F, Low M)"
3097,7,206,5777138.0,741.0,7,Foodstuff,Rice (50kg bag),3.5970873786407767,0.03398058252427184,2,3,3,233,15.569419135405223,3,"Potential Loyal (Moderate F, Moderate M)"
3098,4,307,6628649.0,1106.0,6,Foodstuff,Beans (paint bucket),3.6026058631921822,0.019543973941368076,3,4,4,344,15.706911721519194,3,"Potential Loyal (Moderate F, Moderate M)"
3099,1,447,11316710.0,1720.0,15,Foodstuff,Indomie (carton of 24 packs),3.8478747203579418,0.03355704697986577,5,4,5,545,16.24179104081897,0,"New & Infrequent (Low R, Low F, Low M)"
3100,6,147,2275968.0,566.0,3,Foodstuff,Baby Wipes,3.8503401360544216,0.02040816326530612,3,2,2,322,14.637916453748957,1,"Loyal (High F, High M)"
3101,1,789,16975232.0,3105.0,27,Foodstuff,Spaghetti (carton of 12 packs),3.935361216730038,0.034220532319391636,5,5,5,555,16.64726595738258,0,"New & Infrequent (Low R, Low F, Low M)"
3102,9,214,4663562.0,973.0,9,Foodstuff,Indomie (carton of 24 packs),4.546728971962617,0.04205607476635514,2,3,3,233,15.355290306224742,3,"Potential Loyal (Moderate F, Moderate M)"
3103,22,40,1057000.0,273.0,3,Foodstuff,Beef (1kg),6.825,0.075,1,1,1,111,13.870946210925721,1,"Loyal (High F, High M)"
3104,2,401,9124591.0,1556.0,9,Foodstuff,Terra Oil (1 litre),3.880299251870324,0.022443890274314215,4,4,4,444,16.026483744104436,3,"Potential Loyal (Moderate F, Moderate M)"
3105,4,491,12097961.0,2088.0,21,Foodstuff,Indomie (carton of 24 packs),4.2525458248472505,0.04276985743380855,3,5,5,355,16.30854756662902,0,"New & Infrequent (Low R, Low F, Low M)"
3106,4,113,2461686.0,441.0,4,Foodstuff,Spaghetti (carton of 12 packs),3.9026548672566372,0.035398230088495575,3,2,2,322,14.716357445231854,1,"Loyal (High F, High M)"
3107,1,563,12169548.0,2110.0,13,Foodstuff,Frozen Titus Fish (1kg),3.7477797513321494,0.023090586145648313,5,5,5,555,16.314447405936853,0,"New & Infrequent (Low R, Low F, Low M)"
3108,2,658,17123826.0,2636.0,16,Foodstuff,Rice (50kg bag),4.006079027355623,0.0243161094224924,4,5,5,455,16.655981443416216,0,"New & Infrequent (Low R, Low F, Low M)"
3109,25,109,2249395.0,449.0,4,Foodstuff,Onions (1kg),4.1192660550458715,0.03669724770642202,1,2,2,122,14.626172293698499,1,"Loyal (High F, High M)"
3110,2,950,20818287.0,3540.0,26,Foodstuff,Onions (1kg),3.7263157894736842,0.02736842105263158,4,5,5,455,16.851342389143817,0,"New & Infrequent (Low R, Low F, Low M)"
3111,6,50,1427005.0,152.0,0,Foodstuff,Laundry Detergent (3L),3.04,0.0,3,1,1,311,14.171089101075221,1,"Loyal (High F, High M)"
3112,27,80,1921597.0,430.0,7,Foodstuff,Spaghetti (carton of 12 packs),5.375,0.0875,1,2,2,122,14.468667689507981,1,"Loyal (High F, High M)"
3113,5,67,1319417.0,253.0,0,Foodstuff,Coca-Cola (2L bottle),3.7761194029850746,0.0,3,2,1,321,14.092701288242651,1,"Loyal (High F, High M)"
3114,9,678,16874364.0,2380.0,15,Foodstuff,Frozen Chicken (1kg),3.510324483775811,0.022123893805309734,2,5,5,255,16.641306164385227,0,"New & Infrequent (Low R, Low F, Low M)"
3115,1,273,6329102.0,1203.0,10,Foodstuff,Garri (paint bucket),4.406593406593407,0.03663003663003663,5,4,4,544,15.660669077917955,3,"Potential Loyal (Moderate F, Moderate M)"
3116,28,70,1405095.0,259.0,1,Foodstuff,Eggs (crate of 30),3.7,0.014285714285714285,1,2,1,121,14.155616185817907,1,"Loyal (High F, High M)"
3117,3,136,2384716.0,498.0,3,Foodstuff,Bread (500g loaf),3.661764705882353,0.022058823529411766,4,2,2,422,14.684591016983205,1,"Loyal (High F, High M)"
3118,5,252,5710802.0,897.0,6,Foodstuff,Frozen Chicken Laps,3.5595238095238093,0.023809523809523808,3,3,3,333,15.55787020221751,3,"Potential Loyal (Moderate F, Moderate M)"
3119,51,52,1125491.0,267.0,3,Beverages,Milk (1 litre),5.134615384615385,0.057692307692307696,1,1,1,111,13.93373083135164,2,"At Risk (High R, Low F)"
3120,7,597,12947872.0,2505.0,19,Foodstuff,Spaghetti (carton of 12 packs),4.1959798994974875,0.031825795644891124,2,5,5,255,16.376442085515542,0,"New & Infrequent (Low R, Low F, Low M)"
3121,1,497,10900546.0,1691.0,8,Foodstuff,Frozen Chicken (1kg),3.402414486921529,0.01609657947686117,5,5,5,555,16.20432352942646,0,"New & Infrequent (Low R, Low F, Low M)"
3122,2,229,5168570.0,705.0,6,Foodstuff,Bread (500g loaf),3.078602620087336,0.026200873362445413,4,3,3,433,15.458106805957367,3,"Potential Loyal (Moderate F, Moderate M)"
3123,1,940,20952902.0,3363.0,24,Foodstuff,Indomie (carton of 24 packs),3.5776595744680852,0.02553191489361702,5,5,5,555,16.85778776275185,0,"New & Infrequent (Low R, Low F, Low M)"
3124,11,207,5969856.0,711.0,4,Foodstuff,Eggs (crate of 30),3.4347826086956523,0.01932367149758454,2,3,3,233,15.602233531983078,3,"Potential Loyal (Moderate F, Moderate M)"
3125,1,922,21598274.0,3963.0,38,Foodstuff,Indomie (carton of 24 packs),4.2982646420824295,0.04121475054229935,5,5,5,555,16.888124008354215,0,"New & Infrequent (Low R, Low F, Low M)"
3126,2,362,8806313.0,1301.0,11,Foodstuff,Spaghetti (carton of 12 packs),3.5939226519337018,0.03038674033149171,4,4,4,444,15.990979522168368,3,"Potential Loyal (Moderate F, Moderate M)"
3127,11,247,4595251.0,982.0,7,Foodstuff,Onions (1kg),3.9757085020242915,0.02834008097165992,2,3,3,233,15.34053415448795,3,"Potential Loyal (Moderate F, Moderate M)"
3128,7,60,1520146.0,285.0,1,Foodstuff,Baby Wipes,4.75,0.016666666666666666,2,1,2,212,14.234317598672613,1,"Loyal (High F, High M)"
3129,1,636,13643397.0,2314.0,16,Foodstuff,Tomatoes (1kg),3.638364779874214,0.025157232704402517,5,5,5,555,16.4287662995889,0,"New & Infrequent (Low R, Low F, Low M)"
3130,6,182,3643277.0,591.0,3,Foodstuff,Beans (paint bucket),3.2472527472527473,0.016483516483516484,3,3,3,333,15.108394383812097,3,"Potential Loyal (Moderate F, Moderate M)"
3131,2,54,1334040.0,210.0,0,Foodstuff,Frozen Titus Fish (1kg),3.888888888888889,0.0,4,1,1,411,14.103723239618091,1,"Loyal (High F, High M)"
3132,4,57,1342247.0,216.0,2,Foodstuff,Garri (paint bucket),3.789473684210526,0.03508771929824561,3,1,1,311,14.109856378248317,1,"Loyal (High F, High M)"
3133,1,261,5956278.0,1328.0,11,Foodstuff,Cowbell Vitarich Cream (12g sachet),5.088122605363985,0.0421455938697318,5,3,3,533,15.599956515208053,3,"Potential Loyal (Moderate F, Moderate M)"
3134,1,241,5650730.0,1117.0,10,Foodstuff,Rice (50kg bag),4.634854771784233,0.04149377593360996,5,3,3,533,15.547295475284658,3,"Potential Loyal (Moderate F, Moderate M)"
3135,1,379,8105899.0,1973.0,18,Foodstuff,Indomie (carton of 24 packs),5.205804749340369,0.047493403693931395,5,4,4,544,15.90810274955346,3,"Potential Loyal (Moderate F, Moderate M)"
3136,5,662,14769646.0,2583.0,21,Foodstuff,Rice (50kg bag),3.901812688821752,0.03172205438066465,3,5,5,355,16.508084754425074,0,"New & Infrequent (Low R, Low F, Low M)"
3137,7,52,758535.0,131.0,2,Beverages,Spaghetti (carton of 12 packs),2.519230769230769,0.038461538461538464,2,1,1,211,13.539145538740676,1,"Loyal (High F, High M)"
3138,1,441,10686556.0,1916.0,14,Foodstuff,Indomie (carton of 24 packs),4.344671201814059,0.031746031746031744,5,4,4,544,16.18449715441618,3,"Potential Loyal (Moderate F, Moderate M)"
3139,18,45,1142243.0,179.0,3,Beverages,Indomie (carton of 24 packs),3.977777777777778,0.06666666666666667,1,1,1,111,13.948505306621177,1,"Loyal (High F, High M)"
3140,1,563,14822063.0,2132.0,12,Foodstuff,Spaghetti (carton of 12 packs),3.786856127886323,0.021314387211367674,5,5,5,555,16.511627439389933,0,"New & Infrequent (Low R, Low F, Low M)"
3141,1,507,11322684.0,1842.0,14,Foodstuff,Indomie (carton of 24 packs),3.633136094674556,0.027613412228796843,5,5,5,555,16.242318793426737,0,"New & Infrequent (Low R, Low F, Low M)"
3142,9,209,4768735.0,1029.0,9,Foodstuff,Baby Formula (400g),4.923444976076555,0.0430622009569378,2,3,3,233,15.377591838230778,3,"Potential Loyal (Moderate F, Moderate M)"
3143,1,354,7970558.0,1191.0,11,Foodstuff,Spaghetti (carton of 12 packs),3.364406779661017,0.031073446327683617,5,4,4,544,15.891265186324407,3,"Potential Loyal (Moderate F, Moderate M)"
3144,12,123,2310472.0,355.0,2,Foodstuff,Baby Wipes,2.886178861788618,0.016260162601626018,2,2,2,222,14.65296282344188,1,"Loyal (High F, High M)"
3145,26,185,4455342.0,833.0,8,Foodstuff,Spaghetti (carton of 12 packs),4.5027027027027025,0.043243243243243246,1,3,3,133,15.309614608066962,3,"Potential Loyal (Moderate F, Moderate M)"
3146,7,465,11497240.0,1699.0,19,Foodstuff,Spaghetti (carton of 12 packs),3.653763440860215,0.04086021505376344,2,4,5,245,16.257617651506262,0,"New & Infrequent (Low R, Low F, Low M)"
3147,8,163,4337270.0,703.0,3,Foodstuff,Baby Formula (400g),4.3128834355828225,0.018404907975460124,2,3,3,233,15.282755906454478,3,"Potential Loyal (Moderate F, Moderate M)"
3148,5,144,3660686.0,622.0,4,Foodstuff,Spaghetti (carton of 12 packs),4.319444444444445,0.027777777777777776,3,2,3,323,15.113161392681217,3,"Potential Loyal (Moderate F, Moderate M)"
3149,11,233,4838328.0,960.0,7,Foodstuff,Indomie (carton of 24 packs),4.120171673819742,0.030042918454935622,2,3,3,233,15.392079971147142,3,"Potential Loyal (Moderate F, Moderate M)"
3150,4,506,10509828.0,1584.0,10,Foodstuff,Beef (1kg),3.130434782608696,0.019762845849802372,3,5,4,354,16.167821472501934,0,"New & Infrequent (Low R, Low F, Low M)"
3151,5,124,3781185.0,777.0,6,Foodstuff,Baby Diapers (bulk 92 pcs),6.266129032258065,0.04838709677419355,3,2,3,323,15.145548274998214,3,"Potential Loyal (Moderate F, Moderate M)"
3152,30,72,1709736.0,476.0,7,Foodstuff,Bread (500g loaf),6.611111111111111,0.09722222222222222,1,2,2,122,14.351850115480639,1,"Loyal (High F, High M)"
3153,3,366,9492899.0,1460.0,10,Foodstuff,Frozen Mackerel (1kg),3.989071038251366,0.0273224043715847,4,4,4,444,16.06605470873071,3,"Potential Loyal (Moderate F, Moderate M)"
3154,1,499,10854082.0,1895.0,15,Foodstuff,Spaghetti (carton of 12 packs),3.7975951903807617,0.03006012024048096,5,5,5,555,16.200051880526683,0,"New & Infrequent (Low R, Low F, Low M)"
3155,37,59,738831.0,163.0,0,Foodstuff,Phone Charger,2.76271186440678,0.0,1,1,1,111,13.51282583985054,2,"At Risk (High R, Low F)"
3156,13,74,1495782.0,324.0,2,Foodstuff,Coca-Cola (2L bottle),4.378378378378378,0.02702702702702703,2,2,2,222,14.218160373519352,1,"Loyal (High F, High M)"
3157,39,53,765605.0,155.0,2,Foodstuff,Frozen Chicken Laps,2.9245283018867925,0.03773584905660377,1,1,1,111,13.548422956080769,2,"At Risk (High R, Low F)"
3158,9,132,3074700.0,554.0,3,Foodstuff,Spaghetti (carton of 12 packs),4.196969696969697,0.022727272727272728,2,2,2,222,14.938718218722693,1,"Loyal (High F, High M)"
3159,6,190,4122122.0,888.0,9,Foodstuff,Spaghetti (carton of 12 packs),4.673684210526316,0.04736842105263158,3,3,3,333,15.231878879870893,3,"Potential Loyal (Moderate F, Moderate M)"
3160,3,389,9110074.0,1454.0,8,Foodstuff,Beef (1kg),3.7377892030848328,0.02056555269922879,4,4,4,444,16.024891501913558,3,"Potential Loyal (Moderate F, Moderate M)"
3161,3,289,6573594.0,1068.0,11,Foodstuff,Frozen Titus Fish (1kg),3.6955017301038064,0.03806228373702422,4,4,4,444,15.698571424980596,3,"Potential Loyal (Moderate F, Moderate M)"
3162,9,249,4926157.0,848.0,8,Foodstuff,Indomie (carton of 24 packs),3.4056224899598395,0.0321285140562249,2,3,3,233,15.410069931853881,3,"Potential Loyal (Moderate F, Moderate M)"
3163,6,151,2995973.0,558.0,4,Foodstuff,Frozen Titus Fish (1kg),3.6953642384105962,0.026490066225165563,3,3,2,332,14.91277994534394,3,"Potential Loyal (Moderate F, Moderate M)"
3164,1,553,11606352.0,1768.0,11,Foodstuff,Onions (1kg),3.1971066907775767,0.019891500904159132,5,5,5,555,16.267063178572585,0,"New & Infrequent (Low R, Low F, Low M)"
3165,8,160,3794539.0,555.0,6,Foodstuff,Indomie (carton of 24 packs),3.46875,0.0375,2,3,3,233,15.149073749343872,3,"Potential Loyal (Moderate F, Moderate M)"
3166,1,868,19497571.0,3488.0,33,Foodstuff,Spaghetti (carton of 12 packs),4.018433179723503,0.038018433179723504,5,5,5,555,16.7858005029611,0,"New & Infrequent (Low R, Low F, Low M)"
3167,3,324,7757717.0,1309.0,10,Foodstuff,Baby Formula (400g),4.040123456790123,0.030864197530864196,4,4,4,444,15.864198776746756,3,"Potential Loyal (Moderate F, Moderate M)"
3168,8,46,820936.0,160.0,1,Foodstuff,Cowbell Vitarich Cream (12g sachet),3.4782608695652173,0.021739130434782608,2,1,1,211,13.618201649802046,1,"Loyal (High F, High M)"
3169,5,352,6934941.0,1512.0,11,Foodstuff,Baby Wipes,4.295454545454546,0.03125,3,4,4,344,15.752083248321908,3,"Potential Loyal (Moderate F, Moderate M)"
3170,1,110,1485923.0,337.0,3,Foodstuff,Frozen Chicken Laps,3.0636363636363635,0.02727272727272727,5,2,2,522,14.211547358941175,1,"Loyal (High F, High M)"
3171,3,366,7503901.0,1131.0,6,Foodstuff,Indomie (carton of 24 packs),3.0901639344262297,0.01639344262295082,4,4,4,444,15.830933709881426,3,"Potential Loyal (Moderate F, Moderate M)"
3172,3,44,1488216.0,122.0,0,Foodstuff,Cowbell Vitarich Cream (12g sachet),2.772727272727273,0.0,4,1,2,412,14.21308931707586,1,"Loyal (High F, High M)"
3173,64,58,1282370.0,247.0,2,Foodstuff,Indomie (carton of 24 packs),4.258620689655173,0.034482758620689655,1,1,1,111,14.06422126617275,2,"At Risk (High R, Low F)"
3174,1,503,12294170.0,2157.0,15,Foodstuff,Spaghetti (carton of 12 packs),4.288270377733598,0.02982107355864811,5,5,5,555,16.32463580557637,0,"New & Infrequent (Low R, Low F, Low M)"
3175,1,68,1232466.0,193.0,0,Foodstuff,Beans (paint bucket),2.838235294117647,0.0,5,2,1,521,14.024528409692659,1,"Loyal (High F, High M)"
3176,2,508,9530784.0,1751.0,9,Foodstuff,Domestic Beer (0.5L bottle),3.4468503937007875,0.017716535433070866,4,5,4,454,16.070037643696594,0,"New & Infrequent (Low R, Low F, Low M)"
3177,10,108,2808704.0,505.0,4,Foodstuff,Eggs (crate of 30),4.675925925925926,0.037037037037037035,2,2,2,222,14.848234080991517,1,"Loyal (High F, High M)"
3178,4,342,7500022.0,1106.0,9,Foodstuff,Spaghetti (carton of 12 packs),3.2339181286549707,0.02631578947368421,3,4,4,344,15.830416645168503,3,"Potential Loyal (Moderate F, Moderate M)"
3179,1,323,6319890.0,1342.0,14,Foodstuff,Beans (paint bucket),4.154798761609907,0.043343653250773995,5,4,4,544,15.659212519138869,3,"Potential Loyal (Moderate F, Moderate M)"
3180,4,236,4447978.0,743.0,8,Foodstuff,Spaghetti (carton of 12 packs),3.1483050847457625,0.03389830508474576,3,3,3,333,15.307960393678389,3,"Potential Loyal (Moderate F, Moderate M)"
3181,11,115,2127878.0,308.0,1,Foodstuff,Coca-Cola (2L bottle),2.6782608695652175,0.008695652173913044,2,2,2,222,14.570636266924774,1,"Loyal (High F, High M)"
3182,9,67,1854260.0,431.0,4,Foodstuff,Eggs (crate of 30),6.432835820895522,0.05970149253731343,2,2,2,222,14.432996791898857,1,"Loyal (High F, High M)"
3183,23,49,579612.0,163.0,1,Foodstuff,Coca-Cola (2L bottle),3.326530612244898,0.02040816326530612,1,1,1,111,13.270115918438693,1,"Loyal (High F, High M)"
3184,23,118,2738250.0,444.0,2,Foodstuff,Spaghetti (carton of 12 packs),3.76271186440678,0.01694915254237288,1,2,2,122,14.822829953382676,1,"Loyal (High F, High M)"
3185,1,323,6098671.0,1227.0,10,Foodstuff,Spaghetti (carton of 12 packs),3.7987616099071206,0.030959752321981424,5,4,4,544,15.623581600524352,3,"Potential Loyal (Moderate F, Moderate M)"
3186,4,860,16989619.0,3153.0,22,Foodstuff,Indomie (carton of 24 packs),3.666279069767442,0.02558139534883721,3,5,5,355,16.648113127300284,0,"New & Infrequent (Low R, Low F, Low M)"
3187,1,536,11655571.0,2280.0,24,Foodstuff,Indomie (carton of 24 packs),4.253731343283582,0.04477611940298507,5,5,5,555,16.271294906896802,0,"New & Infrequent (Low R, Low F, Low M)"
3188,10,441,8860620.0,1545.0,8,Foodstuff,Spaghetti (carton of 12 packs),3.503401360544218,0.018140589569160998,2,4,4,244,15.997127410418507,3,"Potential Loyal (Moderate F, Moderate M)"
3189,6,429,9223178.0,1745.0,14,Foodstuff,Onions (1kg),4.067599067599067,0.03263403263403263,3,4,4,344,16.037230330031257,3,"Potential Loyal (Moderate F, Moderate M)"
3190,6,294,8134825.0,1164.0,9,Foodstuff,Spaghetti (carton of 12 packs),3.9591836734693877,0.030612244897959183,3,4,4,344,15.911664909346907,3,"Potential Loyal (Moderate F, Moderate M)"
3191,23,48,1429621.0,145.0,1,Foodstuff,Garri (paint bucket),3.0208333333333335,0.020833333333333332,1,1,1,111,14.172920631628925,1,"Loyal (High F, High M)"
3192,5,665,14789205.0,2525.0,16,Foodstuff,Golden Morn (45g sachet),3.7969924812030076,0.02406015037593985,3,5,5,355,16.50940814832365,0,"New & Infrequent (Low R, Low F, Low M)"
3193,2,298,6220836.0,1283.0,10,Foodstuff,Indomie (carton of 24 packs),4.305369127516778,0.03355704697986577,4,4,4,444,15.64341502157858,3,"Potential Loyal (Moderate F, Moderate M)"
3194,7,234,5663524.0,957.0,8,Foodstuff,Frozen Chicken (1kg),4.089743589743589,0.03418803418803419,2,3,3,233,15.549557047844646,3,"Potential Loyal (Moderate F, Moderate M)"
3195,33,35,410321.0,108.0,1,Foodstuff,Baby Formula (400g),3.085714285714286,0.02857142857142857,1,1,1,111,12.924697496295764,1,"Loyal (High F, High M)"
3196,10,164,4012680.0,604.0,3,Foodstuff,Tomatoes (1kg),3.682926829268293,0.018292682926829267,2,3,3,233,15.204970154437294,3,"Potential Loyal (Moderate F, Moderate M)"
3197,2,185,4661349.0,817.0,6,Foodstuff,Beef (1kg),4.416216216216216,0.032432432432432434,4,3,3,433,15.354815663717826,3,"Potential Loyal (Moderate F, Moderate M)"
3198,1,548,10752916.0,2319.0,25,Foodstuff,Indomie (carton of 24 packs),4.231751824817518,0.04562043795620438,5,5,4,554,16.190687624566717,0,"New & Infrequent (Low R, Low F, Low M)"
3199,2,256,4646263.0,772.0,4,Foodstuff,Indomie (carton of 24 packs),3.015625,0.015625,4,3,3,433,15.351574013771733,3,"Potential Loyal (Moderate F, Moderate M)"
3200,3,133,2874847.0,703.0,7,Foodstuff,Maggi Star Cube (4g x 20s),5.285714285714286,0.05263157894736842,4,2,2,422,14.871510361250726,3,"Potential Loyal (Moderate F, Moderate M)"
3201,1,876,19426207.0,3082.0,23,Foodstuff,Rice (50kg bag),3.5182648401826486,0.026255707762557076,5,5,5,555,16.782133640186586,0,"New & Infrequent (Low R, Low F, Low M)"
3202,11,47,1089390.0,143.0,2,Beverages,Baby Formula (400g),3.0425531914893615,0.0425531914893617,2,1,1,211,13.901129382469277,1,"Loyal (High F, High M)"
3203,6,143,2873296.0,634.0,6,Foodstuff,Beef (1kg),4.433566433566433,0.04195804195804196,3,2,2,322,14.870970708880217,1,"Loyal (High F, High M)"
3204,35,32,770075.0,111.0,1,Foodstuff,Baby Formula (400g),3.46875,0.03125,1,1,1,111,13.554244490257915,1,"Loyal (High F, High M)"
3205,6,431,8662825.0,1468.0,7,Foodstuff,Indomie (carton of 24 packs),3.406032482598608,0.016241299303944315,3,4,4,344,15.974551555249807,3,"Potential Loyal (Moderate F, Moderate M)"
3206,2,733,14981647.0,2939.0,22,Foodstuff,Indomie (carton of 24 packs),4.009549795361528,0.030013642564802184,4,5,5,455,16.522336543353457,0,"New & Infrequent (Low R, Low F, Low M)"
3207,7,143,2530187.0,477.0,5,Foodstuff,Tomatoes (1kg),3.335664335664336,0.03496503496503497,2,2,2,222,14.743804166243374,1,"Loyal (High F, High M)"
3208,1,616,14186655.0,2493.0,20,Foodstuff,Eggs (crate of 30),4.047077922077922,0.032467532467532464,5,5,5,555,16.46781236244957,0,"New & Infrequent (Low R, Low F, Low M)"
3209,4,87,1343036.0,552.0,6,Foodstuff,Indomie (carton of 24 packs),6.344827586206897,0.06896551724137931,3,2,1,321,14.110444025386483,1,"Loyal (High F, High M)"
3210,2,723,16844696.0,2917.0,17,Foodstuff,Garri (paint bucket),4.0345781466113415,0.02351313969571231,4,5,5,455,16.63954644712762,0,"New & Infrequent (Low R, Low F, Low M)"
3211,2,361,6397941.0,1304.0,10,Foodstuff,Indomie (carton of 24 packs),3.6121883656509697,0.027700831024930747,4,4,4,444,15.671486934117594,3,"Potential Loyal (Moderate F, Moderate M)"
3212,4,493,9428166.0,1799.0,12,Foodstuff,Frozen Titus Fish (1kg),3.6490872210953347,0.02434077079107505,3,5,4,354,16.05921225607602,0,"New & Infrequent (Low R, Low F, Low M)"
3213,5,46,838629.0,126.0,0,Foodstuff,Garri (paint bucket),2.739130434782609,0.0,3,1,1,311,13.639524886987823,1,"Loyal (High F, High M)"
3214,4,833,16836550.0,2945.0,20,Foodstuff,Spaghetti (carton of 12 packs),3.5354141656662663,0.024009603841536616,3,5,5,355,16.63906273582578,0,"New & Infrequent (Low R, Low F, Low M)"
3215,1,331,8604381.0,1476.0,10,Foodstuff,Indomie (carton of 24 packs),4.459214501510574,0.030211480362537766,5,4,4,544,15.967782166338637,3,"Potential Loyal (Moderate F, Moderate M)"
3216,13,113,1886453.0,367.0,4,Foodstuff,Beans (paint bucket),3.247787610619469,0.035398230088495575,2,2,2,222,14.450209434309727,1,"Loyal (High F, High M)"
3217,3,594,12873770.0,2182.0,17,Foodstuff,Beans (paint bucket),3.6734006734006734,0.02861952861952862,4,5,5,455,16.370702543647152,0,"New & Infrequent (Low R, Low F, Low M)"
3218,6,94,2681946.0,477.0,3,Foodstuff,Eggs (crate of 30),5.074468085106383,0.031914893617021274,3,2,2,322,14.802053581256391,1,"Loyal (High F, High M)"
3219,1,555,11908901.0,2337.0,29,Foodstuff,Indomie (carton of 24 packs),4.210810810810811,0.05225225225225225,5,5,5,555,16.292796745645823,0,"New & Infrequent (Low R, Low F, Low M)"
3220,32,32,328318.0,99.0,2,Foodstuff,Frozen Mackerel (1kg),3.09375,0.0625,1,1,1,111,12.701740975710882,1,"Loyal (High F, High M)"
3221,6,385,8157668.0,1397.0,10,Foodstuff,Indomie (carton of 24 packs),3.6285714285714286,0.025974025974025976,3,4,4,344,15.91446902436649,3,"Potential Loyal (Moderate F, Moderate M)"
3222,8,200,5497415.0,774.0,4,Foodstuff,Indomie (carton of 24 packs),3.87,0.02,2,3,3,233,15.51978872162174,3,"Potential Loyal (Moderate F, Moderate M)"
3223,79,28,611426.0,77.0,0,Beverages,Spaghetti (carton of 12 packs),2.75,0.0,1,1,1,111,13.323550848405906,2,"At Risk (High R, Low F)"
3224,3,84,1323418.0,323.0,2,Foodstuff,Beef (1kg),3.8452380952380953,0.023809523809523808,4,2,1,421,14.095729097416383,1,"Loyal (High F, High M)"
3225,27,46,1718027.0,136.0,1,Beverages,Milk (1 litre),2.9565217391304346,0.021739130434782608,1,1,2,112,14.356687679414481,1,"Loyal (High F, High M)"
3226,3,203,3804440.0,991.0,7,Foodstuff,Baby Wipes,4.8817733990147785,0.034482758620689655,4,3,3,433,15.151679626527354,3,"Potential Loyal (Moderate F, Moderate M)"
3227,2,116,1654377.0,340.0,3,Foodstuff,Onions (1kg),2.9310344827586206,0.02586206896551724,4,2,2,422,14.31893566533549,1,"Loyal (High F, High M)"
3228,14,239,7553947.0,1023.0,5,Foodstuff,Eggs (crate of 30),4.2803347280334725,0.02092050209205021,2,3,4,234,15.837580898460658,3,"Potential Loyal (Moderate F, Moderate M)"
3229,14,97,2280686.0,357.0,2,Foodstuff,Domestic Beer (0.5L bottle),3.6804123711340204,0.020618556701030927,2,2,2,222,14.639987271333611,1,"Loyal (High F, High M)"
3230,6,107,1974799.0,430.0,2,Foodstuff,Onions (1kg),4.018691588785047,0.018691588785046728,3,2,2,322,14.495977685366844,1,"Loyal (High F, High M)"
3231,8,407,9397273.0,1558.0,10,Foodstuff,Spaghetti (carton of 12 packs),3.828009828009828,0.02457002457002457,2,4,4,244,16.0559302051821,3,"Potential Loyal (Moderate F, Moderate M)"
3232,4,48,543289.0,150.0,2,Beverages,Laundry Detergent (3L),3.125,0.041666666666666664,3,1,1,311,13.205398526333042,1,"Loyal (High F, High M)"
3233,1,701,14993345.0,3466.0,28,Foodstuff,Spaghetti (carton of 12 packs),4.944365192582025,0.039942938659058486,5,5,5,555,16.523117060646896,0,"New & Infrequent (Low R, Low F, Low M)"
3234,3,592,12848585.0,2293.0,19,Foodstuff,Spaghetti (carton of 12 packs),3.873310810810811,0.03209459459459459,4,5,5,455,16.368744324340273,0,"New & Infrequent (Low R, Low F, Low M)"
3235,7,300,5212305.0,1113.0,8,Foodstuff,Coca-Cola (2L bottle),3.71,0.02666666666666667,2,4,3,243,15.466532926171158,3,"Potential Loyal (Moderate F, Moderate M)"
3236,2,261,6617954.0,1106.0,11,Foodstuff,Frozen Chicken (1kg),4.237547892720307,0.0421455938697318,4,3,4,434,15.705296967803225,3,"Potential Loyal (Moderate F, Moderate M)"
3237,3,559,11353214.0,2216.0,16,Foodstuff,Spaghetti (carton of 12 packs),3.964221824686941,0.028622540250447227,4,5,5,455,16.245011521693066,0,"New & Infrequent (Low R, Low F, Low M)"
3238,25,73,859109.0,221.0,2,Foodstuff,Rice (1kg),3.0273972602739727,0.0273972602739726,1,2,1,121,13.663652248646867,1,"Loyal (High F, High M)"
3239,41,33,694414.0,71.0,0,Beverages,Bread (500g loaf),2.1515151515151514,0.0,1,1,1,111,13.45082504347746,2,"At Risk (High R, Low F)"
3240,12,47,1460115.0,278.0,4,Foodstuff,Baby Diapers (bulk 92 pcs),5.914893617021277,0.0851063829787234,2,1,1,211,14.194026442583166,1,"Loyal (High F, High M)"
3241,1,475,10788903.0,1769.0,13,Foodstuff,Beans (paint bucket),3.7242105263157894,0.02736842105263158,5,4,4,544,16.194028756542274,0,"New & Infrequent (Low R, Low F, Low M)"
3242,35,32,758632.0,123.0,1,Foodstuff,Frozen Mackerel (1kg),3.84375,0.03125,1,1,1,111,13.539273408477182,1,"Loyal (High F, High M)"
3243,1,280,6904589.0,1092.0,9,Foodstuff,Eggs (crate of 30),3.9,0.03214285714285714,5,4,4,544,15.747696965799777,3,"Potential Loyal (Moderate F, Moderate M)"
3244,1,811,16722803.0,2959.0,14,Foodstuff,Indomie (carton of 24 packs),3.648581997533909,0.01726263871763255,5,5,5,555,16.632283854909478,0,"New & Infrequent (Low R, Low F, Low M)"
3245,1,597,14791653.0,2618.0,27,Foodstuff,Spaghetti (carton of 12 packs),4.385259631490787,0.04522613065326633,5,5,5,555,16.50957366075335,0,"New & Infrequent (Low R, Low F, Low M)"
3246,1,184,4149373.0,827.0,5,Foodstuff,Eggs (crate of 30),4.494565217391305,0.02717391304347826,5,3,3,533,15.238468037455382,3,"Potential Loyal (Moderate F, Moderate M)"
3247,77,34,520159.0,164.0,1,Foodstuff,Frozen Titus Fish (1kg),4.823529411764706,0.029411764705882353,1,1,1,111,13.161891735537733,2,"At Risk (High R, Low F)"
3248,1,492,11216829.0,1738.0,9,Foodstuff,Spaghetti (carton of 12 packs),3.532520325203252,0.018292682926829267,5,5,5,555,16.232925886945072,0,"New & Infrequent (Low R, Low F, Low M)"
3249,6,256,5683978.0,990.0,11,Foodstuff,Indomie (carton of 24 packs),3.8671875,0.04296875,3,3,3,333,15.553162073611022,3,"Potential Loyal (Moderate F, Moderate M)"
3250,8,42,1303943.0,284.0,2,Foodstuff,Coca-Cola (2L bottle),6.761904761904762,0.047619047619047616,2,1,1,211,14.080904075761305,1,"Loyal (High F, High M)"
3251,3,58,1273396.0,167.0,3,Foodstuff,Garri (paint bucket),2.8793103448275863,0.05172413793103448,4,1,1,411,14.05719869066469,1,"Loyal (High F, High M)"
3252,1,757,15641051.0,3477.0,30,Foodstuff,Frozen Chicken Laps,4.593130779392339,0.03963011889035667,5,5,5,555,16.565409554246465,0,"New & Infrequent (Low R, Low F, Low M)"
3253,10,341,7698641.0,1246.0,6,Foodstuff,Eggs (crate of 30),3.653958944281525,0.017595307917888565,2,4,4,244,15.856554507633653,3,"Potential Loyal (Moderate F, Moderate M)"
3254,6,615,13450763.0,2038.0,15,Foodstuff,Yam (medium tuber),3.3138211382113822,0.024390243902439025,3,5,5,355,16.414546465372872,0,"New & Infrequent (Low R, Low F, Low M)"
3255,2,661,13795371.0,2515.0,19,Foodstuff,Indomie (carton of 24 packs),3.804841149773071,0.028744326777609682,4,5,5,455,16.439843731562075,0,"New & Infrequent (Low R, Low F, Low M)"
3256,4,254,5109605.0,980.0,9,Foodstuff,Beef (1kg),3.858267716535433,0.03543307086614173,3,3,3,333,15.446632855489042,3,"Potential Loyal (Moderate F, Moderate M)"
3257,2,272,4577551.0,941.0,8,Foodstuff,Onions (1kg),3.4595588235294117,0.029411764705882353,4,3,3,433,15.336674915378895,3,"Potential Loyal (Moderate F, Moderate M)"
3258,12,208,4668058.0,1265.0,13,Foodstuff,Spaghetti (carton of 12 packs),6.081730769230769,0.0625,2,3,3,233,15.356253911554639,3,"Potential Loyal (Moderate F, Moderate M)"
3259,18,102,2071229.0,312.0,1,Foodstuff,Frozen Mackerel (1kg),3.0588235294117645,0.00980392156862745,1,2,2,122,14.543653191671462,1,"Loyal (High F, High M)"
3260,3,199,4466028.0,814.0,6,Foodstuff,Rice (50kg bag),4.090452261306533,0.03015075376884422,4,3,3,433,15.31201020486765,3,"Potential Loyal (Moderate F, Moderate M)"
3261,1,426,8213339.0,1352.0,9,Foodstuff,Spaghetti (carton of 12 packs),3.1737089201877935,0.02112676056338028,5,4,4,544,15.921270219649466,3,"Potential Loyal (Moderate F, Moderate M)"
3262,23,229,3905945.0,785.0,8,Foodstuff,Rice (50kg bag),3.427947598253275,0.034934497816593885,1,3,3,133,15.178010565438404,3,"Potential Loyal (Moderate F, Moderate M)"
3263,1,644,14010790.0,2620.0,17,Foodstuff,Beef (1kg),4.068322981366459,0.026397515527950312,5,5,5,555,16.455338376391065,0,"New & Infrequent (Low R, Low F, Low M)"
3264,6,170,3814688.0,785.0,5,Foodstuff,Red Table Wine (good quality),4.617647058823529,0.029411764705882353,3,3,3,333,15.154369699063185,3,"Potential Loyal (Moderate F, Moderate M)"
3265,9,302,5703471.0,1047.0,6,Foodstuff,Milk (1 litre),3.466887417218543,0.019867549668874173,2,4,3,243,15.556585670171799,3,"Potential Loyal (Moderate F, Moderate M)"
3266,4,274,5660659.0,1119.0,9,Foodstuff,Screen Protector,4.083941605839416,0.032846715328467155,3,4,3,343,15.54905105115506,3,"Potential Loyal (Moderate F, Moderate M)"
3267,11,251,5697641.0,1170.0,8,Foodstuff,Beef (1kg),4.661354581673307,0.03187250996015936,2,3,3,233,15.555562963003334,3,"Potential Loyal (Moderate F, Moderate M)"
3268,1,414,8860210.0,1736.0,16,Foodstuff,Frozen Titus Fish (1kg),4.193236714975845,0.03864734299516908,5,4,4,544,15.997081137196114,3,"Potential Loyal (Moderate F, Moderate M)"
3269,32,102,1681357.0,303.0,2,Foodstuff,Frozen Mackerel (1kg),2.9705882352941178,0.0196078431372549,1,2,2,122,14.335112358187335,1,"Loyal (High F, High M)"
3270,4,174,4805478.0,645.0,6,Foodstuff,Indomie (carton of 24 packs),3.706896551724138,0.034482758620689655,3,3,3,333,15.385267283243211,3,"Potential Loyal (Moderate F, Moderate M)"
3271,69,63,1066561.0,200.0,1,Foodstuff,Domestic Beer (0.5L bottle),3.1746031746031744,0.015873015873015872,1,1,1,111,13.879950949287272,2,"At Risk (High R, Low F)"
3272,2,149,2343352.0,430.0,3,Foodstuff,Jeans,2.8859060402684564,0.020134228187919462,4,2,2,422,14.66709336768665,1,"Loyal (High F, High M)"
3273,5,158,3279708.0,822.0,11,Foodstuff,Garri (paint bucket),5.2025316455696204,0.06962025316455696,3,3,2,332,15.003265256912323,3,"Potential Loyal (Moderate F, Moderate M)"
3274,9,269,4764480.0,907.0,4,Foodstuff,Garri (paint bucket),3.3717472118959106,0.01486988847583643,2,3,3,233,15.376699169935794,3,"Potential Loyal (Moderate F, Moderate M)"
3275,5,793,17767216.0,2734.0,13,Foodstuff,Beans (paint bucket),3.4476670870113493,0.01639344262295082,3,5,5,355,16.692865575597985,0,"New & Infrequent (Low R, Low F, Low M)"
3276,11,251,5882689.0,880.0,5,Foodstuff,Indomie (carton of 24 packs),3.50597609561753,0.0199203187250996,2,3,3,233,15.587524698254567,3,"Potential Loyal (Moderate F, Moderate M)"
3277,7,339,8328548.0,1249.0,14,Foodstuff,Spaghetti (carton of 12 packs),3.6843657817109143,0.04129793510324484,2,4,4,244,15.935199809294371,3,"Potential Loyal (Moderate F, Moderate M)"
3278,4,241,4453486.0,965.0,11,Foodstuff,Eggs (crate of 30),4.004149377593361,0.04564315352697095,3,3,3,333,15.30919794279737,3,"Potential Loyal (Moderate F, Moderate M)"
3279,2,230,4035777.0,731.0,7,Foodstuff,Frozen Chicken (1kg),3.1782608695652175,0.030434782608695653,4,3,3,433,15.210709653987408,3,"Potential Loyal (Moderate F, Moderate M)"
3280,31,68,1215176.0,229.0,1,Foodstuff,Onions (1kg),3.3676470588235294,0.014705882352941176,1,2,1,121,14.010400303158974,1,"Loyal (High F, High M)"
3281,28,71,2499469.0,340.0,4,Foodstuff,Indomie (carton of 24 packs),4.788732394366197,0.056338028169014086,1,2,2,122,14.731589267363253,1,"Loyal (High F, High M)"
3282,18,117,2752342.0,420.0,3,Foodstuff,Rice (50kg bag),3.58974358974359,0.02564102564102564,1,2,2,122,14.82796310689678,1,"Loyal (High F, High M)"
3283,1,221,3896166.0,702.0,6,Foodstuff,Garri (paint bucket),3.176470588235294,0.027149321266968326,5,3,3,533,15.175503807302293,3,"Potential Loyal (Moderate F, Moderate M)"
3284,1,64,1627489.0,388.0,4,Foodstuff,Milk (1 litre),6.0625,0.0625,5,2,2,522,14.302549508652744,1,"Loyal (High F, High M)"
3285,33,35,692462.0,91.0,0,Foodstuff,Bar Soap,2.6,0.0,1,1,1,111,13.44801008601333,1,"Loyal (High F, High M)"
3286,10,85,1587729.0,318.0,2,Foodstuff,Cowbell Vitarich Cream (12g sachet),3.7411764705882353,0.023529411764705882,2,2,2,222,14.277815881144381,1,"Loyal (High F, High M)"
3287,5,956,20966527.0,3865.0,32,Foodstuff,Spaghetti (carton of 12 packs),4.042887029288703,0.03347280334728033,3,5,5,355,16.858437819308193,0,"New & Infrequent (Low R, Low F, Low M)"
3288,12,141,2686146.0,380.0,3,Foodstuff,Rice (1kg),2.6950354609929077,0.02127659574468085,2,2,2,222,14.803618382788187,1,"Loyal (High F, High M)"
3289,5,188,3125312.0,609.0,7,Foodstuff,Indomie (carton of 24 packs),3.2393617021276597,0.03723404255319149,3,3,2,332,14.95504499613696,3,"Potential Loyal (Moderate F, Moderate M)"
3290,17,56,739930.0,159.0,1,Foodstuff,Frozen Chicken Laps,2.8392857142857144,0.017857142857142856,1,1,1,111,13.514312217589687,1,"Loyal (High F, High M)"
3291,5,289,5810688.0,1251.0,12,Foodstuff,Spaghetti (carton of 12 packs),4.328719723183391,0.04152249134948097,3,4,3,343,15.575209710437292,3,"Potential Loyal (Moderate F, Moderate M)"
3292,1,111,3383612.0,365.0,2,Foodstuff,Rice (1kg),3.2882882882882885,0.018018018018018018,5,2,2,522,15.034454631466325,3,"Potential Loyal (Moderate F, Moderate M)"
3293,21,69,1692161.0,215.0,1,Foodstuff,Yam (medium tuber),3.1159420289855073,0.014492753623188406,1,2,2,122,14.341517559245927,1,"Loyal (High F, High M)"
3294,19,188,4485614.0,949.0,9,Foodstuff,Beef (1kg),5.047872340425532,0.047872340425531915,1,3,3,133,15.316386167820252,3,"Potential Loyal (Moderate F, Moderate M)"
3295,20,60,1610926.0,222.0,0,Foodstuff,Garri (paint bucket),3.7,0.0,1,1,2,112,14.29232034766253,1,"Loyal (High F, High M)"
3296,51,31,980681.0,138.0,1,Foodstuff,Domestic Beer (0.5L bottle),4.451612903225806,0.03225806451612903,1,1,1,111,13.7960035269752,2,"At Risk (High R, Low F)"
3297,28,93,1997235.0,412.0,4,Foodstuff,Rice (1kg),4.43010752688172,0.043010752688172046,1,2,2,122,14.507274782681469,1,"Loyal (High F, High M)"
3298,112,53,1169340.0,181.0,1,Foodstuff,Cowbell Vitarich Cream (12g sachet),3.4150943396226414,0.018867924528301886,1,1,1,111,13.971950900227025,2,"At Risk (High R, Low F)"
3299,70,38,1003149.0,122.0,0,Foodstuff,Baby Formula (400g),3.210526315789474,0.0,1,1,1,111,13.818655607108347,2,"At Risk (High R, Low F)"
3300,8,132,3063378.0,553.0,5,Foodstuff,Frozen Mackerel (1kg),4.1893939393939394,0.03787878787878788,2,2,2,222,14.935029113060805,1,"Loyal (High F, High M)"
3301,2,501,10088390.0,1975.0,19,Foodstuff,Indomie (carton of 24 packs),3.942115768463074,0.03792415169660679,4,5,4,454,16.126895914797277,0,"New & Infrequent (Low R, Low F, Low M)"
3302,4,245,6053463.0,1033.0,8,Foodstuff,Beans (paint bucket),4.216326530612245,0.0326530612244898,3,3,4,334,15.616141228139423,3,"Potential Loyal (Moderate F, Moderate M)"
3303,1,210,5816122.0,808.0,6,Foodstuff,Rice (50kg bag),3.8476190476190477,0.02857142857142857,5,3,3,533,15.576144446527573,3,"Potential Loyal (Moderate F, Moderate M)"
3304,4,94,2805330.0,385.0,2,Foodstuff,Coca-Cola (2L bottle),4.095744680851064,0.02127659574468085,3,2,2,322,14.847032093542124,1,"Loyal (High F, High M)"
3305,1,748,15845906.0,2677.0,19,Foodstuff,Spaghetti (carton of 12 packs),3.578877005347594,0.02540106951871658,5,5,5,555,16.578421791501082,0,"New & Infrequent (Low R, Low F, Low M)"
3306,4,195,4559460.0,911.0,5,Foodstuff,Yam (medium tuber),4.671794871794872,0.02564102564102564,3,3,3,333,15.332714972749805,3,"Potential Loyal (Moderate F, Moderate M)"
3307,13,48,1284280.0,133.0,1,Foodstuff,Garri (paint bucket),2.7708333333333335,0.020833333333333332,2,1,1,211,14.06570958664048,1,"Loyal (High F, High M)"
3308,2,272,6474923.0,1004.0,6,Foodstuff,Baby Formula (400g),3.6911764705882355,0.022058823529411766,4,3,4,434,15.683447428029254,3,"Potential Loyal (Moderate F, Moderate M)"
3309,45,68,1310553.0,361.0,3,Foodstuff,Domestic Beer (0.5L bottle),5.3088235294117645,0.04411764705882353,1,2,1,121,14.085960506543369,2,"At Risk (High R, Low F)"
3310,3,110,3024296.0,359.0,2,Foodstuff,Red Table Wine (good quality),3.2636363636363637,0.01818181818181818,4,2,2,422,14.922189225744567,3,"Potential Loyal (Moderate F, Moderate M)"
3311,8,206,3839335.0,927.0,9,Foodstuff,Garri (paint bucket),4.5,0.043689320388349516,2,3,3,233,15.160809992945433,3,"Potential Loyal (Moderate F, Moderate M)"
3312,3,596,14515420.0,2408.0,22,Foodstuff,Indomie (carton of 24 packs),4.040268456375839,0.03691275167785235,4,5,5,455,16.49072215949837,0,"New & Infrequent (Low R, Low F, Low M)"
3313,2,211,5443098.0,857.0,4,Foodstuff,Indomie (carton of 24 packs),4.061611374407583,0.018957345971563982,4,3,3,433,15.509859125749918,3,"Potential Loyal (Moderate F, Moderate M)"
3314,1,352,8113268.0,1614.0,15,Foodstuff,Indomie (carton of 24 packs),4.5852272727272725,0.04261363636363636,5,4,4,544,15.909011427489679,3,"Potential Loyal (Moderate F, Moderate M)"
3315,1,980,22562232.0,4342.0,40,Foodstuff,Spaghetti (carton of 12 packs),4.430612244897959,0.04081632653061224,5,5,5,555,16.93178796019234,0,"New & Infrequent (Low R, Low F, Low M)"
3316,39,30,890439.0,120.0,2,Foodstuff,Rice (50kg bag),4.0,0.06666666666666667,1,1,1,111,13.699471001564266,2,"At Risk (High R, Low F)"
3317,1,83,1324245.0,289.0,2,Foodstuff,Frozen Mackerel (1kg),3.4819277108433737,0.024096385542168676,5,2,1,521,14.096353798824525,1,"Loyal (High F, High M)"
3318,3,154,4099129.0,647.0,8,Foodstuff,Spaghetti (carton of 12 packs),4.201298701298701,0.05194805194805195,4,3,3,433,15.226285314036014,3,"Potential Loyal (Moderate F, Moderate M)"
3319,15,195,4643913.0,766.0,8,Foodstuff,Indomie (carton of 24 packs),3.928205128205128,0.041025641025641026,2,3,3,233,15.351068103109931,3,"Potential Loyal (Moderate F, Moderate M)"
3320,4,150,2804420.0,477.0,4,Foodstuff,Indomie (carton of 24 packs),3.18,0.02666666666666667,3,2,2,322,14.84670765851969,3,"Potential Loyal (Moderate F, Moderate M)"
3321,10,733,14428153.0,2599.0,16,Foodstuff,Indomie (carton of 24 packs),3.5457025920873124,0.021828103683492497,2,5,5,255,16.484691994638652,0,"New & Infrequent (Low R, Low F, Low M)"
3322,1,384,6222070.0,1212.0,8,Foodstuff,Beans (paint bucket),3.15625,0.020833333333333332,5,4,4,544,15.643613367496439,3,"Potential Loyal (Moderate F, Moderate M)"
3323,1,258,5658103.0,1057.0,5,Foodstuff,Coca-Cola (2L bottle),4.096899224806202,0.01937984496124031,5,3,3,533,15.548599411728096,3,"Potential Loyal (Moderate F, Moderate M)"
3324,13,88,2103582.0,463.0,4,Foodstuff,Phone Case,5.261363636363637,0.045454545454545456,2,2,2,222,14.559152639280377,1,"Loyal (High F, High M)"
3325,2,452,11856342.0,1632.0,15,Foodstuff,Rice (50kg bag),3.6106194690265485,0.033185840707964605,4,4,5,445,16.288373556598852,0,"New & Infrequent (Low R, Low F, Low M)"
3326,3,971,21803997.0,3743.0,26,Foodstuff,Indomie (carton of 24 packs),3.854788877445932,0.026776519052523172,4,5,5,455,16.897603905440015,0,"New & Infrequent (Low R, Low F, Low M)"
3327,6,573,12102989.0,2249.0,17,Foodstuff,Indomie (carton of 24 packs),3.924956369982548,0.029668411867364748,3,5,5,355,16.308963087478972,0,"New & Infrequent (Low R, Low F, Low M)"
3328,68,48,1505870.0,267.0,2,Foodstuff,Onions (1kg),5.5625,0.041666666666666664,1,1,2,112,14.224882026302655,2,"At Risk (High R, Low F)"
3329,1,398,9714409.0,1731.0,20,Foodstuff,Spaghetti (carton of 12 packs),4.349246231155779,0.05025125628140704,5,4,4,544,16.089120908120872,3,"Potential Loyal (Moderate F, Moderate M)"
3330,5,50,919750.0,155.0,1,Foodstuff,Yam (medium tuber),3.1,0.02,3,1,1,311,13.7318582602184,1,"Loyal (High F, High M)"
3331,8,99,2864513.0,396.0,2,Foodstuff,Baby Diapers (bulk 92 pcs),4.0,0.020202020202020204,2,2,2,222,14.867909260233732,1,"Loyal (High F, High M)"
3332,10,41,595783.0,129.0,1,Foodstuff,Frozen Chicken (1kg),3.1463414634146343,0.024390243902439025,2,1,1,211,13.297633464251515,1,"Loyal (High F, High M)"
3333,1,286,7532371.0,1020.0,4,Foodstuff,Frozen Mackerel (1kg),3.5664335664335662,0.013986013986013986,5,4,4,544,15.834720556812007,3,"Potential Loyal (Moderate F, Moderate M)"
3334,4,361,8557953.0,1299.0,8,Foodstuff,Tomatoes (1kg),3.598337950138504,0.0221606648199446,3,4,4,344,15.962371700856815,3,"Potential Loyal (Moderate F, Moderate M)"
3335,20,60,882906.0,148.0,0,Foodstuff,Cowbell Vitarich Cream (12g sachet),2.466666666666667,0.0,1,1,1,111,13.690975151275959,1,"Loyal (High F, High M)"
3336,15,131,3277897.0,498.0,5,Foodstuff,Frozen Titus Fish (1kg),3.801526717557252,0.03816793893129771,2,2,2,222,15.00271292126731,1,"Loyal (High F, High M)"
3337,24,172,4124297.0,834.0,6,Foodstuff,Baby Diapers (bulk 92 pcs),4.848837209302325,0.03488372093023256,1,3,3,133,15.232406381450168,1,"Loyal (High F, High M)"
3338,3,122,3798168.0,446.0,4,Beverages,Indomie (carton of 24 packs),3.6557377049180326,0.03278688524590164,4,2,3,423,15.150029666468141,3,"Potential Loyal (Moderate F, Moderate M)"
3339,36,64,1066194.0,165.0,1,Foodstuff,Frozen Chicken Laps,2.578125,0.015625,1,2,1,121,13.879606793808122,1,"Loyal (High F, High M)"
3340,15,157,3718358.0,575.0,4,Foodstuff,Spaghetti (carton of 12 packs),3.662420382165605,0.025477707006369428,2,3,3,233,15.128792999891036,3,"Potential Loyal (Moderate F, Moderate M)"
3341,1,402,9704511.0,1426.0,11,Foodstuff,Spaghetti (carton of 12 packs),3.5472636815920398,0.02736318407960199,5,4,4,544,16.088101489961904,3,"Potential Loyal (Moderate F, Moderate M)"
3342,15,45,1085512.0,236.0,3,Foodstuff,Indomie (carton of 24 packs),5.2444444444444445,0.06666666666666667,2,1,1,211,13.897563244276675,1,"Loyal (High F, High M)"
3343,36,28,633273.0,71.0,0,Foodstuff,Cowbell Vitarich Cream (12g sachet),2.5357142857142856,0.0,1,1,1,111,13.358658466869393,1,"Loyal (High F, High M)"
3344,13,171,3107271.0,582.0,8,Foodstuff,Spaghetti (carton of 12 packs),3.4035087719298245,0.04678362573099415,2,3,2,232,14.949255728798319,1,"Loyal (High F, High M)"
3345,2,758,17482372.0,3284.0,35,Foodstuff,Indomie (carton of 24 packs),4.332453825857519,0.04617414248021108,4,5,5,455,16.676703674126507,0,"New & Infrequent (Low R, Low F, Low M)"
3346,10,336,6315266.0,1055.0,7,Foodstuff,Onions (1kg),3.1398809523809526,0.020833333333333332,2,4,4,244,15.658480593157979,3,"Potential Loyal (Moderate F, Moderate M)"
3347,7,330,6832136.0,1496.0,13,Foodstuff,Onions (1kg),4.533333333333333,0.03939393939393939,2,4,4,244,15.737148066942698,3,"Potential Loyal (Moderate F, Moderate M)"
3348,13,138,3164956.0,455.0,2,Foodstuff,Baby Formula (400g),3.2971014492753623,0.014492753623188406,2,2,2,222,14.967650027370176,1,"Loyal (High F, High M)"
3349,3,289,5788853.0,988.0,8,Foodstuff,Coca-Cola (2L bottle),3.4186851211072664,0.02768166089965398,4,4,3,443,15.571444902497813,3,"Potential Loyal (Moderate F, Moderate M)"
3350,14,39,1578311.0,170.0,2,Foodstuff,Beef (1kg),4.358974358974359,0.05128205128205128,2,1,2,212,14.271866479475383,1,"Loyal (High F, High M)"
3351,5,351,7380176.0,1336.0,14,Foodstuff,Frozen Titus Fish (1kg),3.8062678062678064,0.039886039886039885,3,4,4,344,15.814308180028886,3,"Potential Loyal (Moderate F, Moderate M)"
3352,3,725,18041142.0,2900.0,22,Foodstuff,Spaghetti (carton of 12 packs),4.0,0.030344827586206897,4,5,5,455,16.708165429793414,0,"New & Infrequent (Low R, Low F, Low M)"
3353,1,297,4651695.0,1022.0,11,Foodstuff,Spaghetti (carton of 12 packs),3.441077441077441,0.037037037037037035,5,4,3,543,15.352742442248086,3,"Potential Loyal (Moderate F, Moderate M)"
3354,2,658,14983322.0,2600.0,15,Foodstuff,Eggs (crate of 30),3.951367781155015,0.022796352583586626,4,5,5,455,16.522448340558384,0,"New & Infrequent (Low R, Low F, Low M)"
3355,1,413,9248009.0,1635.0,6,Foodstuff,Eggs (crate of 30),3.9588377723970942,0.014527845036319613,5,4,4,544,16.03991895120859,3,"Potential Loyal (Moderate F, Moderate M)"
3356,57,67,2336287.0,243.0,2,Foodstuff,Beans (paint bucket),3.626865671641791,0.029850746268656716,1,2,2,122,14.664073903002187,2,"At Risk (High R, Low F)"
3357,3,642,14450696.0,2189.0,11,Foodstuff,Rice (1kg),3.4096573208722742,0.017133956386292833,4,5,5,455,16.486253206653547,0,"New & Infrequent (Low R, Low F, Low M)"
3358,4,49,1081125.0,157.0,2,Foodstuff,Beans (paint bucket),3.204081632653061,0.04081632653061224,3,1,1,311,13.893513648570808,1,"Loyal (High F, High M)"
3359,3,207,4590048.0,830.0,6,Foodstuff,Cowbell Vitarich Cream (12g sachet),4.009661835748792,0.028985507246376812,4,3,3,433,15.33940125736101,3,"Potential Loyal (Moderate F, Moderate M)"
3360,31,64,910466.0,191.0,0,Foodstuff,Domestic Beer (0.5L bottle),2.984375,0.0,1,2,1,121,13.7217129336709,1,"Loyal (High F, High M)"
3361,25,35,281759.0,116.0,1,Beverages,Cowbell Vitarich Cream (12g sachet),3.3142857142857145,0.02857142857142857,1,1,1,111,12.548810923730032,1,"Loyal (High F, High M)"
3362,6,181,3537791.0,601.0,1,Foodstuff,Beans (paint bucket),3.320441988950276,0.0055248618784530384,3,3,3,333,15.079013361696658,3,"Potential Loyal (Moderate F, Moderate M)"
3363,3,103,1171983.0,246.0,2,Foodstuff,Golden Morn (45g sachet),2.3883495145631066,0.019417475728155338,4,2,1,421,13.974208597148774,1,"Loyal (High F, High M)"
3364,3,180,4520808.0,688.0,6,Foodstuff,Coca-Cola (2L bottle),3.8222222222222224,0.03333333333333333,4,3,3,433,15.324201518093878,3,"Potential Loyal (Moderate F, Moderate M)"
3365,8,215,5257946.0,893.0,5,Foodstuff,Frozen Chicken (1kg),4.153488372093023,0.023255813953488372,2,3,3,233,15.47525120434288,3,"Potential Loyal (Moderate F, Moderate M)"
3366,75,41,459275.0,128.0,2,Foodstuff,Frozen Chicken Laps,3.1219512195121952,0.04878048780487805,1,1,1,111,13.037406615519496,2,"At Risk (High R, Low F)"
3367,8,51,677051.0,186.0,2,Foodstuff,Onions (1kg),3.6470588235294117,0.0392156862745098,2,1,1,211,13.425503358398188,1,"Loyal (High F, High M)"
3368,6,204,3496492.0,612.0,3,Foodstuff,Garri (paint bucket),3.0,0.014705882352941176,3,3,3,333,15.067271024122052,3,"Potential Loyal (Moderate F, Moderate M)"
3369,3,94,1750427.0,353.0,3,Foodstuff,Garri (paint bucket),3.75531914893617,0.031914893617021274,4,2,2,422,14.375370887425552,1,"Loyal (High F, High M)"
3370,3,396,9118205.0,1573.0,14,Foodstuff,Indomie (carton of 24 packs),3.9722222222222223,0.03535353535353535,4,4,4,444,16.025783632174146,3,"Potential Loyal (Moderate F, Moderate M)"
3371,3,389,7712569.0,1624.0,14,Foodstuff,Spaghetti (carton of 12 packs),4.174807197943445,0.03598971722365039,4,4,4,444,15.858362023329633,3,"Potential Loyal (Moderate F, Moderate M)"
3372,6,564,12829234.0,2411.0,26,Foodstuff,Spaghetti (carton of 12 packs),4.274822695035461,0.04609929078014184,3,5,5,355,16.367237108937275,0,"New & Infrequent (Low R, Low F, Low M)"
3373,3,378,8961252.0,1624.0,16,Foodstuff,Rice (50kg bag),4.296296296296297,0.042328042328042326,4,4,4,444,16.00842061892389,3,"Potential Loyal (Moderate F, Moderate M)"
3374,8,172,3657809.0,759.0,6,Foodstuff,Indomie (carton of 24 packs),4.412790697674419,0.03488372093023256,2,3,3,233,15.112375165632631,3,"Potential Loyal (Moderate F, Moderate M)"
3375,7,298,4468936.0,1453.0,14,Foodstuff,Indomie (carton of 24 packs),4.875838926174497,0.04697986577181208,2,4,3,243,15.312661130702775,3,"Potential Loyal (Moderate F, Moderate M)"
3376,3,70,1499557.0,273.0,2,Foodstuff,Beans (paint bucket),3.9,0.02857142857142857,4,2,2,422,14.220680955983019,1,"Loyal (High F, High M)"
3377,14,132,2886415.0,388.0,1,Foodstuff,Spaghetti (carton of 12 packs),2.9393939393939394,0.007575757575757576,2,2,2,222,14.875526152072329,1,"Loyal (High F, High M)"
3378,9,445,7997178.0,1649.0,12,Foodstuff,Eggs (crate of 30),3.7056179775280897,0.02696629213483146,2,4,4,244,15.894599412457294,3,"Potential Loyal (Moderate F, Moderate M)"
3379,2,166,3506796.0,959.0,10,Foodstuff,Beans (paint bucket),5.77710843373494,0.060240963855421686,4,3,3,433,15.070213643215421,3,"Potential Loyal (Moderate F, Moderate M)"
3380,1,496,9942573.0,1990.0,20,Foodstuff,Indomie (carton of 24 packs),4.012096774193548,0.04032258064516129,5,5,4,554,16.112336498832363,0,"New & Infrequent (Low R, Low F, Low M)"
3381,7,448,9446905.0,1795.0,15,Foodstuff,Frozen Chicken (1kg),4.006696428571429,0.033482142857142856,2,4,4,244,16.061197838453012,3,"Potential Loyal (Moderate F, Moderate M)"
3382,5,521,11969515.0,2143.0,15,Foodstuff,Beans (paint bucket),4.113243761996161,0.028790786948176585,3,5,5,355,16.29787364229728,0,"New & Infrequent (Low R, Low F, Low M)"
3383,2,724,17556347.0,2751.0,18,Foodstuff,Rice (50kg bag),3.7997237569060776,0.024861878453038673,4,5,5,455,16.680926151876783,0,"New & Infrequent (Low R, Low F, Low M)"
3384,3,188,5076431.0,791.0,5,Foodstuff,Eggs (crate of 30),4.207446808510638,0.026595744680851064,4,3,3,433,15.440119210578052,3,"Potential Loyal (Moderate F, Moderate M)"
3385,7,95,1893682.0,344.0,1,Foodstuff,Frozen Mackerel (1kg),3.6210526315789475,0.010526315789473684,2,2,2,222,14.454034168075992,1,"Loyal (High F, High M)"
3386,5,240,5946069.0,853.0,5,Foodstuff,Yam (medium tuber),3.5541666666666667,0.020833333333333332,3,3,3,333,15.598241055091131,3,"Potential Loyal (Moderate F, Moderate M)"
3387,19,126,2235585.0,640.0,10,Foodstuff,Indomie (carton of 24 packs),5.079365079365079,0.07936507936507936,1,2,2,122,14.620013944057124,1,"Loyal (High F, High M)"
3388,1,246,5072470.0,1124.0,9,Foodstuff,Frozen Titus Fish (1kg),4.569105691056911,0.036585365853658534,5,3,3,533,15.439338633563743,3,"Potential Loyal (Moderate F, Moderate M)"
3389,1,346,7313591.0,1266.0,12,Foodstuff,Spaghetti (carton of 12 packs),3.658959537572254,0.03468208092485549,5,4,4,544,15.80524509270647,3,"Potential Loyal (Moderate F, Moderate M)"
3390,9,403,9153820.0,1657.0,13,Foodstuff,Spaghetti (carton of 12 packs),4.11166253101737,0.03225806451612903,2,4,4,244,16.02968194571133,3,"Potential Loyal (Moderate F, Moderate M)"
3391,17,116,2386339.0,677.0,5,Foodstuff,Beef (1kg),5.836206896551724,0.04310344827586207,1,2,2,122,14.685271369392579,1,"Loyal (High F, High M)"
3392,11,55,1178578.0,188.0,0,Foodstuff,Frozen Chicken (1kg),3.418181818181818,0.0,2,1,1,211,13.97982003347734,1,"Loyal (High F, High M)"
3393,6,187,5274436.0,743.0,5,Foodstuff,Red Table Wine (good quality),3.9732620320855614,0.026737967914438502,3,3,3,333,15.478382501772549,3,"Potential Loyal (Moderate F, Moderate M)"
3394,42,37,720314.0,98.0,0,Foodstuff,Beans (paint bucket),2.6486486486486487,0.0,1,1,1,111,13.487443895317018,2,"At Risk (High R, Low F)"
3395,7,611,14946636.0,2536.0,18,Foodstuff,Indomie (carton of 24 packs),4.150572831423895,0.029459901800327332,2,5,5,255,16.519996882663186,0,"New & Infrequent (Low R, Low F, Low M)"
3396,28,138,3173041.0,462.0,5,Foodstuff,Indomie (carton of 24 packs),3.347826086956522,0.036231884057971016,1,2,2,122,14.970201307162254,1,"Loyal (High F, High M)"
3397,12,47,1241791.0,131.0,1,Foodstuff,Beef (1kg),2.7872340425531914,0.02127659574468085,2,1,1,211,14.032066055630944,1,"Loyal (High F, High M)"
3398,65,45,1739001.0,167.0,1,Foodstuff,Spaghetti (carton of 12 packs),3.7111111111111112,0.022222222222222223,1,1,2,112,14.368821943422015,2,"At Risk (High R, Low F)"
3399,2,313,5852209.0,1317.0,13,Foodstuff,Screen Protector,4.207667731629393,0.04153354632587859,4,4,3,443,15.582329925645759,3,"Potential Loyal (Moderate F, Moderate M)"
3400,4,331,7089360.0,1356.0,11,Foodstuff,Eggs (crate of 30),4.096676737160121,0.03323262839879154,3,4,4,344,15.774105767507283,3,"Potential Loyal (Moderate F, Moderate M)"
3401,26,109,2658927.0,578.0,4,Foodstuff,Eggs (crate of 30),5.302752293577981,0.03669724770642202,1,2,2,122,14.79343359200973,1,"Loyal (High F, High M)"
3402,88,42,1065523.0,132.0,1,Foodstuff,Beans (paint bucket),3.142857142857143,0.023809523809523808,1,1,1,111,13.878977254903454,2,"At Risk (High R, Low F)"
3403,4,181,5122986.0,817.0,5,Foodstuff,Beef (1kg),4.513812154696133,0.027624309392265192,3,3,3,333,15.44924822534248,3,"Potential Loyal (Moderate F, Moderate M)"
3404,10,94,1522699.0,290.0,2,Foodstuff,Bread (500g loaf),3.0851063829787235,0.02127659574468085,2,2,2,222,14.235995632828823,1,"Loyal (High F, High M)"
3405,5,349,7740051.0,1184.0,10,Foodstuff,Eggs (crate of 30),3.3925501432664755,0.02865329512893983,3,4,4,344,15.861918963889595,3,"Potential Loyal (Moderate F, Moderate M)"
3406,5,299,7074150.0,1259.0,13,Foodstuff,Beans (paint bucket),4.210702341137123,0.043478260869565216,3,4,4,344,15.771957994292999,3,"Potential Loyal (Moderate F, Moderate M)"
3407,5,111,2193116.0,325.0,1,Foodstuff,Indomie (carton of 24 packs),2.9279279279279278,0.009009009009009009,3,2,2,322,14.600834377550068,1,"Loyal (High F, High M)"
3408,29,75,1739880.0,516.0,9,Foodstuff,Indomie (carton of 24 packs),6.88,0.12,1,2,2,122,14.369327278047356,1,"Loyal (High F, High M)"
3409,3,872,20650677.0,3591.0,26,Foodstuff,Spaghetti (carton of 12 packs),4.118119266055046,0.02981651376146789,4,5,5,455,16.843258709762107,0,"New & Infrequent (Low R, Low F, Low M)"
3410,3,164,3158100.0,641.0,7,Foodstuff,Bread (500g loaf),3.908536585365854,0.042682926829268296,4,3,2,432,14.96548145555356,3,"Potential Loyal (Moderate F, Moderate M)"
3411,2,357,7267188.0,1315.0,8,Foodstuff,Yam (medium tuber),3.683473389355742,0.022408963585434174,4,4,4,444,15.798880117241856,3,"Potential Loyal (Moderate F, Moderate M)"
3412,11,43,1485561.0,263.0,2,Beverages,Baby Formula (400g),6.116279069767442,0.046511627906976744,2,1,2,212,14.211303709802804,1,"Loyal (High F, High M)"
3413,3,236,4742144.0,854.0,10,Foodstuff,Onions (1kg),3.6186440677966103,0.0423728813559322,4,3,3,433,15.372000122955264,3,"Potential Loyal (Moderate F, Moderate M)"
3414,5,35,969709.0,204.0,1,Foodstuff,Screen Protector,5.828571428571428,0.02857142857142857,3,1,1,311,13.784752336707237,1,"Loyal (High F, High M)"
3415,1,197,5501139.0,709.0,5,Foodstuff,Bread (500g loaf),3.598984771573604,0.025380710659898477,5,3,3,533,15.520465901451947,3,"Potential Loyal (Moderate F, Moderate M)"
3416,3,918,19542879.0,3291.0,25,Foodstuff,Spaghetti (carton of 12 packs),3.584967320261438,0.027233115468409588,4,5,5,455,16.78812158368737,0,"New & Infrequent (Low R, Low F, Low M)"
3417,7,111,1952432.0,318.0,2,Foodstuff,Frozen Titus Fish (1kg),2.864864864864865,0.018018018018018018,2,2,2,222,14.484586845126412,1,"Loyal (High F, High M)"
3418,4,48,1102051.0,119.0,0,Foodstuff,Red Table Wine (good quality),2.4791666666666665,0.0,3,1,1,311,13.912684454514578,1,"Loyal (High F, High M)"
3419,4,43,884327.0,111.0,0,Foodstuff,Coca-Cola (2L bottle),2.5813953488372094,0.0,3,1,1,311,13.692583313525175,1,"Loyal (High F, High M)"
3420,2,143,3268309.0,558.0,2,Foodstuff,Rice (50kg bag),3.902097902097902,0.013986013986013986,4,2,2,422,14.999783589704304,3,"Potential Loyal (Moderate F, Moderate M)"
3421,9,62,1867379.0,346.0,3,Foodstuff,Eggs (crate of 30),5.580645161290323,0.04838709677419355,2,1,2,212,14.440046936896426,1,"Loyal (High F, High M)"
3422,14,39,760605.0,111.0,1,Foodstuff,Frozen Chicken Laps,2.8461538461538463,0.02564102564102564,2,1,1,211,13.541870762954254,1,"Loyal (High F, High M)"
3423,1,377,5913748.0,1346.0,11,Foodstuff,Domestic Beer (0.5L bottle),3.570291777188329,0.029177718832891247,5,4,3,543,15.592790536830039,3,"Potential Loyal (Moderate F, Moderate M)"
3424,7,179,2800587.0,588.0,4,Foodstuff,Spaghetti (carton of 12 packs),3.2849162011173183,0.0223463687150838,2,3,2,232,14.845339953098518,3,"Potential Loyal (Moderate F, Moderate M)"
3425,5,103,2249293.0,327.0,0,Foodstuff,Eggs (crate of 30),3.174757281553398,0.0,3,2,2,322,14.626126947164279,1,"Loyal (High F, High M)"
3426,1,631,15405303.0,2309.0,17,Foodstuff,Domestic Beer (0.5L bottle),3.659270998415214,0.02694136291600634,5,5,5,555,16.550222423670842,0,"New & Infrequent (Low R, Low F, Low M)"
3427,77,29,535316.0,102.0,1,Foodstuff,Bar Soap,3.5172413793103448,0.034482758620689655,1,1,1,111,13.190614373769971,2,"At Risk (High R, Low F)"
3428,1,795,19045168.0,3633.0,29,Foodstuff,Indomie (carton of 24 packs),4.569811320754717,0.03647798742138365,5,5,5,555,16.762324031575606,0,"New & Infrequent (Low R, Low F, Low M)"
3429,33,128,2749130.0,543.0,4,Foodstuff,Garri (paint bucket),4.2421875,0.03125,1,2,2,122,14.826795419704233,1,"Loyal (High F, High M)"
3430,1,611,14472976.0,2074.0,11,Foodstuff,Eggs (crate of 30),3.3944353518821604,0.01800327332242226,5,5,5,555,16.487793813452445,0,"New & Infrequent (Low R, Low F, Low M)"
3431,1,304,5462530.0,1122.0,12,Foodstuff,Indomie (carton of 24 packs),3.6907894736842106,0.039473684210526314,5,4,3,543,15.513422793427088,3,"Potential Loyal (Moderate F, Moderate M)"
3432,5,487,10992209.0,1818.0,14,Foodstuff,Frozen Mackerel (1kg),3.7330595482546203,0.028747433264887063,3,5,5,355,16.212697398065266,0,"New & Infrequent (Low R, Low F, Low M)"
3433,1,849,22800691.0,3102.0,25,Foodstuff,Spaghetti (carton of 12 packs),3.6537102473498235,0.02944640753828033,5,5,5,555,16.942301444341282,0,"New & Infrequent (Low R, Low F, Low M)"
3434,7,135,3574624.0,529.0,4,Foodstuff,Garri (paint bucket),3.9185185185185185,0.02962962962962963,2,2,3,223,15.089370833503473,3,"Potential Loyal (Moderate F, Moderate M)"
3435,1,882,20943133.0,3347.0,26,Foodstuff,Frozen Mackerel (1kg),3.7947845804988662,0.02947845804988662,5,5,5,555,16.857321417919426,0,"New & Infrequent (Low R, Low F, Low M)"
3436,3,122,2987552.0,357.0,2,Foodstuff,Maggi Star Cube (4g x 20s),2.9262295081967213,0.01639344262295082,4,2,2,422,14.909965215650315,3,"Potential Loyal (Moderate F, Moderate M)"
3437,21,123,2785442.0,515.0,4,Foodstuff,Frozen Chicken Laps,4.186991869918699,0.032520325203252036,1,2,2,122,14.839917485121088,1,"Loyal (High F, High M)"
3438,4,125,1764075.0,317.0,1,Foodstuff,Beef (1kg),2.536,0.008,3,2,2,322,14.383137598521015,1,"Loyal (High F, High M)"
3439,2,281,5977702.0,1187.0,9,Foodstuff,Beef (1kg),4.224199288256227,0.03202846975088968,4,4,3,443,15.603546938423872,3,"Potential Loyal (Moderate F, Moderate M)"
3440,12,51,1121102.0,132.0,1,Beverages,Spaghetti (carton of 12 packs),2.588235294117647,0.0196078431372549,2,1,1,211,13.929823580081374,1,"Loyal (High F, High M)"
3441,2,244,5114696.0,993.0,9,Beverages,Indomie (carton of 24 packs),4.069672131147541,0.036885245901639344,4,3,3,433,15.447628718076595,3,"Potential Loyal (Moderate F, Moderate M)"
3442,3,245,5442971.0,809.0,3,Foodstuff,Bread (500g loaf),3.3020408163265307,0.012244897959183673,4,3,3,433,15.50983579318117,3,"Potential Loyal (Moderate F, Moderate M)"
3443,5,471,12608272.0,1965.0,19,Foodstuff,Phone Charger,4.171974522292993,0.040339702760084924,3,4,5,345,16.349863743764157,0,"New & Infrequent (Low R, Low F, Low M)"
3444,1,489,11054186.0,2410.0,20,Foodstuff,Frozen Mackerel (1kg),4.928425357873211,0.0408997955010225,5,5,5,555,16.218319828185393,0,"New & Infrequent (Low R, Low F, Low M)"
3445,1,173,3217928.0,580.0,3,Foodstuff,Frozen Chicken Laps,3.352601156069364,0.017341040462427744,5,3,2,532,14.984248542897653,3,"Potential Loyal (Moderate F, Moderate M)"
3446,22,118,2572656.0,567.0,4,Foodstuff,Eggs (crate of 30),4.805084745762712,0.03389830508474576,1,2,2,122,14.760449774954415,1,"Loyal (High F, High M)"
3447,19,104,2258388.0,332.0,2,Foodstuff,Spaghetti (carton of 12 packs),3.1923076923076925,0.019230769230769232,1,2,2,122,14.63016228520463,1,"Loyal (High F, High M)"
3448,19,74,2143520.0,255.0,2,Foodstuff,Garri (paint bucket),3.445945945945946,0.02702702702702703,1,2,2,122,14.57796036203306,1,"Loyal (High F, High M)"
3449,12,45,616426.0,132.0,1,Beverages,Spaghetti (carton of 12 packs),2.933333333333333,0.022222222222222223,2,1,1,211,13.33169518419429,1,"Loyal (High F, High M)"
3450,13,113,2135294.0,486.0,5,Foodstuff,Spaghetti (carton of 12 packs),4.300884955752212,0.04424778761061947,2,2,2,222,14.574115368401918,1,"Loyal (High F, High M)"
3451,2,93,2114918.0,379.0,3,Foodstuff,Power Bank,4.075268817204301,0.03225806451612903,4,2,2,422,14.564527071856793,1,"Loyal (High F, High M)"
3452,3,989,22724734.0,3249.0,18,Foodstuff,Spaghetti (carton of 12 packs),3.2851365015166833,0.01820020222446916,4,5,5,455,16.93896453679371,0,"New & Infrequent (Low R, Low F, Low M)"
3453,4,247,4400867.0,1009.0,9,Foodstuff,Cowbell Vitarich Cream (12g sachet),4.08502024291498,0.03643724696356275,3,3,3,333,15.297312352160057,3,"Potential Loyal (Moderate F, Moderate M)"
3454,9,119,2719557.0,601.0,3,Foodstuff,Beef (1kg),5.050420168067227,0.025210084033613446,2,2,2,222,14.815979925067625,1,"Loyal (High F, High M)"
3455,1,270,4787889.0,982.0,8,Foodstuff,Spaghetti (carton of 12 packs),3.637037037037037,0.02962962962962963,5,3,3,533,15.381600371294171,3,"Potential Loyal (Moderate F, Moderate M)"
3456,8,44,794084.0,113.0,0,Foodstuff,Frozen Titus Fish (1kg),2.5681818181818183,0.0,2,1,1,211,13.584945787396245,1,"Loyal (High F, High M)"
3457,14,155,2660231.0,527.0,2,Foodstuff,Frozen Titus Fish (1kg),3.4,0.012903225806451613,2,3,2,232,14.793923894999722,1,"Loyal (High F, High M)"
3458,2,292,5593871.0,1046.0,7,Foodstuff,Screen Protector,3.5821917808219177,0.023972602739726026,4,4,3,443,15.537182270823333,3,"Potential Loyal (Moderate F, Moderate M)"
3459,1,200,4813976.0,786.0,10,Foodstuff,Indomie (carton of 24 packs),3.93,0.05,5,3,3,533,15.387034119582125,3,"Potential Loyal (Moderate F, Moderate M)"
3460,23,171,3841314.0,789.0,8,Foodstuff,Frozen Chicken Laps,4.614035087719298,0.04678362573099415,1,3,3,133,15.161325313858672,1,"Loyal (High F, High M)"
3461,1,887,20223456.0,3461.0,33,Foodstuff,Frozen Titus Fish (1kg),3.9019165727170235,0.03720405862457723,5,5,5,555,16.822353726280298,0,"New & Infrequent (Low R, Low F, Low M)"
3462,2,626,13337177.0,2379.0,19,Foodstuff,Indomie (carton of 24 packs),3.8003194888178915,0.03035143769968051,4,5,5,455,16.406066031845228,0,"New & Infrequent (Low R, Low F, Low M)"
3463,2,292,5857763.0,1110.0,8,Foodstuff,Beans (paint bucket),3.8013698630136985,0.0273972602739726,4,4,3,443,15.583278518770982,3,"Potential Loyal (Moderate F, Moderate M)"
3464,7,211,3483557.0,758.0,10,Foodstuff,Beans (paint bucket),3.5924170616113744,0.04739336492890995,2,3,3,233,15.063564743234759,3,"Potential Loyal (Moderate F, Moderate M)"
3465,3,291,5250680.0,998.0,7,Foodstuff,Tomatoes (1kg),3.429553264604811,0.024054982817869417,4,4,3,443,15.473868340441351,3,"Potential Loyal (Moderate F, Moderate M)"
3466,43,50,1035923.0,165.0,1,Foodstuff,Beans (paint bucket),3.3,0.02,1,1,1,111,13.850804340037298,2,"At Risk (High R, Low F)"
3467,5,153,2585686.0,592.0,5,Foodstuff,Milk (1 litre),3.869281045751634,0.032679738562091505,3,3,2,332,14.765501794638876,1,"Loyal (High F, High M)"
3468,16,40,377913.0,110.0,2,Beverages,Coca-Cola (2L bottle),2.75,0.05,1,1,1,111,12.842421935489151,1,"Loyal (High F, High M)"
3469,3,223,3897695.0,796.0,9,Foodstuff,Garri (paint bucket),3.569506726457399,0.04035874439461883,4,3,3,433,15.175896167296205,3,"Potential Loyal (Moderate F, Moderate M)"
3470,1,245,5239087.0,1106.0,9,Foodstuff,Power Bank,4.514285714285714,0.036734693877551024,5,3,3,533,15.47165799534797,3,"Potential Loyal (Moderate F, Moderate M)"
3471,15,65,1266030.0,264.0,1,Foodstuff,Garri (paint bucket),4.061538461538461,0.015384615384615385,2,2,1,221,14.051397367958348,1,"Loyal (High F, High M)"
3472,1,861,17050748.0,3075.0,22,Foodstuff,Onions (1kg),3.5714285714285716,0.025551684088269456,5,5,5,555,16.651704690347692,0,"New & Infrequent (Low R, Low F, Low M)"
3473,3,697,15669738.0,2465.0,18,Foodstuff,Domestic Beer (0.5L bottle),3.5365853658536586,0.02582496413199426,4,5,5,455,16.56724195816286,0,"New & Infrequent (Low R, Low F, Low M)"
3474,1,392,7300950.0,2074.0,18,Foodstuff,Onions (1kg),5.290816326530612,0.04591836734693878,5,4,4,544,15.803515171606305,3,"Potential Loyal (Moderate F, Moderate M)"
3475,6,201,5605040.0,792.0,4,Foodstuff,Beans (paint bucket),3.9402985074626864,0.01990049751243781,3,3,3,333,15.539176929359057,3,"Potential Loyal (Moderate F, Moderate M)"
3476,5,579,13792148.0,2086.0,15,Foodstuff,Garri (paint bucket),3.602763385146805,0.025906735751295335,3,5,5,355,16.439610075191524,0,"New & Infrequent (Low R, Low F, Low M)"
3477,62,26,578206.0,120.0,1,Foodstuff,Cowbell Vitarich Cream (12g sachet),4.615384615384615,0.038461538461538464,1,1,1,111,13.26768721502863,2,"At Risk (High R, Low F)"
3478,7,458,8381227.0,1853.0,19,Foodstuff,Frozen Chicken (1kg),4.045851528384279,0.04148471615720524,2,4,4,244,15.941505001101895,3,"Potential Loyal (Moderate F, Moderate M)"
3479,10,56,1709226.0,161.0,0,Foodstuff,Beef (1kg),2.875,0.0,2,1,2,212,14.351551779491269,1,"Loyal (High F, High M)"
3480,5,439,10337400.0,1719.0,17,Foodstuff,Spaghetti (carton of 12 packs),3.915717539863326,0.0387243735763098,3,4,4,344,16.15127904148467,3,"Potential Loyal (Moderate F, Moderate M)"
3481,20,85,1351131.0,233.0,1,Foodstuff,Indomie (carton of 24 packs),2.7411764705882353,0.011764705882352941,1,2,1,121,14.116453317572878,1,"Loyal (High F, High M)"
3482,1,527,10496191.0,1995.0,20,Foodstuff,Spaghetti (carton of 12 packs),3.7855787476280836,0.03795066413662239,5,5,4,554,16.166523082681625,0,"New & Infrequent (Low R, Low F, Low M)"
3483,1,903,20514498.0,4030.0,28,Foodstuff,Eggs (crate of 30),4.462901439645626,0.031007751937984496,5,5,5,555,16.83664246240497,0,"New & Infrequent (Low R, Low F, Low M)"
3484,15,42,1997909.0,279.0,1,Foodstuff,Eggs (crate of 30),6.642857142857143,0.023809523809523808,2,1,2,212,14.507612192131033,1,"Loyal (High F, High M)"
3485,2,211,6087032.0,804.0,3,Foodstuff,Baby Formula (400g),3.81042654028436,0.014218009478672985,4,3,4,434,15.621671328851214,3,"Potential Loyal (Moderate F, Moderate M)"
3486,2,802,16298316.0,3052.0,20,Foodstuff,Indomie (carton of 24 packs),3.8054862842892767,0.02493765586034913,4,5,5,455,16.60657240891244,0,"New & Infrequent (Low R, Low F, Low M)"
3487,2,167,3394521.0,565.0,4,Foodstuff,Spaghetti (carton of 12 packs),3.3832335329341316,0.023952095808383235,4,3,3,433,15.03767351377516,3,"Potential Loyal (Moderate F, Moderate M)"
3488,1,667,14912926.0,2256.0,14,Foodstuff,Spaghetti (carton of 12 packs),3.3823088455772115,0.020989505247376312,5,5,5,555,16.517738978674934,0,"New & Infrequent (Low R, Low F, Low M)"
3489,2,270,5869051.0,1272.0,11,Foodstuff,Baby Diapers (bulk 92 pcs),4.711111111111111,0.040740740740740744,4,3,3,433,15.585203679613675,3,"Potential Loyal (Moderate F, Moderate M)"
3490,2,105,1156846.0,347.0,5,Foodstuff,Baby Wipes,3.3047619047619046,0.047619047619047616,4,2,1,421,13.961208758883558,1,"Loyal (High F, High M)"
3491,7,113,1910037.0,369.0,2,Foodstuff,Coca-Cola (2L bottle),3.265486725663717,0.017699115044247787,2,2,2,222,14.462633695112862,1,"Loyal (High F, High M)"
3492,16,59,1102777.0,203.0,2,Beverages,Bread (500g loaf),3.440677966101695,0.03389830508474576,1,1,1,111,13.913343008712623,1,"Loyal (High F, High M)"
3493,1,380,7286450.0,1338.0,10,Foodstuff,Indomie (carton of 24 packs),3.5210526315789474,0.02631578947368421,5,4,4,544,15.801527154168301,3,"Potential Loyal (Moderate F, Moderate M)"
3494,8,132,2789380.0,545.0,6,Foodstuff,Beef (1kg),4.128787878787879,0.045454545454545456,2,2,2,222,14.841330265382851,1,"Loyal (High F, High M)"
3495,1,246,5866310.0,830.0,4,Foodstuff,Beef (1kg),3.3739837398373984,0.016260162601626018,5,3,3,533,15.584736544502501,3,"Potential Loyal (Moderate F, Moderate M)"
3496,6,185,3781288.0,781.0,4,Foodstuff,Garri (paint bucket),4.221621621621622,0.021621621621621623,3,3,3,333,15.145575514757686,3,"Potential Loyal (Moderate F, Moderate M)"
3497,6,259,6573332.0,1073.0,12,Foodstuff,Spaghetti (carton of 12 packs),4.142857142857143,0.04633204633204633,3,3,4,334,15.698531567760714,3,"Potential Loyal (Moderate F, Moderate M)"
3498,2,573,15731473.0,2184.0,13,Foodstuff,Frozen Mackerel (1kg),3.81151832460733,0.02268760907504363,4,5,5,455,16.571173976938006,0,"New & Infrequent (Low R, Low F, Low M)"
3499,1,1017,24827432.0,4783.0,38,Foodstuff,Cowbell Vitarich Cream (12g sachet),4.703048180924287,0.03736479842674533,5,5,5,555,17.02745976913553,0,"New & Infrequent (Low R, Low F, Low M)"
3500,25,163,4282271.0,659.0,4,Foodstuff,Frozen Titus Fish (1kg),4.042944785276074,0.024539877300613498,1,3,3,133,15.26999426783317,1,"Loyal (High F, High M)"
